id,uniprot_id,stage2_rank,peak_rank,residue_index,aa,attention,gradient,ablation_delta,combined,smoothed,in_site
Q8TF76_Q301L,Q8TF76,8,1,1,M,0.0003965035,0.0011021745,0.000148773193359375,0.3283208020050125,0.6136173767752715,False
Q8TF76_Q301L,Q8TF76,8,1,2,A,0.0015911015,0.004736236,0.000148773193359375,0.7493734335839598,0.6094402673350041,False
Q8TF76_Q301L,Q8TF76,8,1,3,A,0.0019555495,0.0048411973,0.000148773193359375,0.7631578947368421,0.569423558897243,False
Q8TF76_Q301L,Q8TF76,8,1,4,S,0.00083387416,0.002267202,0.000148773193359375,0.5969089390142022,0.556641604010025,False
Q8TF76_Q301L,Q8TF76,8,1,5,L,0.00043325158,0.001816245,0.000148773193359375,0.40935672514619875,0.47485380116959064,False
Q8TF76_Q301L,Q8TF76,8,1,6,P,0.00055255095,0.00092898816,-0.0025491714477539062,0.26441102756892226,0.35012531328320795,False
Q8TF76_Q301L,Q8TF76,8,1,7,G,0.000396821,0.0029617702,-0.0025491714477539062,0.3404344193817878,0.26925647451963236,False
Q8TF76_Q301L,Q8TF76,8,1,8,P,0.00039448912,0.0005584918,-0.0025491714477539062,0.13951545530492898,0.23074352548036758,False
Q8TF76_Q301L,Q8TF76,8,1,9,G,0.00041784925,0.00086395466,-0.0025491714477539062,0.19256474519632413,0.21595655806182118,False
Q8TF76_Q301L,Q8TF76,8,1,10,S,0.0004486218,0.0009336315,-0.0025491714477539062,0.21679197994987467,0.258312447786132,False
Q8TF76_Q301L,Q8TF76,8,1,11,R,0.00047407232,0.0007203177,-0.004195213317871094,0.19047619047619047,0.3216374269005847,False
Q8TF76_Q301L,Q8TF76,8,1,12,L,0.00082383567,0.005296462,-0.006367206573486328,0.5522138680033417,0.36449456975772765,False
Q8TF76_Q301L,Q8TF76,8,1,13,F,0.00092812587,0.0014907512,-0.006367206573486328,0.4561403508771929,0.45522138680033414,False
Q8TF76_Q301L,Q8TF76,8,1,14,R,0.000752416,0.0014490043,-0.006367206573486328,0.4068504594820384,0.4835421888053467,False
Q8TF76_Q301L,Q8TF76,8,1,15,T,0.0011968482,0.019004114,-0.006367206573486328,0.6704260651629074,0.5050960735171262,False
Q8TF76_Q301L,Q8TF76,8,1,16,Y,0.0006518452,0.0011090318,-0.0042069753011067705,0.33208020050125314,0.5267335004177109,False
Q8TF76_Q301L,Q8TF76,8,1,17,G,0.0013242628,0.010624447,-0.0036869049072265625,0.6599832915622389,0.5398496240601505,False
Q8TF76_Q301L,Q8TF76,8,1,18,A,0.0010011353,0.0033233024,-0.0036869049072265625,0.564327485380117,0.4489557226399333,False
Q8TF76_Q301L,Q8TF76,8,1,19,A,0.00082107575,0.002038704,-0.0036869049072265625,0.4724310776942356,0.43091060985797824,False
Q8TF76_Q301L,Q8TF76,8,1,20,D,0.00036709968,0.001146212,-0.0036869049072265625,0.21595655806182124,0.36754385964912284,False
Q8TF76_Q301L,Q8TF76,8,1,21,G,0.00047219396,0.0010515032,-0.0020051002502441406,0.24185463659147868,0.33241436925647455,False
Q8TF76_Q301L,Q8TF76,8,1,22,R,0.00048378884,0.00087244064,0.0007359981536865234,0.3431495405179616,0.291436925647452,False
Q8TF76_Q301L,Q8TF76,8,1,23,R,0.0005592091,0.0009291366,0.0007359981536865234,0.38868003341687557,0.316374269005848,False
Q8TF76_Q301L,Q8TF76,8,1,24,Q,0.0004014229,0.00063869427,0.0007359981536865234,0.2675438596491228,0.33308270676691726,False
Q8TF76_Q301L,Q8TF76,8,1,25,R,0.00051801465,0.0007354272,0.0007359981536865234,0.34064327485380114,0.3133249791144528,False
Q8TF76_Q301L,Q8TF76,8,1,26,R,0.00066435256,0.0010132226,-0.0004951159159342448,0.3253968253968254,0.3015037593984962,False
Q8TF76_Q301L,Q8TF76,8,1,27,P,0.00057333976,0.0007278638,-0.0007994174957275391,0.24436090225563908,0.285421888053467,False
Q8TF76_Q301L,Q8TF76,8,1,28,G,0.000487412,0.0018898795,-0.0007994174957275391,0.32957393483709274,0.310609857978279,False
Q8TF76_Q301L,Q8TF76,8,1,29,R,0.0005123398,0.00051234744,-0.0007994174957275391,0.1871345029239766,0.2897243107769424,False
Q8TF76_Q301L,Q8TF76,8,1,30,E,0.0009787411,0.0014462661,-0.0007994174957275391,0.4665831244778613,0.3252297410192147,False
Q8TF76_Q301L,Q8TF76,8,1,31,A,0.0005689734,0.00058499473,-0.0015773773193359375,0.220969089390142,0.29757727652464494,False
Q8TF76_Q301L,Q8TF76,8,1,32,A,0.00088641024,0.0012109801,-0.003045320510864258,0.42188805346700087,0.3514619883040936,False
Q8TF76_Q301L,Q8TF76,8,1,33,Q,0.000511759,0.0005621577,-0.003045320510864258,0.1913116123642439,0.38955722639933166,False
Q8TF76_Q301L,Q8TF76,8,1,34,W,0.0008879658,0.0015622606,-0.003045320510864258,0.4565580618212197,0.3834586466165414,False
Q8TF76_Q301L,Q8TF76,8,1,35,F,0.0013790946,0.007921432,-0.003045320510864258,0.6570593149540518,0.3384294068504595,False
Q8TF76_Q301L,Q8TF76,8,1,36,P,0.00046868555,0.00072346564,-0.0018038749694824219,0.19047619047619047,0.3282372598162072,False
Q8TF76_Q301L,Q8TF76,8,1,37,P,0.00048446853,0.0007227462,-0.0012271404266357422,0.19674185463659147,0.3227234753550543,False
Q8TF76_Q301L,Q8TF76,8,1,38,Q,0.00040447165,0.0005455349,-0.0012271404266357422,0.14035087719298245,0.2842940685045948,False
Q8TF76_Q301L,Q8TF76,8,1,39,D,0.000707157,0.0018669086,-0.0012271404266357422,0.42898913951545525,0.33500417710944025,False
Q8TF76_Q301L,Q8TF76,8,1,40,R,0.0010472236,0.0012976392,-0.0012271404266357422,0.46491228070175433,0.420843776106934,False
Q8TF76_Q301L,Q8TF76,8,1,41,R,0.0007113137,0.00082403823,0.0008060137430826823,0.4440267335004177,0.522890559732665,False
Q8TF76_Q301L,Q8TF76,8,1,42,R,0.0008782273,0.0020083277,0.0027756690979003906,0.6259398496240601,0.5187552213868004,False
Q8TF76_Q301L,Q8TF76,8,1,43,F,0.000928907,0.0022798793,0.0027756690979003906,0.6505847953216375,0.5839598997493735,False
Q8TF76_Q301L,Q8TF76,8,1,44,F,0.0005562093,0.00093804137,0.0027756690979003906,0.408312447786132,0.6413533834586466,False
Q8TF76_Q301L,Q8TF76,8,1,45,N,0.0019740337,0.004665673,0.0027756690979003906,0.7909356725146198,0.6573934837092732,False
Q8TF76_Q301L,Q8TF76,8,1,46,S,0.0009615095,0.0060405205,0.0023775100708007812,0.7309941520467836,0.6202172096908939,False
Q8TF76_Q301L,Q8TF76,8,1,47,S,0.0009553701,0.003724154,0.003226757049560547,0.706140350877193,0.6810359231411862,False
Q8TF76_Q301L,Q8TF76,8,1,48,G,0.00048960914,0.0017697656,0.003226757049560547,0.464703425229741,0.6484544695071011,False
Q8TF76_Q301L,Q8TF76,8,1,49,S,0.00082829065,0.0071118893,0.003226757049560547,0.712406015037594,0.5722639933166248,False
Q8TF76_Q301L,Q8TF76,8,1,50,S,0.0007983904,0.0024535356,0.003226757049560547,0.6280284043441938,0.5429406850459483,False
Q8TF76_Q301L,Q8TF76,8,1,51,D,0.0004901576,0.00081845856,0.001995722452799479,0.35004177109440265,0.5721804511278196,False
Q8TF76_Q301L,Q8TF76,8,1,52,A,0.00074790925,0.0019263444,0.0005574226379394531,0.5595238095238095,0.4875522138680034,False
Q8TF76_Q301L,Q8TF76,8,1,53,S,0.0007233952,0.003549698,0.0005574226379394531,0.6109022556390977,0.4396825396825396,False
Q8TF76_Q301L,Q8TF76,8,1,54,I,0.00044611449,0.00071698846,0.0005574226379394531,0.28926482873851295,0.5048454469507101,False
Q8TF76_Q301L,Q8TF76,8,1,55,G,0.0005717534,0.000925133,0.0005574226379394531,0.38868003341687557,0.47560568086883875,False
Q8TF76_Q301L,Q8TF76,8,1,56,D,0.0008382003,0.0041382485,0.0020716985066731772,0.6758563074352547,0.41086048454469504,False
Q8TF76_Q301L,Q8TF76,8,1,57,P,0.0005870605,0.0009169771,0.0023169517517089844,0.4133249791144528,0.4720133667502088,False
Q8TF76_Q301L,Q8TF76,8,1,58,S,0.00032180132,0.00073979166,0.0023169517517089844,0.28717627401837925,0.48178780284043443,False
Q8TF76_Q301L,Q8TF76,8,1,59,Q,0.0008893814,0.001590608,0.0023169517517089844,0.5950292397660819,0.43124477861319965,False
Q8TF76_Q301L,Q8TF76,8,1,60,S,0.00046018488,0.0017101141,0.0023169517517089844,0.4375522138680033,0.4917293233082707,False
Q8TF76_Q301L,Q8TF76,8,1,61,D,0.00037069165,0.0012448065,0.02292156219482422,0.42314118629908104,0.6155388471177945,False
Q8TF76_Q301L,Q8TF76,8,1,62,D,0.00075491227,0.0040089097,0.034615516662597656,0.7157477025898079,0.5831244778613199,False
Q8TF76_Q301L,Q8TF76,8,1,63,P,0.0034630208,0.010959045,0.034615516662597656,0.9062238930659984,0.6695071010860485,False
Q8TF76_Q301L,Q8TF76,8,1,64,D,0.00036243637,0.0012816685,0.034615516662597656,0.43295739348370926,0.7732664995822891,False
Q8TF76_Q301L,Q8TF76,8,1,65,D,0.0012448019,0.015901927,0.034615516662597656,0.8694653299916458,0.7320802005012531,False
Q8TF76_Q301L,Q8TF76,8,1,66,P,0.005101052,0.018484192,0.04560391108194987,0.941938178780284,0.7246449456975773,False
Q8TF76_Q301L,Q8TF76,8,1,67,D,0.00044776272,0.0016519713,0.06585574150085449,0.5098162071846283,0.8343358395989975,False
Q8TF76_Q301L,Q8TF76,8,1,68,D,0.0012460331,0.009249413,0.06585574150085449,0.8690476190476191,0.7567251461988305,False
Q8TF76_Q301L,Q8TF76,8,1,69,P,0.007397102,0.07483741,0.06585574150085449,0.9814118629908104,0.722890559732665,False
Q8TF76_Q301L,Q8TF76,8,1,70,D,0.0005051151,0.0010980588,0.06585574150085449,0.48141186299081035,0.8094402673350043,False
Q8TF76_Q301L,Q8TF76,8,1,71,F,0.0009331681,0.0037941083,0.046036879221598305,0.772765246449457,0.7919799498746867,False
Q8TF76_Q301L,Q8TF76,8,1,72,P,0.0039283372,0.027208677,0.03698992729187012,0.9425647451963242,0.7532163742690059,False
Q8TF76_Q301L,Q8TF76,8,1,73,G,0.0008683431,0.00679699,0.03698992729187012,0.7817460317460317,0.8026733500417711,False
Q8TF76_Q301L,Q8TF76,8,1,74,S,0.0008390171,0.009566137,0.03698992729187012,0.7875939849624061,0.7112781954887218,False
Q8TF76_Q301L,Q8TF76,8,1,75,P,0.00092925114,0.002643324,0.03698992729187012,0.7286967418546366,0.6134502923976608,False
Q8TF76_Q301L,Q8TF76,8,1,76,V,0.00029908912,0.00049704674,0.02337805430094401,0.3157894736842105,0.5750208855472014,False
Q8TF76_Q301L,Q8TF76,8,1,77,R,0.0006686365,0.0010098708,0.0012767314910888672,0.4534252297410191,0.5175438596491228,False
Q8TF76_Q301L,Q8TF76,8,1,78,R,0.00083161605,0.0017961184,0.0012767314910888672,0.5895989974937342,0.4589807852965747,False
Q8TF76_Q301L,Q8TF76,8,1,79,R,0.00066188537,0.0014470847,0.0012767314910888672,0.5002088554720133,0.43224728487886377,False
Q8TF76_Q301L,Q8TF76,8,1,80,R,0.00057818525,0.001144468,0.0012767314910888672,0.4358813700918964,0.40179615705931493,False
Q8TF76_Q301L,Q8TF76,8,1,81,R,0.00047419238,0.0006612056,-0.0031250317891438804,0.1821219715956558,0.31687552213868,False
Q8TF76_Q301L,Q8TF76,8,1,82,R,0.00062413147,0.0009742354,-0.007887125015258789,0.3011695906432748,0.26938178780284044,False
Q8TF76_Q301L,Q8TF76,8,1,83,P,0.00047510542,0.000475466,-0.007887125015258789,0.16499582289055972,0.2314954051796157,False
Q8TF76_Q301L,Q8TF76,8,1,84,G,0.00045244518,0.0012844001,-0.007887125015258789,0.2627401837928154,0.23784461152882205,False
Q8TF76_Q301L,Q8TF76,8,1,85,G,0.0004405372,0.0012065169,-0.007887125015258789,0.24644945697577278,0.21411862990810357,False
Q8TF76_Q301L,Q8TF76,8,1,86,R,0.0005671401,0.00051476737,-0.01109457015991211,0.21386800334168754,0.23149540517961573,False
Q8TF76_Q301L,Q8TF76,8,1,87,V,0.000382463,0.0008609616,-0.014719009399414062,0.18253968253968253,0.2111946532999165,False
Q8TF76_Q301L,Q8TF76,8,1,88,P,0.00062069827,0.00067882007,-0.014719009399414062,0.2518796992481203,0.3138680033416875,False
Q8TF76_Q301L,Q8TF76,8,1,89,K,0.00047911986,0.00038537924,-0.014719009399414062,0.16123642439431912,0.29490392648287383,False
Q8TF76_Q301L,Q8TF76,8,1,90,D,0.009124176,0.044345308,-0.014719009399414062,0.7598162071846283,0.3361737677527151,False
Q8TF76_Q301L,Q8TF76,8,1,91,R,0.00035039082,0.00039776196,-0.01119391123453776,0.11904761904761903,0.34461152882205515,False
Q8TF76_Q301L,Q8TF76,8,1,92,P,0.00064377143,0.0017207899,-0.010826587677001953,0.38888888888888884,0.4347535505430242,False
Q8TF76_Q301L,Q8TF76,8,1,93,S,0.00045842677,0.001593951,-0.010826587677001953,0.29406850459482037,0.368922305764411,False
Q8TF76_Q301L,Q8TF76,8,1,94,L,0.0009285047,0.013105508,-0.010826587677001953,0.6119465329991646,0.4394319131161236,False
Q8TF76_Q301L,Q8TF76,8,1,95,T,0.0005343256,0.004519852,-0.010826587677001953,0.43065998329156224,0.5352130325814536,False
Q8TF76_Q301L,Q8TF76,8,1,96,V,0.00044689942,0.0027422456,0.0009002685546875,0.47159565580618207,0.5764411027568922,False
Q8TF76_Q301L,Q8TF76,8,1,97,T,0.0017388616,0.01617801,0.010105133056640625,0.8677944862155389,0.525438596491228,False
Q8TF76_Q301L,Q8TF76,8,1,98,P,0.00059537985,0.001265233,0.010105133056640625,0.5002088554720133,0.5179615705931495,False
Q8TF76_Q301L,Q8TF76,8,1,99,K,0.0004368352,0.00076749956,0.010105133056640625,0.35693400167084377,0.5814536340852131,False
Q8TF76_Q301L,Q8TF76,8,1,100,R,0.00050045614,0.000808706,0.010105133056640625,0.3932748538011696,0.5949039264828738,False
Q8TF76_Q301L,Q8TF76,8,1,101,W,0.0013679215,0.0035720563,0.01281595230102539,0.7890559732664996,0.626482873851295,False
Q8TF76_Q301L,Q8TF76,8,1,102,K,0.0036329564,0.03573294,0.021295785903930664,0.935045948203843,0.6283208020050125,False
Q8TF76_Q301L,Q8TF76,8,1,103,L,0.0007234587,0.0025403285,0.021295785903930664,0.6581035923141186,0.7311612364243942,False
Q8TF76_Q301L,Q8TF76,8,1,104,R,0.00045174357,0.0006707662,0.021295785903930664,0.3661236424394319,0.6320802005012531,False
Q8TF76_Q301L,Q8TF76,8,1,105,A,0.0029489533,0.016407156,0.021295785903930664,0.9074770258980784,0.5398496240601502,False
Q8TF76_Q301L,Q8TF76,8,1,106,R,0.00030668883,0.0004484329,0.012557029724121094,0.29365079365079366,0.5100250626566416,False
Q8TF76_Q301L,Q8TF76,8,1,107,P,0.0005164768,0.001503724,0.0066585540771484375,0.47389306599832914,0.5654135338345865,False
Q8TF76_Q301L,Q8TF76,8,1,108,S,0.0005013527,0.0021117665,0.0066585540771484375,0.5089807852965748,0.5099415204678363,False
Q8TF76_Q301L,Q8TF76,8,1,109,L,0.00065522874,0.004529198,0.0066585540771484375,0.6430659983291562,0.561654135338346,False
Q8TF76_Q301L,Q8TF76,8,1,110,T,0.00059827365,0.005396768,0.0066585540771484375,0.6301169590643275,0.5970342522974101,False
Q8TF76_Q301L,Q8TF76,8,1,111,V,0.0005094923,0.0037343164,0.003624439239501953,0.5522138680033417,0.5489557226399332,False
Q8TF76_Q301L,Q8TF76,8,1,112,T,0.001152827,0.0127714425,-0.0036821365356445312,0.6507936507936508,0.4795739348370927,False
Q8TF76_Q301L,Q8TF76,8,1,113,P,0.00051956694,0.0010519089,-0.0036821365356445312,0.26858813700918965,0.3970760233918128,False
Q8TF76_Q301L,Q8TF76,8,1,114,R,0.00065984693,0.00082218676,-0.0036821365356445312,0.296157059314954,0.36048454469507096,False
Q8TF76_Q301L,Q8TF76,8,1,115,R,0.00051605346,0.0007291995,-0.0036821365356445312,0.21762740183792814,0.349874686716792,False
Q8TF76_Q301L,Q8TF76,8,1,116,L,0.000576073,0.0017774131,-0.0038352012634277344,0.36925647451963234,0.377109440267335,False
Q8TF76_Q301L,Q8TF76,8,1,117,G,0.0011872565,0.0035838543,-0.003292560577392578,0.5977443609022557,0.3710944026733501,False
Q8TF76_Q301L,Q8TF76,8,1,118,L,0.0006253141,0.0021340116,-0.003292560577392578,0.4047619047619048,0.4648287385129491,False
Q8TF76_Q301L,Q8TF76,8,1,119,R,0.0005351941,0.0009762396,-0.003292560577392578,0.2660818713450292,0.41253132832080197,False
Q8TF76_Q301L,Q8TF76,8,1,120,A,0.0020429979,0.009483562,-0.003292560577392578,0.6862990810359232,0.34578111946533,False
Q8TF76_Q301L,Q8TF76,8,1,121,R,0.0002826651,0.00032182623,-0.00454250971476237,0.10776942355889724,0.34310776942355886,False
Q8TF76_Q301L,Q8TF76,8,1,122,P,0.00048252541,0.0012027043,-0.005591869354248047,0.26399331662489556,0.33542188805346695,False
Q8TF76_Q301L,Q8TF76,8,1,123,P,0.00082317984,0.0011086148,-0.005591869354248047,0.39139515455304924,0.3383458646616541,False
Q8TF76_Q301L,Q8TF76,8,1,124,Q,0.00053490646,0.00073419453,-0.005591869354248047,0.22765246449456975,0.4369256474519633,False
Q8TF76_Q301L,Q8TF76,8,1,125,K,0.0022000102,0.014052957,-0.005591869354248047,0.7009189640768588,0.5160401002506265,False
Q8TF76_Q301L,Q8TF76,8,1,126,C,0.0017321673,0.002693551,-0.004841009775797526,0.6006683375104428,0.5037593984962406,False
Q8TF76_Q301L,Q8TF76,8,1,127,S,0.0015608342,0.006929732,-0.005190849304199219,0.6595655806182122,0.5054302422723476,False
Q8TF76_Q301L,Q8TF76,8,1,128,T,0.00043881233,0.002349013,-0.005190849304199219,0.32999164578111945,0.42230576441102763,False
Q8TF76_Q301L,Q8TF76,8,1,129,P,0.0005695845,0.0006966743,-0.005190849304199219,0.23600668337510444,0.3819548872180451,False
Q8TF76_Q301L,Q8TF76,8,1,130,C,0.0006310964,0.00083422574,-0.005190849304199219,0.285296574770259,0.2957393483709273,False
Q8TF76_Q301L,Q8TF76,8,1,131,G,0.00066967454,0.0016838299,-0.00441741943359375,0.3989139515455305,0.2598997493734335,False
Q8TF76_Q301L,Q8TF76,8,1,132,P,0.0005985046,0.00053872983,-0.0031049251556396484,0.2284878863826232,0.25781119465329994,False
Q8TF76_Q301L,Q8TF76,8,1,133,L,0.00041403156,0.0006399861,-0.0031049251556396484,0.15079365079365079,0.2841269841269841,False
Q8TF76_Q301L,Q8TF76,8,1,134,R,0.0006025902,0.00046320743,-0.0031049251556396484,0.22556390977443608,0.2405179615705931,False
Q8TF76_Q301L,Q8TF76,8,1,135,L,0.0005599901,0.0030645293,-0.0031049251556396484,0.41687552213868,0.23792815371762738,False
Q8TF76_Q301L,Q8TF76,8,1,136,P,0.000436958,0.00074889726,-0.002306779225667318,0.1808688387635756,0.3427736006683375,False
Q8TF76_Q301L,Q8TF76,8,1,137,P,0.0004646808,0.00087564246,-0.0017905235290527344,0.21553884711779447,0.34035087719298246,False
Q8TF76_Q301L,Q8TF76,8,1,138,F,0.002088436,0.00669261,-0.0017905235290527344,0.6750208855472013,0.2962406015037594,False
Q8TF76_Q301L,Q8TF76,8,1,139,P,0.0005428793,0.00064319454,-0.0017905235290527344,0.2134502923976608,0.30802005012531325,False
Q8TF76_Q301L,Q8TF76,8,1,140,S,0.0004527423,0.0007899039,-0.0017905235290527344,0.19632414369256476,0.33174603174603173,False
Q8TF76_Q301L,Q8TF76,8,1,141,R,0.0006185867,0.0005964957,-0.001209259033203125,0.23976608187134504,0.24695071010860487,False
Q8TF76_Q301L,Q8TF76,8,1,142,D,0.00059827295,0.001304451,-0.00037860870361328125,0.3341687552213868,0.28830409356725145,False
Q8TF76_Q301L,Q8TF76,8,1,143,S,0.0006245601,0.00066199695,-0.00037860870361328125,0.2510442773600668,0.3175438596491228,False
Q8TF76_Q301L,Q8TF76,8,1,144,G,0.000630973,0.0023790118,-0.00037860870361328125,0.4202172096908939,0.30183792815371757,False
Q8TF76_Q301L,Q8TF76,8,1,145,R,0.0007254866,0.00094824814,-0.00037860870361328125,0.3425229741019214,0.2652464494569758,False
Q8TF76_Q301L,Q8TF76,8,1,146,L,0.00039410844,0.00072778243,-0.00090789794921875,0.16123642439431912,0.28847117794486216,False
Q8TF76_Q301L,Q8TF76,8,1,147,S,0.00028878934,0.000748921,-0.0010066032409667969,0.15121136173767752,0.23625730994152047,False
Q8TF76_Q301L,Q8TF76,8,1,148,P,0.0007337517,0.0011131222,-0.0010066032409667969,0.36716791979949875,0.20409356725146197,False
Q8TF76_Q301L,Q8TF76,8,1,149,D,0.00042813696,0.0006590369,-0.0010066032409667969,0.15914786967418545,0.2472013366750209,False
Q8TF76_Q301L,Q8TF76,8,1,150,L,0.0004915747,0.0005814759,-0.0010066032409667969,0.18170426065162906,0.24519632414369258,False
Q8TF76_Q301L,Q8TF76,8,1,151,S,0.0006955974,0.0013085346,-0.0014298756917317708,0.3767752715121136,0.2446115288220551,False
Q8TF76_Q301L,Q8TF76,8,1,152,V,0.0004312141,0.0004385132,-0.002121448516845703,0.14118629908103592,0.29239766081871343,False
Q8TF76_Q301L,Q8TF76,8,1,153,C,0.00084683974,0.0008540674,-0.002121448516845703,0.3642439431913116,0.2964912280701754,False
Q8TF76_Q301L,Q8TF76,8,1,154,G,0.0007314813,0.0013853478,-0.002121448516845703,0.398078529657477,0.25864661654135335,False
Q8TF76_Q301L,Q8TF76,8,1,155,Q,0.000509757,0.00067393034,-0.002121448516845703,0.202172096908939,0.3094402673350042,False
Q8TF76_Q301L,Q8TF76,8,1,156,P,0.00044727884,0.00075915805,-0.0025348663330078125,0.18755221386800333,0.2753550543024227,False
Q8TF76_Q301L,Q8TF76,8,1,157,R,0.0008144818,0.0011672094,-0.002819061279296875,0.39515455304928987,0.2671679197994988,False
Q8TF76_Q301L,Q8TF76,8,1,158,D,0.00045045294,0.0007682268,-0.002819061279296875,0.19381787802840433,0.2563074352548037,False
Q8TF76_Q301L,Q8TF76,8,1,159,G,0.00059550087,0.0015847016,-0.002819061279296875,0.35714285714285715,0.26908939014202177,False
Q8TF76_Q301L,Q8TF76,8,1,160,D,0.00042867917,0.0005489584,-0.002819061279296875,0.14786967418546365,0.22823725981620718,False
Q8TF76_Q301L,Q8TF76,8,1,161,E,0.00063056266,0.00065577764,-0.002904097239176432,0.25146198830409355,0.22397660818713447,False
Q8TF76_Q301L,Q8TF76,8,1,162,L,0.00039386915,0.0009145354,-0.003217935562133789,0.1908939014202172,0.2334168755221387,False
Q8TF76_Q301L,Q8TF76,8,1,163,G,0.0004626249,0.0006367504,-0.003217935562133789,0.17251461988304093,0.3360066833751044,False
Q8TF76_Q301L,Q8TF76,8,1,164,I,0.0006408219,0.0019741124,-0.003217935562133789,0.404344193817878,0.3695071010860484,False
Q8TF76_Q301L,Q8TF76,8,1,165,S,0.0018109481,0.005984202,-0.003217935562133789,0.6608187134502924,0.43884711779448615,False
Q8TF76_Q301L,Q8TF76,8,1,166,A,0.0007570423,0.0015499193,-0.0025353431701660156,0.4189640768588137,0.4521303258145363,False
Q8TF76_Q301L,Q8TF76,8,1,167,S,0.0010412693,0.0023750598,-0.002122163772583008,0.5375939849624061,0.45973266499582294,False
Q8TF76_Q301L,Q8TF76,8,1,168,L,0.00043453032,0.0011715532,-0.002122163772583008,0.23893065998329155,0.397827903091061,False
Q8TF76_Q301L,Q8TF76,8,1,169,F,0.0008250308,0.0015869593,-0.002122163772583008,0.4423558897243107,0.3950710108604845,False
Q8TF76_Q301L,Q8TF76,8,1,170,S,0.00059620483,0.001519782,-0.002122163772583008,0.3512949039264828,0.32063492063492066,False
Q8TF76_Q301L,Q8TF76,8,1,171,S,0.0007744178,0.0013069955,-0.0017306009928385417,0.40517961570593153,0.3557226399331662,False
Q8TF76_Q301L,Q8TF76,8,1,172,L,0.00044346286,0.00065592356,-0.001058816909790039,0.16541353383458646,0.3446115288220551,False
Q8TF76_Q301L,Q8TF76,8,1,173,A,0.0007469509,0.0015448531,-0.001058816909790039,0.4143692564745196,0.301921470342523,False
Q8TF76_Q301L,Q8TF76,8,1,174,S,0.00058123196,0.002040681,-0.001058816909790039,0.3868003341687552,0.30634920634920637,False
Q8TF76_Q301L,Q8TF76,8,1,175,P,0.0004176033,0.00045539506,-0.001058816909790039,0.13784461152882205,0.3113617376775272,False
Q8TF76_Q301L,Q8TF76,8,1,176,C,0.0008378386,0.0013388202,-0.0011382102966308594,0.4273182957393484,0.292063492063492,False
Q8TF76_Q301L,Q8TF76,8,1,177,P,0.00051988015,0.00048864156,-0.0011222362518310547,0.19047619047619047,0.27903091060985796,False
Q8TF76_Q301L,Q8TF76,8,1,178,G,0.00053107826,0.0014856568,-0.0011222362518310547,0.31787802840434415,0.27518796992481204,False
Q8TF76_Q301L,Q8TF76,8,1,179,S,0.0005399632,0.0014678497,-0.0011222362518310547,0.3216374269005848,0.22247284878863827,False
Q8TF76_Q301L,Q8TF76,8,1,180,P,0.00035516778,0.00037910446,-0.0011222362518310547,0.11862990810359231,0.21236424394319128,False
Q8TF76_Q301L,Q8TF76,8,1,181,T,0.00033391177,0.00081144815,-0.0017641385396321614,0.16374269005847952,0.2245614035087719,False
Q8TF76_Q301L,Q8TF76,8,1,182,P,0.00042573435,0.000456549,-0.0021724700927734375,0.13993316624895571,0.27276524644945693,False
Q8TF76_Q301L,Q8TF76,8,1,183,R,0.0008371686,0.00096772425,-0.0021724700927734375,0.3788638262322473,0.35964912280701755,False
Q8TF76_Q301L,Q8TF76,8,1,184,D,0.0010503109,0.0029291771,-0.0021724700927734375,0.56265664160401,0.36817042606516287,False
Q8TF76_Q301L,Q8TF76,8,1,185,S,0.0011182141,0.0024028108,-0.0021724700927734375,0.5530492898913951,0.37610693400167083,False
Q8TF76_Q301L,Q8TF76,8,1,186,V,0.0005133402,0.0006804476,-0.0030539830525716147,0.20634920634920637,0.4196324143692564,False
Q8TF76_Q301L,Q8TF76,8,1,187,I,0.00043705714,0.00073659763,-0.003932476043701172,0.17961570593149542,0.3888888888888889,False
Q8TF76_Q301L,Q8TF76,8,1,188,S,0.0011718436,0.003629894,-0.003932476043701172,0.5964912280701754,0.33425229741019213,False
Q8TF76_Q301L,Q8TF76,8,1,189,I,0.0007616339,0.0013786061,-0.003932476043701172,0.40893901420217205,0.368671679197995,False
Q8TF76_Q301L,Q8TF76,8,1,190,G,0.0006449809,0.00076125114,-0.003932476043701172,0.27986633249791143,0.44862155388471175,False
Q8TF76_Q301L,Q8TF76,8,1,191,T,0.0007415167,0.001202743,-0.004033883412679036,0.3784461152882206,0.3985797827903091,False
Q8TF76_Q301L,Q8TF76,8,1,192,S,0.00117704,0.002899447,-0.004526853561401367,0.5793650793650794,0.3654135338345864,False
Q8TF76_Q301L,Q8TF76,8,1,193,A,0.00064157596,0.0012591049,-0.004526853561401367,0.3462823725981621,0.35421888053467004,False
Q8TF76_Q301L,Q8TF76,8,1,194,C,0.00063269475,0.000553866,-0.004526853561401367,0.2431077694235589,0.30342522974101926,False
Q8TF76_Q301L,Q8TF76,8,1,195,L,0.00050043676,0.0008227501,-0.004526853561401367,0.22389306599832914,0.2560568086883876,False
Q8TF76_Q301L,Q8TF76,8,1,196,V,0.00034882093,0.0005070984,-0.0041573842366536455,0.12447786131996658,0.2996658312447786,False
Q8TF76_Q301L,Q8TF76,8,1,197,A,0.0006400332,0.0012468884,-0.0038275718688964844,0.3425229741019214,0.295906432748538,False
Q8TF76_Q301L,Q8TF76,8,1,198,A,0.0011720087,0.0025607925,-0.0038275718688964844,0.5643274853801169,0.3172932330827067,False
Q8TF76_Q301L,Q8TF76,8,1,199,S,0.00051671243,0.00076066994,-0.0038275718688964844,0.22431077694235588,0.3365079365079365,False
Q8TF76_Q301L,Q8TF76,8,1,200,A,0.0006651707,0.0010486201,-0.0038275718688964844,0.3308270676691729,0.31244778613199664,False
Q8TF76_Q301L,Q8TF76,8,1,201,V,0.00044803126,0.00097365346,-0.004249254862467448,0.22055137844611528,0.2245614035087719,False
Q8TF76_Q301L,Q8TF76,8,1,202,P,0.00056561077,0.000634486,-0.004255533218383789,0.2222222222222222,0.22715121136173763,False
Q8TF76_Q301L,Q8TF76,8,1,203,S,0.00038442048,0.0003823861,-0.004255533218383789,0.12489557226399332,0.19030910609857976,False
Q8TF76_Q301L,Q8TF76,8,1,204,G,0.0005396932,0.0007697649,-0.004255533218383789,0.23725981620718462,0.1827903091060986,False
Q8TF76_Q301L,Q8TF76,8,1,205,L,0.00041334663,0.0006207582,-0.004255533218383789,0.14661654135338345,0.18504594820384296,False
Q8TF76_Q301L,Q8TF76,8,1,206,H,0.0005043715,0.0005161975,-0.004822731018066406,0.1829573934837093,0.25973266499582287,False
Q8TF76_Q301L,Q8TF76,8,1,207,L,0.0004678116,0.0009940956,-0.005524873733520508,0.233500417710944,0.2935672514619883,False
Q8TF76_Q301L,Q8TF76,8,1,208,P,0.0009877236,0.0017838448,-0.005524873733520508,0.498329156223893,0.2932330827067669,False
Q8TF76_Q301L,Q8TF76,8,1,209,E,0.0009047636,0.0010515552,-0.005524873733520508,0.4064327485380117,0.365079365079365,False
Q8TF76_Q301L,Q8TF76,8,1,210,V,0.00037677246,0.00065604877,-0.005524873733520508,0.14494569757727652,0.39039264828738507,False
Q8TF76_Q301L,Q8TF76,8,1,211,S,0.00092904334,0.003071264,-0.005275726318359375,0.5421888053467,0.3598997493734336,False
Q8TF76_Q301L,Q8TF76,8,1,212,L,0.00065197295,0.0013127412,-0.005367279052734375,0.36006683375104426,0.36675020885547205,False
Q8TF76_Q301L,Q8TF76,8,1,213,D,0.00059854443,0.0014448126,-0.005367279052734375,0.3458646616541354,0.41938178780284047,False
Q8TF76_Q301L,Q8TF76,8,1,214,R,0.0010981458,0.0010340285,-0.005367279052734375,0.44068504594820385,0.3744360902255639,False
Q8TF76_Q301L,Q8TF76,8,1,215,A,0.0006890963,0.0017197464,-0.005367279052734375,0.4081035923141186,0.33634085213032583,False
Q8TF76_Q301L,Q8TF76,8,1,216,S,0.0006703684,0.0009292877,-0.004537900288899739,0.31746031746031744,0.3496240601503759,False
Q8TF76_Q301L,Q8TF76,8,1,217,L,0.00041602828,0.00073196745,-0.003828287124633789,0.16959064327485382,0.33040935672514615,False
Q8TF76_Q301L,Q8TF76,8,1,218,P,0.00069308386,0.0017391625,-0.003828287124633789,0.41228070175438597,0.3044277360066834,False
Q8TF76_Q301L,Q8TF76,8,1,219,C,0.0007722263,0.0008589498,-0.003828287124633789,0.3446115288220551,0.3243107769423559,False
Q8TF76_Q301L,Q8TF76,8,1,220,S,0.0005619647,0.0009826107,-0.003828287124633789,0.2781954887218045,0.33132832080200497,False
Q8TF76_Q301L,Q8TF76,8,1,221,Q,0.00081628654,0.0013205375,-0.0031603177388509116,0.41687552213868,0.32263993316624895,False
Q8TF76_Q301L,Q8TF76,8,1,222,E,0.0005372141,0.00057706505,-0.0023517608642578125,0.20467836257309938,0.3010860484544695,False
Q8TF76_Q301L,Q8TF76,8,1,223,E,0.00077502365,0.0010211406,-0.0023517608642578125,0.36883876357560563,0.2863826232247285,False
Q8TF76_Q301L,Q8TF76,8,1,224,A,0.00050046097,0.0009155321,-0.0023517608642578125,0.23684210526315788,0.24394319131161235,False
Q8TF76_Q301L,Q8TF76,8,1,225,T,0.0005134372,0.0006638958,-0.0023517608642578125,0.20467836257309938,0.23876357560568087,False
Q8TF76_Q301L,Q8TF76,8,1,226,G,0.00046648277,0.0008083574,-0.0024722417195638022,0.20467836257309938,0.21545530492898912,False
Q8TF76_Q301L,Q8TF76,8,1,227,G,0.00044900377,0.0007054448,-0.0022687911987304688,0.17878028404344193,0.24477861319966582,False
Q8TF76_Q301L,Q8TF76,8,1,228,A,0.0005506801,0.00084668875,-0.0022687911987304688,0.252297410192147,0.2973266499582289,False
Q8TF76_Q301L,Q8TF76,8,1,229,K,0.00086337846,0.000957258,-0.0022687911987304688,0.38345864661654133,0.3225563909774436,False
Q8TF76_Q301L,Q8TF76,8,1,230,D,0.0008630334,0.0017559107,-0.0022687911987304688,0.4674185463659148,0.3887218045112782,False
Q8TF76_Q301L,Q8TF76,8,1,231,T,0.00073220674,0.00085513253,-0.0030034383138020835,0.3308270676691729,0.40359231411862995,False
Q8TF76_Q301L,Q8TF76,8,1,232,R,0.0013609846,0.001420858,-0.003592967987060547,0.5096073517126148,0.3564745196324144,False
Q8TF76_Q301L,Q8TF76,8,1,233,M,0.0007431325,0.00081800955,-0.003592967987060547,0.3266499582289056,0.3237259816207185,False
Q8TF76_Q301L,Q8TF76,8,1,234,V,0.00044830277,0.00038356788,-0.003592967987060547,0.14786967418546365,0.31002506265664165,False
Q8TF76_Q301L,Q8TF76,8,1,235,H,0.0006760383,0.0008236026,-0.003592967987060547,0.30367585630743527,0.26917293233082706,False
Q8TF76_Q301L,Q8TF76,8,1,236,Q,0.00065872475,0.0006399659,-0.004580020904541016,0.2623224728487886,0.3091896407685881,False
Q8TF76_Q301L,Q8TF76,8,1,237,T,0.0006796467,0.0008300592,-0.005513429641723633,0.3053467000835422,0.3685045948203843,False
Q8TF76_Q301L,Q8TF76,8,1,238,R,0.0013234329,0.0016368639,-0.005513429641723633,0.5267335004177109,0.41378446115288214,False
Q8TF76_Q301L,Q8TF76,8,1,239,A,0.000754104,0.0018781907,-0.005513429641723633,0.4444444444444444,0.44786967418546364,False
Q8TF76_Q301L,Q8TF76,8,1,240,S,0.0009536034,0.002586184,-0.005513429641723633,0.5300751879699248,0.45020885547201334,False
Q8TF76_Q301L,Q8TF76,8,1,241,L,0.00075977074,0.0016956975,-0.005495230356852214,0.43274853801169594,0.4644945697577277,False
Q8TF76_Q301L,Q8TF76,8,1,242,R,0.0006984823,0.00085418695,-0.006006479263305664,0.31704260651629074,0.4197159565580619,False
Q8TF76_Q301L,Q8TF76,8,1,243,S,0.0013412979,0.0030955595,-0.006006479263305664,0.5981620718462825,0.4222222222222222,False
Q8TF76_Q301L,Q8TF76,8,1,244,V,0.0005211939,0.0007290444,-0.006006479263305664,0.22055137844611528,0.42481203007518803,False
Q8TF76_Q301L,Q8TF76,8,1,245,L,0.00085458445,0.003872094,-0.006006479263305664,0.5426065162907269,0.42330827067669174,False
Q8TF76_Q301L,Q8TF76,8,1,246,F,0.0010122216,0.001196604,-0.004877249399820964,0.44569757727652465,0.38237259816207186,False
Q8TF76_Q301L,Q8TF76,8,1,247,G,0.00061405246,0.0010579318,-0.004038810729980469,0.30952380952380953,0.412781954887218,False
Q8TF76_Q301L,Q8TF76,8,1,248,L,0.0006601664,0.0016732288,-0.004038810729980469,0.39348370927318294,0.37184628237259815,False
Q8TF76_Q301L,Q8TF76,8,1,249,M,0.0008627023,0.00088573445,-0.004038810729980469,0.3725981620718463,0.3732664995822891,False
Q8TF76_Q301L,Q8TF76,8,1,250,N,0.0007186466,0.0009310621,-0.004038810729980469,0.33792815371762736,0.3472013366750209,False
Q8TF76_Q301L,Q8TF76,8,1,251,S,0.0010334116,0.0012242855,-0.0032440821329752603,0.45279866332497914,0.3039264828738513,False
Q8TF76_Q301L,Q8TF76,8,1,252,G,0.0004899814,0.00056788116,-0.002136707305908203,0.17919799498746866,0.29081035923141185,False
Q8TF76_Q301L,Q8TF76,8,1,253,T,0.00039012294,0.00082215195,-0.002136707305908203,0.177109440267335,0.25847953216374264,False
Q8TF76_Q301L,Q8TF76,8,1,254,P,0.00070059317,0.00077172025,-0.002136707305908203,0.30701754385964913,0.24644945697577278,False
Q8TF76_Q301L,Q8TF76,8,1,255,E,0.0005006171,0.00042678128,-0.002136707305908203,0.17627401837928156,0.2838763575605681,False
Q8TF76_Q301L,Q8TF76,8,1,256,D,0.0006880372,0.0015486607,-0.0019625027974446616,0.3926482873851295,0.3311612364243943,False
Q8TF76_Q301L,Q8TF76,8,1,257,S,0.00079291966,0.000971421,-0.001634359359741211,0.3663324979114453,0.370593149540518,False
Q8TF76_Q301L,Q8TF76,8,1,258,E,0.0009173815,0.0010960352,-0.001634359359741211,0.41353383458646614,0.4279866332497912,False
Q8TF76_Q301L,Q8TF76,8,1,259,F,0.00096306385,0.0019580498,-0.001634359359741211,0.5041771094402674,0.42965747702589807,False
Q8TF76_Q301L,Q8TF76,8,1,260,R,0.000970551,0.001415031,-0.001634359359741211,0.46324143692564745,0.43191311612364236,False
Q8TF76_Q301L,Q8TF76,8,1,261,A,0.0006800867,0.0016789569,-0.0019469261169433594,0.40100250626566414,0.4097744360902255,False
Q8TF76_Q301L,Q8TF76,8,1,262,D,0.0006882764,0.0013455597,-0.002093076705932617,0.37761069340016706,0.3807852965747703,False
Q8TF76_Q301L,Q8TF76,8,1,263,G,0.0007363553,0.0006885621,-0.002093076705932617,0.30284043441938174,0.3543859649122807,False
Q8TF76_Q301L,Q8TF76,8,1,264,K,0.0007605942,0.00097622746,-0.002093076705932617,0.35923141186299085,0.3658312447786132,False
Q8TF76_Q301L,Q8TF76,8,1,265,N,0.00078053103,0.0007560939,-0.002093076705932617,0.3312447786131996,0.3726817042606516,False
Q8TF76_Q301L,Q8TF76,8,1,266,M,0.00093508384,0.0014821409,-0.002909501393636068,0.4582289055973266,0.44068504594820385,False
Q8TF76_Q301L,Q8TF76,8,1,267,R,0.0009768952,0.0009626558,-0.0035572052001953125,0.41186299081035926,0.4386800334168755,False
Q8TF76_Q301L,Q8TF76,8,1,268,E,0.0018074332,0.0044492,-0.0035572052001953125,0.6428571428571428,0.46382623224728486,False
Q8TF76_Q301L,Q8TF76,8,1,269,S,0.0007908377,0.0008575378,-0.0035572052001953125,0.34920634920634913,0.4675020885547201,False
Q8TF76_Q301L,Q8TF76,8,1,270,C,0.001107653,0.0011495639,-0.0035572052001953125,0.4569757727652464,0.4474519632414369,False
Q8TF76_Q301L,Q8TF76,8,1,271,C,0.0010654164,0.0013634904,-0.003926436106363933,0.4766081871345029,0.4238930659983291,False
Q8TF76_Q301L,Q8TF76,8,1,272,K,0.0008103208,0.0006212674,-0.00460362434387207,0.3116123642439432,0.42071846282372605,False
Q8TF76_Q301L,Q8TF76,8,1,273,R,0.0010268135,0.002178006,-0.00460362434387207,0.525062656641604,0.3810359231411863,False
Q8TF76_Q301L,Q8TF76,8,1,274,K,0.00077508466,0.00076757633,-0.00460362434387207,0.3333333333333333,0.3375104427736006,False
Q8TF76_Q301L,Q8TF76,8,1,275,L,0.00054916815,0.00089776085,-0.00460362434387207,0.25856307435254805,0.31228070175438594,False
Q8TF76_Q301L,Q8TF76,8,1,276,V,0.00048904616,0.0011231174,-0.005184332529703776,0.25898078529657476,0.30484544695071014,False
Q8TF76_Q301L,Q8TF76,8,1,277,V,0.00043319786,0.0008012863,-0.00550532341003418,0.18546365914786966,0.3240601503759398,False
Q8TF76_Q301L,Q8TF76,8,1,278,G,0.0009590158,0.001735525,-0.00550532341003418,0.4878863826232247,0.3271512113617377,False
Q8TF76_Q301L,Q8TF76,8,1,279,N,0.00085339445,0.0013228165,-0.00550532341003418,0.42940685045948207,0.3481203007518797,False
Q8TF76_Q301L,Q8TF76,8,1,280,G,0.0004927934,0.0012125962,-0.00550532341003418,0.27401837928153716,0.4182121971595656,False
Q8TF76_Q301L,Q8TF76,8,1,281,P,0.0006978782,0.0012091157,-0.0061155954996744795,0.3638262322472849,0.39824561403508774,False
Q8TF76_Q301L,Q8TF76,8,1,282,E,0.0012987007,0.0017576932,-0.006840944290161133,0.5359231411862991,0.35196324143692564,False
Q8TF76_Q301L,Q8TF76,8,1,283,G,0.000483385,0.003418496,-0.006840944290161133,0.3880534670008354,0.3237259816207184,False
Q8TF76_Q301L,Q8TF76,8,1,284,P,0.00048271465,0.00072854786,-0.006840944290161133,0.19799498746867164,0.28964076858813703,False
Q8TF76_Q301L,Q8TF76,8,1,285,G,0.0003932811,0.000496696,-0.006840944290161133,0.13283208020050125,0.22631578947368416,False
Q8TF76_Q301L,Q8TF76,8,1,286,L,0.00043382763,0.0008321956,-0.006341775258382161,0.1934001670843776,0.20559732664995822,False
Q8TF76_Q301L,Q8TF76,8,1,287,S,0.00047976617,0.0008595164,-0.0063397884368896484,0.21929824561403508,0.24586466165413534,False
Q8TF76_Q301L,Q8TF76,8,1,288,S,0.0005687771,0.0010130169,-0.0063397884368896484,0.28446115288220547,0.3227234753550543,False
Q8TF76_Q301L,Q8TF76,8,1,289,T,0.0006650448,0.0017269717,-0.0063397884368896484,0.39933166248955726,0.36432748538011694,False
Q8TF76_Q301L,Q8TF76,8,1,290,G,0.00093620166,0.0023489327,-0.0063397884368896484,0.5171261487050961,0.3684210526315789,False
Q8TF76_Q301L,Q8TF76,8,1,291,K,0.00077553635,0.0012756268,-0.005013783772786458,0.40142021720969084,0.37034252297410186,False
Q8TF76_Q301L,Q8TF76,8,1,292,R,0.00062595436,0.0005518,-0.0038526058197021484,0.23976608187134504,0.3497076023391813,False
Q8TF76_Q301L,Q8TF76,8,1,293,R,0.0006906699,0.00073409214,-0.0038526058197021484,0.29406850459482037,0.30877192982456136,False
Q8TF76_Q301L,Q8TF76,8,1,294,A,0.0005907848,0.0010249524,-0.0038526058197021484,0.29615705931495406,0.2889724310776942,False
Q8TF76_Q301L,Q8TF76,8,1,295,T,0.00065136555,0.00096189725,-0.0038526058197021484,0.31244778613199664,0.2822890559732665,False
Q8TF76_Q301L,Q8TF76,8,1,296,G,0.0005644375,0.0011706322,-0.0030552546183268228,0.30242272347535504,0.3071846282372598,False
Q8TF76_Q301L,Q8TF76,8,1,297,Q,0.00051088526,0.0007013259,-0.001911163330078125,0.20634920634920637,0.2902255639097745,False
Q8TF76_Q301L,Q8TF76,8,1,298,D,0.0007260776,0.0016385354,-0.001911163330078125,0.418546365914787,0.31219715956558064,False
Q8TF76_Q301L,Q8TF76,8,1,299,S,0.00053624145,0.00064698356,-0.001911163330078125,0.2113617376775271,0.29565580618212195,False
Q8TF76_Q301L,Q8TF76,8,1,300,C,0.0009326964,0.0011302353,-0.001911163330078125,0.4223057644110276,0.33224728487886385,False
Q8TF76_Q301L,Q8TF76,8,1,301,L,0.00046634435,0.0009023868,-0.0018568038940429688,0.21971595655806184,0.34319131161236427,False
Q8TF76_Q301L,Q8TF76,8,1,302,E,0.0008635735,0.0009967217,-0.001604318618774414,0.38930659983291566,0.3517126148705096,False
Q8TF76_Q301L,Q8TF76,8,1,303,R,0.0009726955,0.0015201609,-0.001604318618774414,0.47326649958228906,0.31796157059314956,False
Q8TF76_Q301L,Q8TF76,8,1,304,G,0.00046536984,0.0011659381,-0.001604318618774414,0.25396825396825395,0.3502088554720134,False
Q8TF76_Q301L,Q8TF76,8,1,305,L,0.0005075216,0.0010121138,-0.001604318618774414,0.25355054302422725,0.38763575605680867,False
Q8TF76_Q301L,Q8TF76,8,1,306,Q,0.0006489345,0.0015931999,-0.0005175272623697916,0.38095238095238093,0.38028404344193817,False
Q8TF76_Q301L,Q8TF76,8,1,307,E,0.0010335165,0.00365904,-4.601478576660156e-05,0.5764411027568922,0.36123642439431913,False
Q8TF76_Q301L,Q8TF76,8,1,308,A,0.00079600094,0.0016081231,-4.601478576660156e-05,0.4365079365079365,0.42531328320802003,False
Q8TF76_Q301L,Q8TF76,8,1,309,V,0.0003538211,0.0007467912,-4.601478576660156e-05,0.15873015873015872,0.4477861319966583,False
Q8TF76_Q301L,Q8TF76,8,1,310,R,0.0016097556,0.0021583505,-4.601478576660156e-05,0.5739348370927319,0.45634920634920634,False
Q8TF76_Q301L,Q8TF76,8,1,311,R,0.0011207057,0.0014989185,-0.0005323092142740885,0.49331662489557226,0.44101921470342526,False
Q8TF76_Q301L,Q8TF76,8,1,312,E,0.0009895139,0.0020013666,7.557868957519531e-05,0.6192564745196324,0.518170426065163,False
Q8TF76_Q301L,Q8TF76,8,1,313,H,0.0005193585,0.0009335238,7.557868957519531e-05,0.35985797827903093,0.5386800334168755,False
Q8TF76_Q301L,Q8TF76,8,1,314,Q,0.0008883962,0.0013110786,7.557868957519531e-05,0.5444862155388471,0.5365079365079365,False
Q8TF76_Q301L,Q8TF76,8,1,315,E,0.0013526967,0.0023077652,7.557868957519531e-05,0.6764828738512949,0.51265664160401,False
Q8TF76_Q301L,Q8TF76,8,1,316,A,0.0008831776,0.0019204598,-0.0015114148457845051,0.4824561403508772,0.4704260651629073,False
Q8TF76_Q301L,Q8TF76,8,1,317,S,0.0009967142,0.0017808111,-0.0030951499938964844,0.5,0.4338763575605681,False
Q8TF76_Q301L,Q8TF76,8,1,318,V,0.00038189115,0.00067256956,-0.0030951499938964844,0.14870509607351712,0.3772765246449457,False
Q8TF76_Q301L,Q8TF76,8,1,319,P,0.0007235523,0.0010993753,-0.0030951499938964844,0.3617376775271512,0.36065162907268167,False
Q8TF76_Q301L,Q8TF76,8,1,320,K,0.0009028705,0.0009587864,-0.0030951499938964844,0.39348370927318294,0.3453634085213032,False
Q8TF76_Q301L,Q8TF76,8,1,321,G,0.0006194996,0.0020929927,-0.0038884480794270835,0.39933166248955726,0.39974937343358397,False
Q8TF76_Q301L,Q8TF76,8,1,322,R,0.0010432178,0.0009754017,-0.005080223083496094,0.42355889724310775,0.35756056808688386,False
Q8TF76_Q301L,Q8TF76,8,1,323,I,0.0007587821,0.0015513909,-0.005080223083496094,0.42063492063492064,0.36290726817042607,False
Q8TF76_Q301L,Q8TF76,8,1,324,V,0.0003357175,0.00072819367,-0.005080223083496094,0.15079365079365079,0.3706766917293233,False
Q8TF76_Q301L,Q8TF76,8,1,325,P,0.00094841974,0.0010876675,-0.005080223083496094,0.4202172096908939,0.3571428571428571,False
Q8TF76_Q301L,Q8TF76,8,1,326,R,0.0010471186,0.0010949565,-0.006140867869059245,0.4381787802840435,0.321219715956558,False
Q8TF76_Q301L,Q8TF76,8,1,327,G,0.00055634364,0.0017692713,-0.006868600845336914,0.35588972431077687,0.37744360902255636,False
Q8TF76_Q301L,Q8TF76,8,1,328,I,0.0006013918,0.00065238244,-0.006868600845336914,0.24101921470342522,0.3913951545530493,False
Q8TF76_Q301L,Q8TF76,8,1,329,D,0.00083217083,0.0014513277,-0.006868600845336914,0.4319131161236424,0.3664160401002506,False
Q8TF76_Q301L,Q8TF76,8,1,330,R,0.0012395222,0.0012948706,-0.006868600845336914,0.4899749373433584,0.38905597326649954,False
Q8TF76_Q301L,Q8TF76,8,1,331,L,0.0005713289,0.0012120825,-0.007978598276774088,0.3132832080200501,0.45822890559732665,False
Q8TF76_Q301L,Q8TF76,8,1,332,E,0.001010844,0.0014108804,-0.009230375289916992,0.46908939014202167,0.42673350041771096,False
Q8TF76_Q301L,Q8TF76,8,1,333,R,0.001170608,0.0031804983,-0.009230375289916992,0.5868838763575606,0.45664160401002507,False
Q8TF76_Q301L,Q8TF76,8,1,334,T,0.0006092672,0.0008222342,-0.009230375289916992,0.27443609022556387,0.49039264828738505,False
Q8TF76_Q301L,Q8TF76,8,1,335,R,0.0020604103,0.0036724634,-0.009230375289916992,0.639515455304929,0.47259816207184624,False
Q8TF76_Q301L,Q8TF76,8,1,336,S,0.0007041055,0.003106415,-0.007970650990804037,0.48203842940685043,0.43684210526315786,False
Q8TF76_Q301L,Q8TF76,8,1,337,S,0.0007156073,0.0012713125,-0.007824897766113281,0.38011695906432746,0.44753550543024223,False
Q8TF76_Q301L,Q8TF76,8,1,338,R,0.00083552767,0.001204076,-0.007824897766113281,0.4081035923141186,0.41127819548872174,False
Q8TF76_Q301L,Q8TF76,8,1,339,K,0.00064055115,0.0011217165,-0.007824897766113281,0.32790309106098575,0.4139515455304929,False
Q8TF76_Q301L,Q8TF76,8,1,340,S,0.00073034177,0.002290541,-0.007824897766113281,0.4582289055973267,0.3788638262322473,False
Q8TF76_Q301L,Q8TF76,8,1,341,K,0.00096154993,0.0018133782,-0.006906350453694661,0.4954051796157059,0.3558897243107769,False
Q8TF76_Q301L,Q8TF76,8,1,342,H,0.00046348,0.0008119258,-0.0052602291107177734,0.20467836257309938,0.4034252297410192,False
Q8TF76_Q301L,Q8TF76,8,1,343,Q,0.0007040712,0.0006918824,-0.0052602291107177734,0.2932330827067669,0.3719298245614035,False
Q8TF76_Q301L,Q8TF76,8,1,344,E,0.00120208,0.0024634837,-0.0052602291107177734,0.5655806182121972,0.3477861319966583,False
Q8TF76_Q301L,Q8TF76,8,1,345,A,0.0005570117,0.0011955128,-0.0052602291107177734,0.3007518796992481,0.37919799498746865,False
Q8TF76_Q301L,Q8TF76,8,1,346,T,0.0007734075,0.0010670463,-0.006409962972005208,0.3746867167919799,0.3802005012531328,False
Q8TF76_Q301L,Q8TF76,8,1,347,E,0.0007904671,0.00094598625,-0.00688934326171875,0.3617376775271512,0.3526315789473684,False
Q8TF76_Q301L,Q8TF76,8,1,348,T,0.0005467068,0.0012058578,-0.00688934326171875,0.2982456140350877,0.34344193817878027,False
Q8TF76_Q301L,Q8TF76,8,1,349,S,0.0008045708,0.0015045914,-0.00688934326171875,0.4277360066833751,0.35472013366750205,False
Q8TF76_Q301L,Q8TF76,8,1,350,L,0.00050058943,0.0010294828,-0.00688934326171875,0.2548036758563074,0.3391812865497076,False
Q8TF76_Q301L,Q8TF76,8,1,351,L,0.0006119106,0.0028416836,-0.00754849116007487,0.431077694235589,0.39381787802840434,False
Q8TF76_Q301L,Q8TF76,8,1,352,H,0.00052656676,0.0011641174,-0.008788108825683594,0.28404344193817876,0.39816207184628233,False
Q8TF76_Q301L,Q8TF76,8,1,353,S,0.0011414201,0.0028211998,-0.008788108825683594,0.5714285714285715,0.4628237259816207,False
Q8TF76_Q301L,Q8TF76,8,1,354,H,0.0008602921,0.0015711099,-0.008788108825683594,0.44945697577276517,0.47017543859649125,False
Q8TF76_Q301L,Q8TF76,8,1,355,R,0.0016306924,0.002211442,-0.008788108825683594,0.5781119465329992,0.5013366750208855,False
Q8TF76_Q301L,Q8TF76,8,1,356,F,0.0009059908,0.0016304562,-0.0075283050537109375,0.4678362573099415,0.49523809523809526,False
Q8TF76_Q301L,Q8TF76,8,1,357,K,0.0010921741,0.001030806,-0.006937742233276367,0.4398496240601504,0.5013366750208855,False
Q8TF76_Q301L,Q8TF76,8,1,358,K,0.0011256402,0.0021616027,-0.006937742233276367,0.5409356725146198,0.42898913951545525,False
Q8TF76_Q301L,Q8TF76,8,1,359,G,0.000760293,0.0025753048,-0.006937742233276367,0.4799498746867168,0.43191311612364236,False
Q8TF76_Q301L,Q8TF76,8,1,360,Q,0.00053463597,0.00068316975,-0.006937742233276367,0.21637426900584797,0.3975772765246449,False
Q8TF76_Q301L,Q8TF76,8,1,361,K,0.0009562524,0.0016753762,-0.005569616953531901,0.48245614035087714,0.347953216374269,False
Q8TF76_Q301L,Q8TF76,8,1,362,L,0.00055151747,0.0009566601,-0.003921031951904297,0.2681704260651629,0.34177109440267334,False
Q8TF76_Q301L,Q8TF76,8,1,363,G,0.0005299158,0.001212635,-0.003921031951904297,0.29281537176274014,0.40659983291562235,False
Q8TF76_Q301L,Q8TF76,8,1,364,K,0.00091714953,0.0014096232,-0.003921031951904297,0.4490392648287385,0.4192147034252297,False
Q8TF76_Q301L,Q8TF76,8,1,365,D,0.0009075438,0.0031317072,-0.003921031951904297,0.5405179615705932,0.47000835421888054,False
Q8TF76_Q301L,Q8TF76,8,1,366,S,0.0012380362,0.0019901416,-0.004590670267740886,0.545530492898914,0.4705096073517126,False
Q8TF76_Q301L,Q8TF76,8,1,367,F,0.00088517845,0.002787285,-0.004381656646728516,0.5221386800334168,0.4681704260651629,False
Q8TF76_Q301L,Q8TF76,8,1,368,P,0.00063556636,0.0008976769,-0.004381656646728516,0.2953216374269006,0.41353383458646614,False
Q8TF76_Q301L,Q8TF76,8,1,369,T,0.00092984195,0.0012553643,-0.004381656646728516,0.43734335839599,0.4215538847117795,False
Q8TF76_Q301L,Q8TF76,8,1,370,Q,0.00063996203,0.000727316,-0.004381656646728516,0.2673350041771094,0.4034252297410192,False
Q8TF76_Q301L,Q8TF76,8,1,371,D,0.0011458773,0.0032813628,-0.004154205322265625,0.5856307435254804,0.39490392648287387,False
Q8TF76_Q301L,Q8TF76,8,1,372,L,0.00083082437,0.0014632477,-0.004814624786376953,0.43149540517961577,0.40701754385964917,False
Q8TF76_Q301L,Q8TF76,8,1,373,T,0.00040167663,0.0013687643,-0.004814624786376953,0.2527151211361737,0.427234753550543,False
Q8TF76_Q301L,Q8TF76,8,1,374,P,0.0010634416,0.001614675,-0.004814624786376953,0.4979114452798663,0.3720969089390142,False
Q8TF76_Q301L,Q8TF76,8,1,375,L,0.00063398725,0.0015441726,-0.004814624786376953,0.3684210526315789,0.35772765246449456,False
Q8TF76_Q301L,Q8TF76,8,1,376,Q,0.0006588608,0.00092894543,-0.0039577484130859375,0.30994152046783624,0.34678362573099414,False
Q8TF76_Q301L,Q8TF76,8,1,377,N,0.0008646498,0.0007952071,-0.002971649169921875,0.35964912280701755,0.3676691729323308,False
Q8TF76_Q301L,Q8TF76,8,1,378,V,0.0005325693,0.000519822,-0.002971649169921875,0.19799498746867164,0.3750208855472013,False
Q8TF76_Q301L,Q8TF76,8,1,379,C,0.0015590282,0.002856703,-0.002971649169921875,0.6023391812865496,0.37151211361737674,False
Q8TF76_Q301L,Q8TF76,8,1,380,F,0.00081048266,0.0012515701,-0.002971649169921875,0.40517961570593153,0.3996658312447786,False
Q8TF76_Q301L,Q8TF76,8,1,381,W,0.00069456757,0.00072755205,-0.005943775177001953,0.29239766081871343,0.46340852130325805,False
Q8TF76_Q301L,Q8TF76,8,1,382,T,0.0010171217,0.0017533838,-0.007066011428833008,0.5004177109440268,0.4333333333333334,False
Q8TF76_Q301L,Q8TF76,8,1,383,K,0.0011612267,0.0016992002,-0.007066011428833008,0.5167084377610693,0.44636591478696747,False
Q8TF76_Q301L,Q8TF76,8,1,384,T,0.0008339151,0.0016635818,-0.007066011428833008,0.4519632414369257,0.47953216374269003,False
Q8TF76_Q301L,Q8TF76,8,1,385,R,0.0012131857,0.0011558888,-0.007066011428833008,0.4703425229741019,0.4981620718462823,False
Q8TF76_Q301L,Q8TF76,8,1,386,A,0.00070295157,0.002494983,-0.0074888865152994795,0.4582289055973266,0.4800334168755221,False
Q8TF76_Q301L,Q8TF76,8,1,387,S,0.001091827,0.004186024,-0.010111331939697266,0.5935672514619883,0.5309941520467836,False
Q8TF76_Q301L,Q8TF76,8,1,388,F,0.0007082842,0.001797303,-0.010111331939697266,0.4260651629072682,0.5527151211361738,False
Q8TF76_Q301L,Q8TF76,8,1,389,S,0.0030770963,0.012734763,-0.010111331939697266,0.706766917293233,0.5272347535505431,False
Q8TF76_Q301L,Q8TF76,8,1,390,F,0.0013835091,0.002491823,-0.010111331939697266,0.5789473684210527,0.5041771094402673,False
Q8TF76_Q301L,Q8TF76,8,1,391,H,0.0007599374,0.00080357067,-0.008717854817708334,0.3308270676691729,0.5077694235588972,False
Q8TF76_Q301L,Q8TF76,8,1,392,K,0.0011971995,0.0012382753,-0.007132768630981445,0.4782790309106099,0.48003341687552215,False
Q8TF76_Q301L,Q8TF76,8,1,393,K,0.0010363272,0.0011474636,-0.007132768630981445,0.4440267335004177,0.472765246449457,False
Q8TF76_Q301L,Q8TF76,8,1,394,K,0.001261582,0.002400451,-0.007132768630981445,0.5680868838763575,0.4390977443609022,False
Q8TF76_Q301L,Q8TF76,8,1,395,I,0.000991567,0.0027246973,-0.007132768630981445,0.5426065162907269,0.4609857978279031,False
Q8TF76_Q301L,Q8TF76,8,1,396,V,0.0004791498,0.0004012547,-0.007347583770751953,0.16248955722639932,0.49415204678362573,False
Q8TF76_Q301L,Q8TF76,8,1,397,T,0.0011404108,0.0033445624,-0.006854057312011719,0.587719298245614,0.42397660818713445,False
Q8TF76_Q301L,Q8TF76,8,1,398,D,0.0014974753,0.0031736367,-0.006854057312011719,0.6098579782790309,0.450125313283208,False
Q8TF76_Q301L,Q8TF76,8,1,399,V,0.0005581017,0.00062536565,-0.006854057312011719,0.2172096908939014,0.4969089390142022,False
Q8TF76_Q301L,Q8TF76,8,1,400,S,0.0016149515,0.009429498,-0.006854057312011719,0.6733500417710944,0.4204678362573099,False
Q8TF76_Q301L,Q8TF76,8,1,401,E,0.0007537723,0.0013056417,-0.004613240559895833,0.3964076858813701,0.417376775271512,False
Q8TF76_Q301L,Q8TF76,8,1,402,V,0.00051151635,0.00068417186,-0.003954410552978516,0.20551378446115287,0.47401837928153717,False
Q8TF76_Q301L,Q8TF76,8,1,403,C,0.0014096897,0.0028400142,-0.003954410552978516,0.5944026733500417,0.44536340852130324,False
Q8TF76_Q301L,Q8TF76,8,1,404,S,0.00083471154,0.0025455155,-0.003954410552978516,0.5004177109440268,0.4226399331662489,False
Q8TF76_Q301L,Q8TF76,8,1,405,I,0.0010124256,0.0022907204,-0.003954410552978516,0.5300751879699248,0.4845029239766082,False
Q8TF76_Q301L,Q8TF76,8,1,406,Y,0.0005585613,0.001028994,-0.0021026929219563804,0.28279030910609854,0.5183792815371763,False
Q8TF76_Q301L,Q8TF76,8,1,407,T,0.0006960875,0.0015486197,0.0007345676422119141,0.5148287385129491,0.5158312447786132,False
Q8TF76_Q301L,Q8TF76,8,1,408,T,0.0015792962,0.005242731,0.0007345676422119141,0.7637844611528822,0.47978279030910603,False
Q8TF76_Q301L,Q8TF76,8,1,409,A,0.0006880858,0.0012925141,0.0007345676422119141,0.48767752715121143,0.521888053467001,False
Q8TF76_Q301L,Q8TF76,8,1,410,T,0.00049890997,0.00088076026,0.0007345676422119141,0.34983291562238933,0.5020050125313282,False
Q8TF76_Q301L,Q8TF76,8,1,411,S,0.0006580436,0.0015724717,0.0004452069600423177,0.49331662489557226,0.48270676691729336,False
Q8TF76_Q301L,Q8TF76,8,1,412,L,0.00050789793,0.0013637781,0.0007336139678955078,0.4154135338345865,0.5138680033416876,False
Q8TF76_Q301L,Q8TF76,8,1,413,S,0.0010014209,0.0028391897,0.0007336139678955078,0.6672932330827068,0.5636591478696742,False
Q8TF76_Q301L,Q8TF76,8,1,414,G,0.00093861576,0.0025758923,0.0007336139678955078,0.643483709273183,0.5392648287385129,False
Q8TF76_Q301L,Q8TF76,8,1,415,S,0.00087627996,0.0019376407,0.0007336139678955078,0.5987886382623224,0.5275689223057645,False
Q8TF76_Q301L,Q8TF76,8,1,416,L,0.0005225102,0.0008889906,0.001045544942220052,0.37134502923976614,0.47443609022556393,False
Q8TF76_Q301L,Q8TF76,8,1,417,L,0.00046262212,0.0010239974,0.0007679462432861328,0.35693400167084377,0.4636591478696742,False
Q8TF76_Q301L,Q8TF76,8,1,418,S,0.0006157401,0.00083960174,0.0007679462432861328,0.4016290726817042,0.4888053467000836,False
Q8TF76_Q301L,Q8TF76,8,1,419,E,0.0010187255,0.0013500924,0.0007679462432861328,0.5895989974937343,0.5557226399331663,False
Q8TF76_Q301L,Q8TF76,8,1,420,C,0.001722266,0.0027319663,0.0007679462432861328,0.7245196324143692,0.6340016708437761,False
Q8TF76_Q301L,Q8TF76,8,1,421,S,0.0013974023,0.002777645,0.0006591478983561198,0.7059314954051796,0.6609022556390978,False
Q8TF76_Q301L,Q8TF76,8,1,422,N,0.0016769713,0.0033385858,0.0010554790496826172,0.7483291562238931,0.6395154553049289,False
Q8TF76_Q301L,Q8TF76,8,1,423,R,0.00085491256,0.0011906323,0.0010554790496826172,0.5361319966583125,0.5521303258145364,False
Q8TF76_Q301L,Q8TF76,8,1,424,P,0.00074594305,0.0010144404,0.0010554790496826172,0.4826649958228906,0.5473684210526316,False
Q8TF76_Q301L,Q8TF76,8,1,425,V,0.00047851287,0.00042341775,0.0010554790496826172,0.287593984962406,0.522389306599833,False
Q8TF76_Q301L,Q8TF76,8,1,426,M,0.0012328221,0.0022712122,0.0009086926778157552,0.6821219715956559,0.5236424394319131,False
Q8TF76_Q301L,Q8TF76,8,1,427,N,0.001083401,0.0017468737,0.0005283355712890625,0.6234335839598998,0.5261487050960736,False
Q8TF76_Q301L,Q8TF76,8,1,428,R,0.0009991712,0.0010745681,0.0005283355712890625,0.5423976608187134,0.5853801169590643,False
Q8TF76_Q301L,Q8TF76,8,1,429,T,0.00077447743,0.0011323367,0.0005283355712890625,0.4951963241436926,0.5699248120300753,False
Q8TF76_Q301L,Q8TF76,8,1,430,S,0.0009632827,0.0015338981,0.0005283355712890625,0.58375104427736,0.5619465329991646,False
Q8TF76_Q301L,Q8TF76,8,1,431,G,0.00084270496,0.002394571,4.6094258626302086e-05,0.6048454469507102,0.5233082706766917,False
Q8TF76_Q301L,Q8TF76,8,1,432,A,0.0011382308,0.0032786073,-0.00015163421630859375,0.5835421888053467,0.5074770258980785,False
Q8TF76_Q301L,Q8TF76,8,1,433,P,0.00071752194,0.0010171393,-0.00015163421630859375,0.34920634920634913,0.4651629072681704,False
Q8TF76_Q301L,Q8TF76,8,1,434,S,0.00071281503,0.0016681035,-0.00015163421630859375,0.4160401002506266,0.42172096908939005,False
Q8TF76_Q301L,Q8TF76,8,1,435,S,0.0006835303,0.0013213169,-0.00015163421630859375,0.37218045112781956,0.35371762740183793,False
Q8TF76_Q301L,Q8TF76,8,1,436,W,0.00079189637,0.001132451,-5.2134195963541664e-05,0.38763575605680867,0.36791979949874687,False
Q8TF76_Q301L,Q8TF76,8,1,437,H,0.0004833179,0.0010215854,-0.0003857612609863281,0.24352548036758562,0.3864661654135338,False
Q8TF76_Q301L,Q8TF76,8,1,438,S,0.0007379958,0.0016170392,-0.0003857612609863281,0.4202172096908939,0.4110275689223058,False
Q8TF76_Q301L,Q8TF76,8,1,439,S,0.00082017883,0.0029160876,-0.0003857612609863281,0.5087719298245613,0.42706766917293226,False
Q8TF76_Q301L,Q8TF76,8,1,440,S,0.00088936475,0.0021109027,-0.0003857612609863281,0.49498746867167914,0.47748538011695907,False
Q8TF76_Q301L,Q8TF76,8,1,441,M,0.0007206708,0.00093396904,0.0013907750447591145,0.4678362573099415,0.46766917293233085,False
Q8TF76_Q301L,Q8TF76,8,1,442,Y,0.00060574635,0.0015458796,0.0025453567504882812,0.49561403508771934,0.4544277360066834,False
Q8TF76_Q301L,Q8TF76,8,1,443,L,0.0005454009,0.00073594745,0.0025453567504882812,0.3711361737677527,0.437092731829574,False
Q8TF76_Q301L,Q8TF76,8,1,444,L,0.0005147268,0.0013766355,0.0025453567504882812,0.44256474519632416,0.46984126984126984,False
Q8TF76_Q301L,Q8TF76,8,1,445,S,0.0004314785,0.0015036737,0.0025453567504882812,0.408312447786132,0.464076858813701,False
Q8TF76_Q301L,Q8TF76,8,1,446,P,0.00093844946,0.0018244715,0.0031685829162597656,0.6315789473684211,0.4751044277360067,False
Q8TF76_Q301L,Q8TF76,8,1,447,L,0.0005701172,0.0012696041,0.004679441452026367,0.4667919799498747,0.5433583959899749,False
Q8TF76_Q301L,Q8TF76,8,1,448,N,0.00063278247,0.0007919986,0.004679441452026367,0.42627401837928147,0.5734335839598997,False
Q8TF76_Q301L,Q8TF76,8,1,449,T,0.0014102245,0.0050734007,0.004679441452026367,0.7838345864661654,0.5673350041771095,False
Q8TF76_Q301L,Q8TF76,8,1,450,L,0.0006750589,0.0018151505,0.004679441452026367,0.558688387635756,0.5170843776106934,False
Q8TF76_Q301L,Q8TF76,8,1,451,S,0.00084315764,0.0021739241,0.0006308555603027344,0.6010860484544694,0.5342522974101922,False
Q8TF76_Q301L,Q8TF76,8,1,452,I,0.00052339106,0.00070293056,-0.0015256404876708984,0.21553884711779447,0.5094820384294068,False
Q8TF76_Q301L,Q8TF76,8,1,453,S,0.0009703956,0.0021076666,-0.0015256404876708984,0.5121136173767753,0.5059314954051796,False
Q8TF76_Q301L,Q8TF76,8,1,454,N,0.0021388843,0.005070554,-0.0015256404876708984,0.6599832915622389,0.4973266499582289,False
Q8TF76_Q301L,Q8TF76,8,1,455,K,0.0012848235,0.0018580033,-0.0015256404876708984,0.5409356725146198,0.5597326649958229,False
Q8TF76_Q301L,Q8TF76,8,1,456,K,0.0010602112,0.002782129,-0.003949324289957683,0.558061821219716,0.552046783625731,False
Q8TF76_Q301L,Q8TF76,8,1,457,A,0.0007267543,0.0054995357,-0.00813150405883789,0.5275689223057644,0.5609857978279031,False
Q8TF76_Q301L,Q8TF76,8,1,458,S,0.0008488047,0.001898699,-0.00813150405883789,0.47368421052631576,0.5208020050125313,False
Q8TF76_Q301L,Q8TF76,8,1,459,D,0.0022234502,0.015442234,-0.00813150405883789,0.7046783625730993,0.4734335839598998,False
Q8TF76_Q301L,Q8TF76,8,1,460,A,0.0006838544,0.0010618435,-0.00813150405883789,0.34001670843776105,0.5295321637426901,False
Q8TF76_Q301L,Q8TF76,8,1,461,E,0.00045318992,0.00074459164,0.0018982887268066406,0.32121971595655807,0.5052631578947369,False
Q8TF76_Q301L,Q8TF76,8,1,462,K,0.0014482131,0.0061875065,0.0065805912017822266,0.808061821219716,0.4628654970760234,False
Q8TF76_Q301L,Q8TF76,8,1,463,V,0.00045635182,0.00076401426,0.0065805912017822266,0.35233918128654973,0.5476190476190477,False
Q8TF76_Q301L,Q8TF76,8,1,464,Y,0.00065543485,0.0011209911,0.0065805912017822266,0.4926900584795322,0.5687552213868003,False
Q8TF76_Q301L,Q8TF76,8,1,465,G,0.0010473053,0.005637787,0.0065805912017822266,0.7637844611528822,0.5931495405179616,False
Q8TF76_Q301L,Q8TF76,8,1,466,E,0.00041473535,0.0013020951,0.015017986297607422,0.4269005847953216,0.6654970760233918,False
Q8TF76_Q301L,Q8TF76,8,1,467,C,0.0026250873,0.03230144,0.026925325393676758,0.9300334168755221,0.6738512949039265,False
Q8TF76_Q301L,Q8TF76,8,1,468,S,0.00064158934,0.010842071,0.026925325393676758,0.7140768588137009,0.6334168755221387,False
Q8TF76_Q301L,Q8TF76,8,1,469,Q,0.0004374845,0.0025293594,0.026925325393676758,0.5344611528822055,0.6774436090225564,False
Q8TF76_Q301L,Q8TF76,8,1,470,K,0.00047568104,0.0027439806,0.026925325393676758,0.5616123642439432,0.6375939849624059,False
Q8TF76_Q301L,Q8TF76,8,1,471,G,0.00060820923,0.0040306193,0.020595709482828777,0.6470342522974102,0.6219715956558061,False
Q8TF76_Q301L,Q8TF76,8,1,472,P,0.0011030732,0.0022724143,0.019914627075195312,0.7307852965747702,0.6614870509607351,False
Q8TF76_Q301L,Q8TF76,8,1,473,V,0.00057053793,0.00440671,0.019914627075195312,0.6359649122807017,0.698830409356725,False
Q8TF76_Q301L,Q8TF76,8,1,474,P,0.00068495213,0.01495732,0.019914627075195312,0.7320384294068504,0.6523809523809524,False
Q8TF76_Q301L,Q8TF76,8,1,475,F,0.0011134058,0.0026636512,0.019914627075195312,0.7483291562238931,0.5773600668337511,False
Q8TF76_Q301L,Q8TF76,8,1,476,S,0.00033558952,0.0013310093,0.01400597890218099,0.4147869674185463,0.6223057644110275,False
Q8TF76_Q301L,Q8TF76,8,1,477,H,0.00031599635,0.0011118288,0.005062580108642578,0.3556808688387636,0.5831244778613199,False
Q8TF76_Q301L,Q8TF76,8,1,478,C,0.0020256767,0.019747728,0.005062580108642578,0.8606934001670844,0.5187134502923977,False
Q8TF76_Q301L,Q8TF76,8,1,479,L,0.0005966453,0.0019395514,0.005062580108642578,0.5361319966583125,0.5643274853801169,False
Q8TF76_Q301L,Q8TF76,8,1,480,P,0.0004153813,0.0016136384,0.005062580108642578,0.4262740183792815,0.5760233918128654,False
Q8TF76_Q301L,Q8TF76,8,1,481,T,0.000702477,0.0030556717,0.007324377695719401,0.6428571428571429,0.5555555555555556,False
Q8TF76_Q301L,Q8TF76,8,1,482,E,0.0004857727,0.0010528738,0.007018327713012695,0.41416040100250634,0.5797827903091062,False
Q8TF76_Q301L,Q8TF76,8,1,483,K,0.001188583,0.0034122968,0.007018327713012695,0.7583542188805347,0.5877192982456141,False
Q8TF76_Q301L,Q8TF76,8,1,484,L,0.00075711554,0.0029617003,0.007018327713012695,0.6572681704260651,0.6257309941520467,False
Q8TF76_Q301L,Q8TF76,8,1,485,Q,0.00037455,0.0022172763,0.007018327713012695,0.46595655806182124,0.7177944862155388,False
Q8TF76_Q301L,Q8TF76,8,1,486,R,0.001861565,0.010861599,0.004710038503011067,0.8329156223893066,0.704344193817878,False
Q8TF76_Q301L,Q8TF76,8,1,487,C,0.002814463,0.01998249,0.00597071647644043,0.8744778613199666,0.6448621553884711,False
Q8TF76_Q301L,Q8TF76,8,1,488,E,0.000965822,0.00270272,0.00597071647644043,0.6911027568922306,0.6309941520467837,False
Q8TF76_Q301L,Q8TF76,8,1,489,K,0.00033689817,0.001098761,0.00597071647644043,0.35985797827903093,0.5511278195488722,False
Q8TF76_Q301L,Q8TF76,8,1,490,I,0.00042015992,0.0012487242,0.00597071647644043,0.3966165413533835,0.5002923976608187,False
Q8TF76_Q301L,Q8TF76,8,1,491,G,0.0007869236,0.0016080906,-0.0012323061625162761,0.43358395989974935,0.45221386800334173,False
Q8TF76_Q301L,Q8TF76,8,1,492,E,0.0010420996,0.0076632113,-0.0077724456787109375,0.6203007518796992,0.5154970760233918,False
Q8TF76_Q301L,Q8TF76,8,1,493,G,0.0008122639,0.0017461437,-0.0077724456787109375,0.45071010860484545,0.5218045112781955,False
Q8TF76_Q301L,Q8TF76,8,1,494,V,0.0014645868,0.013347918,-0.0077724456787109375,0.6762740183792815,0.5573099415204679,False
Q8TF76_Q301L,Q8TF76,8,1,495,F,0.00068356853,0.0021078584,-0.0077724456787109375,0.4281537176274018,0.5567251461988303,False
Q8TF76_Q301L,Q8TF76,8,1,496,G,0.0016150608,0.0030221788,-0.0049571990966796875,0.611111111111111,0.49348370927318286,False
Q8TF76_Q301L,Q8TF76,8,1,497,E,0.0011092974,0.005805941,-0.0074825286865234375,0.6173767752715121,0.44661654135338347,False
Q8TF76_Q301L,Q8TF76,8,1,498,V,0.00036768403,0.0005821228,-0.0074825286865234375,0.13450292397660818,0.4386800334168755,False
Q8TF76_Q301L,Q8TF76,8,1,499,F,0.0006264623,0.0030085363,-0.0074825286865234375,0.4419381787802841,0.4393483709273183,False
Q8TF76_Q301L,Q8TF76,8,1,500,Q,0.00049686176,0.003170257,-0.0074825286865234375,0.38847117794486213,0.45154553049289897,False
Q8TF76_Q301L,Q8TF76,8,1,501,T,0.0009940976,0.008492738,-0.006801605224609375,0.6144527986633249,0.4848788638262323,False
Q8TF76_Q301L,Q8TF76,8,1,502,I,0.0013440367,0.017591024,-0.0023832321166992188,0.6783625730994153,0.4828738512949039,False
Q8TF76_Q301L,Q8TF76,8,1,503,A,0.00042584699,0.001903615,-0.0023832321166992188,0.3011695906432748,0.5009189640768588,False
Q8TF76_Q301L,Q8TF76,8,1,504,D,0.00057403144,0.0033307802,-0.0023832321166992188,0.43191311612364247,0.5046783625730995,False
Q8TF76_Q301L,Q8TF76,8,1,505,H,0.0006856249,0.0033779142,-0.0023832321166992188,0.4786967418546366,0.5020885547201337,False
Q8TF76_Q301L,Q8TF76,8,1,506,T,0.0011640704,0.0069619482,-0.004108905792236328,0.633249791144528,0.525563909774436,False
Q8TF76_Q301L,Q8TF76,8,1,507,P,0.0012725027,0.013593681,-0.0065000057220458984,0.6654135338345865,0.537092731829574,False
Q8TF76_Q301L,Q8TF76,8,1,508,V,0.00059285737,0.0027438079,-0.0065000057220458984,0.418546365914787,0.4964912280701754,False
Q8TF76_Q301L,Q8TF76,8,1,509,A,0.00070091145,0.003578576,-0.0065000057220458984,0.4895572263993316,0.44118629908103585,False
Q8TF76_Q301L,Q8TF76,8,1,510,I,0.00032768492,0.0018460585,-0.0065000057220458984,0.2756892230576441,0.40008354218880526,False
Q8TF76_Q301L,Q8TF76,8,1,511,K,0.000646219,0.0013114845,-0.010386308034261068,0.3567251461988304,0.4109440267335004,False
Q8TF76_Q301L,Q8TF76,8,1,512,I,0.000607073,0.0042592706,-0.012859582901000977,0.4598997493734336,0.42748538011695913,False
Q8TF76_Q301L,Q8TF76,8,1,513,I,0.0005657593,0.0071096146,-0.012859582901000977,0.47284878863826235,0.4370927318295739,False
Q8TF76_Q301L,Q8TF76,8,1,514,A,0.0011382508,0.0028456047,-0.012859582901000977,0.5722639933166249,0.43416875522138676,False
Q8TF76_Q301L,Q8TF76,8,1,515,I,0.00049707905,0.0017323514,-0.012859582901000977,0.3237259816207185,0.418546365914787,False
Q8TF76_Q301L,Q8TF76,8,1,516,E,0.00049616175,0.0020244764,-0.012179851531982422,0.3421052631578947,0.44227234753550543,False
Q8TF76_Q301L,Q8TF76,8,1,517,G,0.00049310987,0.0029853093,-0.01448965072631836,0.3817878028404344,0.4647451963241437,False
Q8TF76_Q301L,Q8TF76,8,1,518,P,0.0008961058,0.0073920228,-0.01448965072631836,0.5914786967418547,0.5325814536340852,False
Q8TF76_Q301L,Q8TF76,8,1,519,D,0.0015402779,0.015876379,-0.01448965072631836,0.6846282372598163,0.5857142857142856,False
Q8TF76_Q301L,Q8TF76,8,1,520,L,0.0014368586,0.008831719,-0.01448965072631836,0.662907268170426,0.5717627401837928,False
Q8TF76_Q301L,Q8TF76,8,1,521,V,0.0010497037,0.005786048,-0.016252517700195312,0.6077694235588972,0.5054302422723476,False
Q8TF76_Q301L,Q8TF76,8,1,522,N,0.0004911558,0.0016273317,-0.015299320220947266,0.31203007518796994,0.5128654970760234,False
Q8TF76_Q301L,Q8TF76,8,1,523,G,0.0005047013,0.0010519536,-0.015299320220947266,0.2598162071846282,0.5194653299916457,False
Q8TF76_Q301L,Q8TF76,8,1,524,S,0.0022160364,0.02453843,-0.015299320220947266,0.7218045112781954,0.5160401002506265,False
Q8TF76_Q301L,Q8TF76,8,1,525,H,0.0020349752,0.013433741,-0.015299320220947266,0.6959064327485379,0.5397243107769423,False
Q8TF76_Q301L,Q8TF76,8,1,526,Q,0.0008176273,0.016050726,-0.0025761922200520835,0.5906432748538012,0.6289055973266499,False
Q8TF76_Q301L,Q8TF76,8,1,527,K,0.00044888537,0.0017313509,0.0015459060668945312,0.43045112781954886,0.6449039264828739,False
Q8TF76_Q301L,Q8TF76,8,1,528,T,0.0009964325,0.004090567,0.0015459060668945312,0.7057226399331663,0.6651629072681704,False
Q8TF76_Q301L,Q8TF76,8,1,529,F,0.0014221302,0.012115438,0.0015459060668945312,0.801796157059315,0.7257309941520468,False
Q8TF76_Q301L,Q8TF76,8,1,530,E,0.0011207721,0.021255856,0.0015459060668945312,0.7972013366750209,0.7243943191311613,False
Q8TF76_Q301L,Q8TF76,8,1,531,E,0.0046532173,0.027612556,0.004818916320800781,0.893483709273183,0.7494569757727653,False
Q8TF76_Q301L,Q8TF76,8,1,532,I,0.0003749836,0.0013018461,0.01711750030517578,0.4237677527151211,0.7809523809523808,False
Q8TF76_Q301L,Q8TF76,8,1,533,L,0.0012015478,0.008442614,0.01711750030517578,0.8310359231411862,0.8042606516290727,False
Q8TF76_Q301L,Q8TF76,8,1,534,P,0.049148943,0.2737605,0.01711750030517578,0.9592731829573934,0.7244778613199665,False
Q8TF76_Q301L,Q8TF76,8,1,535,E,0.0040276493,0.018328033,0.01711750030517578,0.9137426900584794,0.7938178780284043,False
Q8TF76_Q301L,Q8TF76,8,1,536,I,0.0005186422,0.0015333167,0.012259165445963541,0.49456975772765244,0.7649958228905597,False
Q8TF76_Q301L,Q8TF76,8,1,537,I,0.0011759166,0.004318257,0.006953716278076172,0.77046783625731,0.7502923976608187,False
Q8TF76_Q301L,Q8TF76,8,1,538,I,0.00082023354,0.0034874748,0.006953716278076172,0.6869256474519633,0.6979114452798664,False
Q8TF76_Q301L,Q8TF76,8,1,539,S,0.003945808,0.016296508,0.006953716278076172,0.8857560568086883,0.7169590643274855,False
Q8TF76_Q301L,Q8TF76,8,1,540,K,0.000701859,0.0035714258,0.006953716278076172,0.6518379281537177,0.7203842940685046,False
Q8TF76_Q301L,Q8TF76,8,1,541,E,0.0007026535,0.0019872636,0.006281693776448567,0.5898078529657477,0.7023391812865498,False
Q8TF76_Q301L,Q8TF76,8,1,542,L,0.001272258,0.006668849,0.003740072250366211,0.7875939849624061,0.6476190476190476,False
Q8TF76_Q301L,Q8TF76,8,1,543,S,0.00064521184,0.003009528,0.003740072250366211,0.5967000835421888,0.5873851294903927,False
Q8TF76_Q301L,Q8TF76,8,1,544,L,0.000628319,0.0041949153,0.003740072250366211,0.612155388471178,0.5664160401002507,False
Q8TF76_Q301L,Q8TF76,8,1,545,L,0.0004396315,0.00090031244,0.003740072250366211,0.35066833751044274,0.536842105263158,False
Q8TF76_Q301L,Q8TF76,8,1,546,S,0.0004401218,0.002223408,0.006936232248942058,0.48496240601503765,0.474937343358396,False
Q8TF76_Q301L,Q8TF76,8,1,547,G,0.00064659846,0.0039081615,0.009133100509643555,0.6397243107769425,0.4628237259816207,False
Q8TF76_Q301L,Q8TF76,8,1,548,E,0.00028620244,0.0005395899,0.009133100509643555,0.28717627401837925,0.5036758563074353,False
Q8TF76_Q301L,Q8TF76,8,1,549,V,0.00041602057,0.005299274,0.009133100509643555,0.5515873015873015,0.4697577276524645,False
Q8TF76_Q301L,Q8TF76,8,1,550,C,0.00038593102,0.0063173617,0.009133100509643555,0.5549289891395155,0.441687552213868,False
Q8TF76_Q301L,Q8TF76,8,1,551,N,0.00033238347,0.0006288249,0.016641616821289062,0.3153717627401838,0.5600668337510443,False
Q8TF76_Q301L,Q8TF76,8,1,552,R,0.0004480501,0.0017862646,0.022493600845336914,0.49937343358395986,0.5968253968253968,False
Q8TF76_Q301L,Q8TF76,8,1,553,T,0.0012753911,0.023039276,0.022493600845336914,0.8790726817042606,0.6363408521303258,False
Q8TF76_Q301L,Q8TF76,8,1,554,E,0.0008068478,0.0049215755,0.022493600845336914,0.7353801169590642,0.700751879699248,False
Q8TF76_Q301L,Q8TF76,8,1,555,G,0.0008888001,0.004445703,0.022493600845336914,0.7525062656641603,0.7082706766917293,False
Q8TF76_Q301L,Q8TF76,8,1,556,F,0.0006694315,0.0028615,0.014968395233154297,0.6374269005847953,0.6943191311612364,False
Q8TF76_Q301L,Q8TF76,8,1,557,I,0.0004621145,0.0027243546,0.01578831672668457,0.5369674185463659,0.7351712614870509,True
Q8TF76_Q301L,Q8TF76,8,1,558,G,0.0010680823,0.0075292885,0.01578831672668457,0.8093149540517962,0.7552213868003341,True
Q8TF76_Q301L,Q8TF76,8,1,559,L,0.0073056375,0.043572668,0.01578831672668457,0.9396407685881369,0.7979949874686716,True
Q8TF76_Q301L,Q8TF76,8,1,560,N,0.0015290434,0.0098419385,0.01578831672668457,0.8527568922305765,0.8286131996658312,True
Q8TF76_Q301L,Q8TF76,8,1,561,S,0.001795029,0.014434256,0.006846427917480469,0.8512949039264829,0.8187134502923976,True
Q8TF76_Q301L,Q8TF76,8,1,562,V,0.0013966456,0.020676525,-0.005559682846069336,0.6900584795321638,0.7795739348370927,True
Q8TF76_Q301L,Q8TF76,8,1,563,H,0.004611728,0.08775443,-0.005559682846069336,0.7598162071846283,0.6974101921470341,False
Q8TF76_Q301L,Q8TF76,8,1,564,C,0.005080296,0.025895752,-0.005559682846069336,0.7439431913116122,0.6965747702589807,False
Q8TF76_Q301L,Q8TF76,8,1,565,V,0.00062494935,0.0030257753,-0.005559682846069336,0.441938178780284,0.7050543024227234,False
Q8TF76_Q301L,Q8TF76,8,1,566,Q,0.0019345721,0.024719361,0.0015556017557779949,0.8471177944862154,0.7214703425229739,False
Q8TF76_Q301L,Q8TF76,8,1,567,G,0.00089478825,0.009266137,0.002374410629272461,0.7324561403508771,0.7352965747702589,True
Q8TF76_Q301L,Q8TF76,8,1,568,S,0.0018883952,0.019128727,0.002374410629272461,0.8418964076858814,0.8153717627401837,True
Q8TF76_Q301L,Q8TF76,8,1,569,Y,0.0012010948,0.02142939,0.002374410629272461,0.8130743525480367,0.7635756056808688,True
Q8TF76_Q301L,Q8TF76,8,1,570,P,0.0019192209,0.018906096,0.002374410629272461,0.8423141186299081,0.7984126984126985,True
Q8TF76_Q301L,Q8TF76,8,1,571,P,0.00056925515,0.0032988428,0.006838003794352214,0.5881370091896407,0.8031746031746032,True
Q8TF76_Q301L,Q8TF76,8,1,572,L,0.0031034558,0.020386254,0.015775680541992188,0.9066416040100251,0.8250626566416042,True
Q8TF76_Q301L,Q8TF76,8,1,573,L,0.0014210652,0.017995575,0.015775680541992188,0.8657059314954053,0.7570593149540519,True
Q8TF76_Q301L,Q8TF76,8,1,574,L,0.003545262,0.03537162,0.015775680541992188,0.922514619883041,0.8187969924812031,True
Q8TF76_Q301L,Q8TF76,8,1,575,K,0.00057729357,0.0012489512,0.015775680541992188,0.502297410192147,0.7926482873851295,True
Q8TF76_Q301L,Q8TF76,8,1,576,A,0.0016196669,0.035290197,0.016382853190104168,0.8968253968253969,0.8072681704260651,True
Q8TF76_Q301L,Q8TF76,8,1,577,W,0.0011108415,0.0036953615,0.016681194305419922,0.7758980785296575,0.8126984126984127,True
Q8TF76_Q301L,Q8TF76,8,1,578,D,0.0050701997,0.046780113,0.016681194305419922,0.9388053467000835,0.9015873015873016,True
Q8TF76_Q301L,Q8TF76,8,1,579,H,0.007956341,0.0747314,0.016681194305419922,0.9496658312447787,0.9085213032581454,True
Q8TF76_Q301L,Q8TF76,8,1,580,Y,0.005317762,0.07567252,0.016681194305419922,0.9467418546365914,0.9328320802005013,True
Q8TF76_Q301L,Q8TF76,8,1,581,N,0.0056555457,0.048078857,0.010792732238769531,0.9314954051796157,0.9281537176274017,True
Q8TF76_Q301L,Q8TF76,8,1,582,S,0.0030048597,0.024942473,0.008306503295898438,0.8974519632414371,0.8502088554720133,True
Q8TF76_Q301L,Q8TF76,8,1,583,T,0.0035324774,0.05353773,0.008306503295898438,0.9154135338345863,0.7749373433583959,True
Q8TF76_Q301L,Q8TF76,8,1,584,K,0.0005770725,0.0022568966,0.008306503295898438,0.5599415204678363,0.7218880534670008,False
Q8TF76_Q301L,Q8TF76,8,1,585,G,0.0005758898,0.002489615,0.008306503295898438,0.5703842940685045,0.6715538847117795,False
Q8TF76_Q301L,Q8TF76,8,1,586,S,0.0014981641,0.008950948,-0.0004162788391113281,0.66624895572264,0.6180451127819548,False
Q8TF76_Q301L,Q8TF76,8,1,587,A,0.001201915,0.008753361,-0.009423017501831055,0.64578111946533,0.6197577276524645,False
Q8TF76_Q301L,Q8TF76,8,1,588,N,0.0010508695,0.017176349,-0.009423017501831055,0.6478696741854636,0.5553884711779449,False
Q8TF76_Q301L,Q8TF76,8,1,589,D,0.00086117216,0.0059036203,-0.009423017501831055,0.5685045948203843,0.5128654970760234,False
Q8TF76_Q301L,Q8TF76,8,1,590,R,0.00042180234,0.001292762,-0.009423017501831055,0.24853801169590642,0.5298245614035088,False
Q8TF76_Q301L,Q8TF76,8,1,591,P,0.0006840642,0.0026677283,-0.0017218589782714844,0.45363408521303256,0.5365914786967418,False
Q8TF76_Q301L,Q8TF76,8,1,592,D,0.003332649,0.022737501,-0.0020906925201416016,0.7305764411027568,0.5266499582289056,False
Q8TF76_Q301L,Q8TF76,8,1,593,F,0.0011683092,0.030234648,-0.0020906925201416016,0.681704260651629,0.5577276524644945,False
Q8TF76_Q301L,Q8TF76,8,1,594,F,0.00066728203,0.0075023547,-0.0020906925201416016,0.5187969924812029,0.5671679197994987,False
Q8TF76_Q301L,Q8TF76,8,1,595,K,0.0005579506,0.002776575,-0.0020906925201416016,0.4039264828738513,0.5745196324143692,False
Q8TF76_Q301L,Q8TF76,8,1,596,D,0.0006790485,0.0051672203,-0.007519245147705078,0.5008354218880534,0.5431077694235589,False
Q8TF76_Q301L,Q8TF76,8,1,597,D,0.007977752,0.09035171,-0.0023479461669921875,0.7673350041771094,0.5931495405179616,False
Q8TF76_Q301L,Q8TF76,8,1,598,Q,0.000660069,0.010897539,-0.0023479461669921875,0.5246449456975774,0.658563074352548,False
Q8TF76_Q301L,Q8TF76,8,1,599,L,0.0078579495,0.20548508,-0.0023479461669921875,0.7690058479532164,0.6695071010860485,False
Q8TF76_Q301L,Q8TF76,8,1,600,F,0.0032708235,0.023077259,-0.0023479461669921875,0.7309941520467836,0.6205513784461153,False
Q8TF76_Q301L,Q8TF76,8,1,601,I,0.00073301623,0.011005553,-0.009616533915201822,0.5555555555555555,0.665079365079365,False
Q8TF76_Q301L,Q8TF76,8,1,602,V,0.0007012642,0.0061408854,-0.021265029907226562,0.5225563909774437,0.6025062656641604,False
Q8TF76_Q301L,Q8TF76,8,1,603,L,0.0034840596,0.050519872,-0.021265029907226562,0.7472848788638262,0.6075187969924811,False
Q8TF76_Q301L,Q8TF76,8,1,604,E,0.0006314321,0.0034635456,-0.021265029907226562,0.456140350877193,0.5515455304928989,False
Q8TF76_Q301L,Q8TF76,8,1,605,F,0.004182253,0.06743598,-0.021265029907226562,0.7560568086883875,0.5935672514619883,False
Q8TF76_Q301L,Q8TF76,8,1,606,E,0.00044367326,0.001500662,-0.010562578837076822,0.2756892230576441,0.5715121136173767,False
Q8TF76_Q301L,Q8TF76,8,1,607,F,0.002940386,0.028358089,-0.006655693054199219,0.7326649958228906,0.5423558897243108,False
Q8TF76_Q301L,Q8TF76,8,1,608,G,0.001591169,0.004499928,-0.006655693054199219,0.6370091896407686,0.5322472848788639,False
Q8TF76_Q301L,Q8TF76,8,1,609,G,0.00054310163,0.0013044652,-0.006655693054199219,0.310359231411863,0.5783625730994152,False
Q8TF76_Q301L,Q8TF76,8,1,610,I,0.0021608628,0.016079415,-0.006655693054199219,0.7055137844611529,0.5378863826232247,False
Q8TF76_Q301L,Q8TF76,8,1,611,D,0.0008748408,0.0024150151,-0.0046304066975911455,0.506265664160401,0.5324143692564745,False
Q8TF76_Q301L,Q8TF76,8,1,612,L,0.0005759113,0.0019229025,0.005131244659423828,0.5302840434419381,0.6026315789473684,False
Q8TF76_Q301L,Q8TF76,8,1,613,E,0.0006407019,0.0033315856,0.005131244659423828,0.6096491228070176,0.5730994152046784,False
Q8TF76_Q301L,Q8TF76,8,1,614,Q,0.00070938974,0.004595918,0.005131244659423828,0.6614452798663325,0.610359231411863,False
Q8TF76_Q301L,Q8TF76,8,1,615,M,0.00053230114,0.0031148165,0.005131244659423828,0.5578529657477026,0.6280284043441938,False
Q8TF76_Q301L,Q8TF76,8,1,616,R,0.00087878766,0.0062817195,0.0007266998291015625,0.6925647451963242,0.6280701754385964,False
Q8TF76_Q301L,Q8TF76,8,1,617,T,0.0010434729,0.0073579918,-0.004331111907958984,0.6186299081035923,0.5307017543859649,False
Q8TF76_Q301L,Q8TF76,8,1,618,K,0.0011064288,0.005176808,-0.004331111907958984,0.6098579782790309,0.5608187134502923,False
Q8TF76_Q301L,Q8TF76,8,1,619,L,0.0002924372,0.0009073013,-0.004331111907958984,0.17460317460317457,0.5904761904761904,False
Q8TF76_Q301L,Q8TF76,8,1,620,S,0.0016725392,0.02462293,-0.004331111907958984,0.70843776106934,0.6428989139515455,False
Q8TF76_Q301L,Q8TF76,8,1,621,S,0.0010996943,0.006651239,0.08043734232584636,0.8408521303258145,0.7101921470342523,False
Q8TF76_Q301L,Q8TF76,8,1,622,L,0.0012254735,0.012041439,0.12094593048095703,0.8807435254803675,0.8596073517126148,True
Q8TF76_Q301L,Q8TF76,8,1,623,A,0.0037153603,0.017969236,0.12094593048095703,0.9463241436925648,0.8692564745196325,True
Q8TF76_Q301L,Q8TF76,8,1,624,T,0.0018246872,0.016500182,0.12094593048095703,0.9216791979949875,0.8141186299081037,True
Q8TF76_Q301L,Q8TF76,8,1,625,A,0.0008155056,0.0041474956,0.12094593048095703,0.7566833751044277,0.8375939849624061,True
Q8TF76_Q301L,Q8TF76,8,1,626,K,0.0005112894,0.0018640226,0.1523288091023763,0.5651629072681704,0.7824561403508772,True
Q8TF76_Q301L,Q8TF76,8,1,627,S,0.021422656,0.4309241,0.23253440856933594,0.9981203007518799,0.768671679197995,True
Q8TF76_Q301L,Q8TF76,8,1,628,I,0.000647318,0.0028003189,0.23253440856933594,0.6706349206349206,0.8147869674185463,True
Q8TF76_Q301L,Q8TF76,8,1,629,L,0.00097173644,0.014792227,0.23253440856933594,0.8527568922305765,0.876106934001671,True
Q8TF76_Q301L,Q8TF76,8,1,630,H,0.0072968868,0.058972396,0.23253440856933594,0.9872598162071847,0.837092731829574,True
Q8TF76_Q301L,Q8TF76,8,1,631,Q,0.0011547873,0.011258412,0.1483322779337565,0.8717627401837929,0.8663324979114453,True
Q8TF76_Q301L,Q8TF76,8,1,632,L,0.00082154025,0.011677125,0.09751129150390625,0.8030492898913951,0.883375104427736,True
Q8TF76_Q301L,Q8TF76,8,1,633,T,0.0009607938,0.0063429363,0.09751129150390625,0.8168337510442774,0.8791979949874686,True
Q8TF76_Q301L,Q8TF76,8,1,634,A,0.0029050212,0.01857206,0.09751129150390625,0.93796992481203,0.8873015873015871,True
Q8TF76_Q301L,Q8TF76,8,1,635,S,0.003795547,0.041548967,0.09751129150390625,0.9663742690058479,0.7643692564745196,True
Q8TF76_Q301L,Q8TF76,8,1,636,L,0.002944989,0.009578549,0.06093120574951172,0.912280701754386,0.6951545530492899,False
Q8TF76_Q301L,Q8TF76,8,1,637,A,0.0003783488,0.00092281675,-0.016150474548339844,0.1883876357560568,0.5861737677527151,False
Q8TF76_Q301L,Q8TF76,8,1,638,V,0.000620333,0.004834313,-0.016150474548339844,0.47076023391812866,0.5152046783625732,False
Q8TF76_Q301L,Q8TF76,8,1,639,A,0.0006640549,0.0016578848,-0.016150474548339844,0.39306599832915623,0.476608187134503,False
Q8TF76_Q301L,Q8TF76,8,1,640,E,0.00110141,0.0054079904,-0.016150474548339844,0.6115288220551379,0.6226817042606517,False
Q8TF76_Q301L,Q8TF76,8,1,641,A,0.0025005662,0.020191804,-0.00012048085530598958,0.7192982456140351,0.7121136173767753,False
Q8TF76_Q301L,Q8TF76,8,1,642,S,0.0053543737,0.027772281,0.009855270385742188,0.9187552213868003,0.816750208855472,True
Q8TF76_Q301L,Q8TF76,8,1,643,L,0.0039153867,0.03770885,0.009855270385742188,0.9179197994987468,0.8351712614870509,True
Q8TF76_Q301L,Q8TF76,8,1,644,R,0.003962147,0.033045642,0.009855270385742188,0.91624895572264,0.8441938178780285,True
Q8TF76_Q301L,Q8TF76,8,1,645,F,0.0008001296,0.0042182887,0.009855270385742188,0.7036340852130326,0.822890559732665,True
Q8TF76_Q301L,Q8TF76,8,1,646,E,0.0009460865,0.004094697,0.024072011311848957,0.7644110275689223,0.7103592314118631,True
Q8TF76_Q301L,Q8TF76,8,1,647,H,0.0010599566,0.005300078,0.04222249984741211,0.8122389306599834,0.7033416875522139,True
Q8TF76_Q301L,Q8TF76,8,1,648,R,0.0003398397,0.0007179523,0.04222249984741211,0.3552631578947369,0.742857142857143,True
Q8TF76_Q301L,Q8TF76,8,1,649,D,0.001861888,0.007233864,0.04222249984741211,0.8811612364243944,0.7817878028404345,True
Q8TF76_Q301L,Q8TF76,8,1,650,L,0.0021213645,0.011571569,0.04222249984741211,0.9012113617376776,0.8097744360902256,True
Q8TF76_Q301L,Q8TF76,8,1,651,H,0.0038925833,0.067111924,0.04024187723795573,0.9590643274853802,0.9277360066833751,True
Q8TF76_Q301L,Q8TF76,8,1,652,W,0.0043231966,0.02831106,0.044393062591552734,0.952172096908939,0.9397660818713451,True
Q8TF76_Q301L,Q8TF76,8,1,653,G,0.0031793346,0.029051306,0.044393062591552734,0.9450710108604845,0.8882205513784461,True
Q8TF76_Q301L,Q8TF76,8,1,654,N,0.004566561,0.019256782,0.044393062591552734,0.941311612364244,0.8822055137844611,True
Q8TF76_Q301L,Q8TF76,8,1,655,V,0.0005483816,0.0043173106,0.044393062591552734,0.643483709273183,0.7875522138680033,True
Q8TF76_Q301L,Q8TF76,8,1,656,L,0.0038898776,0.020907788,0.023975531260172527,0.9289891395154553,0.6988304093567252,False
Q8TF76_Q301L,Q8TF76,8,1,657,L,0.00029358547,0.0026226183,0.009710550308227539,0.4789055973266499,0.6579782790309107,False
Q8TF76_Q301L,Q8TF76,8,1,658,K,0.00048212786,0.0019895423,0.009710550308227539,0.5014619883040936,0.6745196324143692,False
Q8TF76_Q301L,Q8TF76,8,1,659,K,0.000890311,0.004922972,0.009710550308227539,0.7370509607351713,0.6608187134502923,False
Q8TF76_Q301L,Q8TF76,8,1,660,T,0.00086914445,0.004610213,0.009710550308227539,0.7261904761904762,0.7123224728487887,False
Q8TF76_Q301L,Q8TF76,8,1,661,S,0.002464054,0.018549707,0.004390239715576172,0.860484544695071,0.6398496240601503,False
Q8TF76_Q301L,Q8TF76,8,1,662,L,0.0028749201,0.036377463,-0.011554956436157227,0.7364243943191311,0.6109022556390977,False
Q8TF76_Q301L,Q8TF76,8,1,663,K,0.00029301312,0.0006887213,-0.011554956436157227,0.13909774436090225,0.5890559732664995,False
Q8TF76_Q301L,Q8TF76,8,1,664,K,0.0009099665,0.007212314,-0.011554956436157227,0.5923141186299081,0.49398496240601497,False
Q8TF76_Q301L,Q8TF76,8,1,665,L,0.0008831161,0.019536776,-0.011554956436157227,0.6169590643274854,0.5140768588137009,False
Q8TF76_Q301L,Q8TF76,8,1,666,H,0.0005935006,0.0019812423,-0.0014386177062988281,0.38512949039264827,0.6605680868838764,False
Q8TF76_Q301L,Q8TF76,8,1,667,Y,0.0012867508,0.01981623,0.006271839141845703,0.8368838763575606,0.6698830409356725,False
Q8TF76_Q301L,Q8TF76,8,1,668,T,0.0021188676,0.020943481,0.006271839141845703,0.8715538847117795,0.6534670008354219,False
Q8TF76_Q301L,Q8TF76,8,1,669,L,0.00069171144,0.0034974222,0.006271839141845703,0.638888888888889,0.6488721804511278,False
Q8TF76_Q301L,Q8TF76,8,1,670,N,0.00054110587,0.0023196444,0.006271839141845703,0.5348788638262323,0.6670843776106935,False
Q8TF76_Q301L,Q8TF76,8,1,671,G,0.000428349,0.0008197211,0.011531194051106771,0.36215538847117795,0.6679197994987469,False
Q8TF76_Q301L,Q8TF76,8,1,672,K,0.0023365393,0.053494684,0.020421981811523438,0.9279448621553885,0.7260651629072682,False
Q8TF76_Q301L,Q8TF76,8,1,673,S,0.0013567435,0.020104807,0.020421981811523438,0.8757309941520468,0.7847117794486216,False
Q8TF76_Q301L,Q8TF76,8,1,674,S,0.0029943413,0.03848252,0.020421981811523438,0.9296157059314955,0.7813700918964077,False
Q8TF76_Q301L,Q8TF76,8,1,675,T,0.0014937451,0.004961165,0.020421981811523438,0.828111946532999,0.7627401837928154,False
Q8TF76_Q301L,Q8TF76,8,1,676,I,0.0003115174,0.00071396213,0.03689114252726237,0.34544695071010856,0.6935672514619883,False
Q8TF76_Q301L,Q8TF76,8,1,677,P,0.0012307107,0.0051275473,0.04593968391418457,0.834795321637427,0.6958228905597327,False
Q8TF76_Q301L,Q8TF76,8,1,678,S,0.00044378033,0.0021070167,0.04593968391418457,0.5298663324979115,0.5949039264828738,False
Q8TF76_Q301L,Q8TF76,8,1,679,C,0.0024696556,0.030067367,0.04593968391418457,0.9408939014202171,0.631328320802005,False
Q8TF76_Q301L,Q8TF76,8,1,680,G,0.0002871747,0.00042560315,0.04593968391418457,0.3235171261487051,0.5804511278195489,False
Q8TF76_Q301L,Q8TF76,8,1,681,L,0.00042749356,0.0024070202,0.032703558603922524,0.5275689223057644,0.5893065998329157,False
Q8TF76_Q301L,Q8TF76,8,1,682,Q,0.00051094254,0.002634872,0.038030385971069336,0.5804093567251463,0.5966583124477862,False
Q8TF76_Q301L,Q8TF76,8,1,683,V,0.00045390739,0.0031522214,0.038030385971069336,0.5741436925647453,0.6802840434419382,False
Q8TF76_Q301L,Q8TF76,8,1,684,S,0.043035697,0.27756512,0.038030385971069336,0.9776524644945698,0.7156223893065998,False
Q8TF76_Q301L,Q8TF76,8,1,685,I,0.00074414973,0.006105096,0.038030385971069336,0.7416457811194653,0.7506683375104428,False
Q8TF76_Q301L,Q8TF76,8,1,686,I,0.0008853558,0.0028911973,0.012744426727294922,0.7042606516290727,0.774937343358396,False
Q8TF76_Q301L,Q8TF76,8,1,687,D,0.007118096,0.040690564,-0.015798091888427734,0.7556390977443609,0.6880116959064327,False
Q8TF76_Q301L,Q8TF76,8,1,688,Y,0.0018724198,0.01506509,-0.015798091888427734,0.6954887218045113,0.678529657477026,False
Q8TF76_Q301L,Q8TF76,8,1,689,T,0.0009084597,0.0032110484,-0.015798091888427734,0.5430242272347535,0.6644945697577277,False
Q8TF76_Q301L,Q8TF76,8,1,690,L,0.0015808042,0.018626254,-0.015798091888427734,0.6942355889724311,0.5418546365914787,False
Q8TF76_Q301L,Q8TF76,8,1,691,S,0.0014178492,0.0048546284,-0.009816964467366537,0.6340852130325815,0.491812865497076,False
Q8TF76_Q301L,Q8TF76,8,1,692,R,0.00038373325,0.00063521025,-0.017841100692749023,0.14243943191311612,0.456390977443609,False
Q8TF76_Q301L,Q8TF76,8,1,693,L,0.0005506158,0.0051101246,-0.017841100692749023,0.44527986633249794,0.4064327485380117,False
Q8TF76_Q301L,Q8TF76,8,1,694,E,0.0004128937,0.0041090213,-0.017841100692749023,0.3659147869674186,0.40668337510442776,False
Q8TF76_Q301L,Q8TF76,8,1,695,R,0.0004632265,0.014960138,-0.017841100692749023,0.4444444444444444,0.47965747702589817,False
Q8TF76_Q301L,Q8TF76,8,1,696,D,0.0010678853,0.010918972,-0.010317166646321615,0.6353383458646616,0.5710108604845447,False
Q8TF76_Q301L,Q8TF76,8,1,697,G,0.0005129056,0.0022757892,0.0034379959106445312,0.5073099415204678,0.675062656641604,False
Q8TF76_Q301L,Q8TF76,8,1,698,I,0.0044218544,0.081102125,0.0034379959106445312,0.902046783625731,0.7112781954887217,False
Q8TF76_Q301L,Q8TF76,8,1,699,V,0.0027090665,0.06524514,0.0034379959106445312,0.8861737677527151,0.7034252297410192,False
Q8TF76_Q301L,Q8TF76,8,1,700,V,0.00050427835,0.024149587,0.0034379959106445312,0.6255221386800335,0.7561821219715956,False
Q8TF76_Q301L,Q8TF76,8,1,701,F,0.0009486197,0.0065041045,-0.010314623514811197,0.5960735171261488,0.7133667502088554,False
Q8TF76_Q301L,Q8TF76,8,1,702,C,0.022345323,0.14920369,-0.016544580459594727,0.77109440267335,0.6809941520467836,False
Q8TF76_Q301L,Q8TF76,8,1,703,D,0.0012584294,0.02724465,-0.016544580459594727,0.68796992481203,0.6908103592314119,False
Q8TF76_Q301L,Q8TF76,8,1,704,V,0.0019055783,0.036787566,-0.016544580459594727,0.7243107769423558,0.6829573934837091,False
Q8TF76_Q301L,Q8TF76,8,1,705,S,0.0015102781,0.011652368,-0.016544580459594727,0.6746031746031745,0.6723475355054302,False
Q8TF76_Q301L,Q8TF76,8,1,706,M,0.0008236625,0.005782263,-0.024018605550130207,0.5568086883876358,0.5908103592314118,False
Q8TF76_Q301L,Q8TF76,8,1,707,D,0.0017773826,0.035383925,-0.038393259048461914,0.7180451127819549,0.5990810359231411,False
Q8TF76_Q301L,Q8TF76,8,1,708,E,0.00040157005,0.0017177634,-0.038393259048461914,0.2802840434419382,0.5329991645781119,False
Q8TF76_Q301L,Q8TF76,8,1,709,D,0.0061227498,0.107139714,-0.038393259048461914,0.7656641604010025,0.5085213032581455,False
Q8TF76_Q301L,Q8TF76,8,1,710,L,0.00056553405,0.0015725496,-0.038393259048461914,0.3441938178780284,0.45614035087719296,False
Q8TF76_Q301L,Q8TF76,8,1,711,F,0.00071695104,0.0019007298,-0.028513590494791668,0.4344193817878028,0.4856307435254804,False
Q8TF76_Q301L,Q8TF76,8,1,712,T,0.0005621226,0.0054477453,-0.023860454559326172,0.456140350877193,0.4654135338345865,False
Q8TF76_Q301L,Q8TF76,8,1,713,G,0.00070312124,0.0018721053,-0.023860454559326172,0.4277360066833751,0.4189640768588137,False
Q8TF76_Q301L,Q8TF76,8,1,714,D,0.0010476324,0.029693102,-0.023860454559326172,0.664578111946533,0.42589807852965744,False
Q8TF76_Q301L,Q8TF76,8,1,715,G,0.00028316042,0.0004261251,-0.023860454559326172,0.11194653299916457,0.4487886382623224,False
Q8TF76_Q301L,Q8TF76,8,1,716,D,0.0007586002,0.002342858,-0.01995674769083659,0.46908939014202167,0.39891395154553044,False
Q8TF76_Q301L,Q8TF76,8,1,717,Y,0.0011040868,0.0029375034,-0.010451793670654297,0.570593149540518,0.40292397660818713,False
Q8TF76_Q301L,Q8TF76,8,1,718,Q,0.00035007845,0.00088271557,-0.010451793670654297,0.1783625730994152,0.4934837092731829,False
Q8TF76_Q301L,Q8TF76,8,1,719,F,0.0016720683,0.012827715,-0.010451793670654297,0.6846282372598163,0.4598997493734336,False
Q8TF76_Q301L,Q8TF76,8,1,720,D,0.00078480976,0.008836594,-0.010451793670654297,0.5647451963241437,0.4547201336675021,False
Q8TF76_Q301L,Q8TF76,8,1,721,I,0.0005433781,0.0012378638,-0.008904774983723959,0.3011695906432748,0.49565580618212196,False
Q8TF76_Q301L,Q8TF76,8,1,722,Y,0.0009721877,0.0028104584,-0.008980035781860352,0.5446950710108606,0.5071846282372598,False
Q8TF76_Q301L,Q8TF76,8,1,723,R,0.0005724283,0.0020675324,-0.008980035781860352,0.3830409356725146,0.4372598162071847,False
Q8TF76_Q301L,Q8TF76,8,1,724,L,0.005234074,0.023970596,-0.008980035781860352,0.7422723475355054,0.45054302422723475,False
Q8TF76_Q301L,Q8TF76,8,1,725,M,0.0003727326,0.0011243819,-0.008980035781860352,0.21512113617376774,0.4512113617376775,False
Q8TF76_Q301L,Q8TF76,8,1,726,K,0.0005267933,0.0022174546,-0.004478613535563151,0.36758563074352546,0.5192147034252297,False
Q8TF76_Q301L,Q8TF76,8,1,727,K,0.00082774233,0.0048475526,-0.0006432533264160156,0.5480367585630743,0.5151211361737678,False
Q8TF76_Q301L,Q8TF76,8,1,728,E,0.0026255928,0.022540184,-0.0006432533264160156,0.7230576441102756,0.5327485380116959,False
Q8TF76_Q301L,Q8TF76,8,1,729,N,0.0016425648,0.0531946,-0.0006432533264160156,0.7218045112781954,0.5784461152882205,False
Q8TF76_Q301L,Q8TF76,8,1,730,N,0.00056300394,0.001190024,-0.0006432533264160156,0.3032581453634085,0.6434837092731829,False
Q8TF76_Q301L,Q8TF76,8,1,731,N,0.0005747571,0.0021906474,0.04147259394327799,0.5960735171261488,0.5984126984126984,False
Q8TF76_Q301L,Q8TF76,8,1,732,R,0.00121723,0.0123766875,0.06511425971984863,0.8732247284878863,0.5963659147869674,False
Q8TF76_Q301L,Q8TF76,8,1,733,W,0.0006098557,0.0008743214,0.06511425971984863,0.4977025898078529,0.6786967418546366,False
Q8TF76_Q301L,Q8TF76,8,1,734,G,0.000622638,0.0073622093,0.06511425971984863,0.7115705931495405,0.7248955722639933,False
Q8TF76_Q301L,Q8TF76,8,1,735,E,0.00071248715,0.003746845,0.06511425971984863,0.7149122807017544,0.7485380116959064,True
Q8TF76_Q301L,Q8TF76,8,1,736,Y,0.0010193646,0.006362547,0.07990248998006184,0.8270676691729323,0.7708437761069339,True
Q8TF76_Q301L,Q8TF76,8,1,737,H,0.014146252,0.13794684,0.11759161949157715,0.9914369256474519,0.7944026733500418,True
Q8TF76_Q301L,Q8TF76,8,1,738,P,0.0006148421,0.0018766562,0.11759161949157715,0.6092314118629908,0.8436925647451965,True
Q8TF76_Q301L,Q8TF76,8,1,739,Y,0.0010564247,0.005596007,0.11759161949157715,0.8293650793650794,0.8741854636591478,True
Q8TF76_Q301L,Q8TF76,8,1,740,S,0.002114439,0.10500219,0.11759161949157715,0.9613617376775272,0.8435254803675857,True
Q8TF76_Q301L,Q8TF76,8,1,741,N,0.004841354,0.09589236,0.07969427108764648,0.97953216374269,0.9131996658312447,True
Q8TF76_Q301L,Q8TF76,8,1,742,V,0.0013220774,0.0047364724,0.05668926239013672,0.8381370091896407,0.8794486215538846,True
Q8TF76_Q301L,Q8TF76,8,1,743,L,0.003207787,0.047160562,0.05668926239013672,0.9576023391812866,0.8071010860484545,True
Q8TF76_Q301L,Q8TF76,8,1,744,W,0.0006678855,0.0026664096,0.05668926239013672,0.660609857978279,0.7835421888053467,True
Q8TF76_Q301L,Q8TF76,8,1,745,L,0.00052255794,0.0027159217,0.05668926239013672,0.5996240601503758,0.7088972431077694,False
Q8TF76_Q301L,Q8TF76,8,1,746,H,0.0013191757,0.01151313,0.03180217742919922,0.8617376775271511,0.6290726817042606,False
Q8TF76_Q301L,Q8TF76,8,1,747,Y,0.00076784,0.0022022317,-0.0070362091064453125,0.46491228070175444,0.635296574770259,False
Q8TF76_Q301L,Q8TF76,8,1,748,L,0.0008202022,0.006109672,-0.0070362091064453125,0.5584795321637427,0.6636591478696742,False
Q8TF76_Q301L,Q8TF76,8,1,749,T,0.0018590532,0.014033804,-0.0070362091064453125,0.6917293233082707,0.5615705931495405,False
Q8TF76_Q301L,Q8TF76,8,1,750,D,0.0028179616,0.052375853,-0.0070362091064453125,0.7414369256474519,0.566750208855472,False
Q8TF76_Q301L,Q8TF76,8,1,751,K,0.00046124376,0.0010021301,0.0007449785868326823,0.35129490392648294,0.5404344193817878,False
Q8TF76_Q301L,Q8TF76,8,1,752,M,0.0007681691,0.0027852405,-0.0008323192596435547,0.4908103592314119,0.4529657477025898,False
Q8TF76_Q301L,Q8TF76,8,1,753,L,0.000555919,0.0036369632,-0.0008323192596435547,0.4269005847953216,0.43876357560568086,False
Q8TF76_Q301L,Q8TF76,8,1,754,K,0.00049124844,0.0010651601,-0.0008323192596435547,0.25438596491228066,0.49523809523809526,False
Q8TF76_Q301L,Q8TF76,8,1,755,Q,0.0018366606,0.00703606,-0.0008323192596435547,0.6704260651629074,0.5022138680033417,False
Q8TF76_Q301L,Q8TF76,8,1,756,M,0.00063386874,0.003852054,0.009434858957926432,0.6336675020885547,0.5595655806182122,False
Q8TF76_Q301L,Q8TF76,8,1,757,T,0.0005306807,0.0016010555,0.02313828468322754,0.5256892230576441,0.6043859649122807,False
Q8TF76_Q301L,Q8TF76,8,1,758,F,0.0009441549,0.002338909,0.02313828468322754,0.7136591478696742,0.6568086883876357,False
Q8TF76_Q301L,Q8TF76,8,1,759,K,0.00063667155,0.00081179343,0.02313828468322754,0.4784878863826232,0.641687552213868,False
Q8TF76_Q301L,Q8TF76,8,1,760,T,0.0023781008,0.048324443,0.02313828468322754,0.9325396825396824,0.7031746031746031,False
Q8TF76_Q301L,Q8TF76,8,1,761,K,0.00075389113,0.001185605,0.013607343037923178,0.558061821219716,0.6644945697577277,False
Q8TF76_Q301L,Q8TF76,8,1,762,C,0.0014685885,0.0070730974,0.01225733757019043,0.83312447786132,0.7456975772765246,False
Q8TF76_Q301L,Q8TF76,8,1,763,N,0.00058737345,0.001490683,0.01225733757019043,0.5202589807852965,0.7175438596491228,False
Q8TF76_Q301L,Q8TF76,8,1,764,T,0.0026973174,0.015847012,0.01225733757019043,0.8845029239766081,0.683625730994152,False
Q8TF76_Q301L,Q8TF76,8,1,765,P,0.0013859902,0.0037233438,0.01225733757019043,0.7917710944026733,0.6499164578111947,False
Q8TF76_Q301L,Q8TF76,8,1,766,A,0.00055613095,0.00076616456,0.00415500005086263,0.38847117794486213,0.6321637426900584,False
Q8TF76_Q301L,Q8TF76,8,1,767,M,0.0018916543,0.006007888,-0.008752107620239258,0.664578111946533,0.5538429406850459,False
Q8TF76_Q301L,Q8TF76,8,1,768,K,0.0009236039,0.0012332042,-0.008752107620239258,0.43149540517961565,0.5324979114452799,False
Q8TF76_Q301L,Q8TF76,8,1,769,Q,0.000744077,0.0030732036,-0.008752107620239258,0.49289891395154556,0.5072681704260652,False
Q8TF76_Q301L,Q8TF76,8,1,770,I,0.0015762959,0.015194107,-0.008752107620239258,0.685045948203843,0.42623224728487885,False
Q8TF76_Q301L,Q8TF76,8,1,771,K,0.0006533559,0.00064782077,-0.005827267964680989,0.2623224728487886,0.4294903926482874,False
Q8TF76_Q301L,Q8TF76,8,1,772,R,0.0006595867,0.00061744807,-0.006013631820678711,0.2593984962406015,0.46274018379281545,False
Q8TF76_Q301L,Q8TF76,8,1,773,K,0.00070602295,0.0022600314,-0.006013631820678711,0.4477861319966583,0.41812865497076024,False
Q8TF76_Q301L,Q8TF76,8,1,774,I,0.0015433996,0.006954137,-0.006013631820678711,0.6591478696741855,0.46040100250626564,False
Q8TF76_Q301L,Q8TF76,8,1,775,Q,0.0009388008,0.0014991479,-0.006013631820678711,0.4619883040935672,0.5505847953216374,False
Q8TF76_Q301L,Q8TF76,8,1,776,E,0.00076880853,0.0023484393,-0.002720355987548828,0.47368421052631576,0.6289891395154553,False
Q8TF76_Q301L,Q8TF76,8,1,777,F,0.0010803852,0.0033337772,0.0019443035125732422,0.7103174603174603,0.630952380952381,False
Q8TF76_Q301L,Q8TF76,8,1,778,H,0.0023080888,0.01618005,0.0019443035125732422,0.8398078529657477,0.6799498746867167,False
Q8TF76_Q301L,Q8TF76,8,1,779,R,0.0010661668,0.0022627197,0.0019443035125732422,0.6689640768588138,0.714202172096909,False
Q8TF76_Q301L,Q8TF76,8,1,780,T,0.00089560746,0.0054919464,0.0019443035125732422,0.7069757727652464,0.6237677527151212,False
Q8TF76_Q301L,Q8TF76,8,1,781,M,0.0013752197,0.0061459984,-0.0020314852396647134,0.6449456975772766,0.5391812865497077,False
Q8TF76_Q301L,Q8TF76,8,1,782,L,0.00044650288,0.0012915784,-0.0030584335327148438,0.2581453634085213,0.5074770258980785,False
Q8TF76_Q301L,Q8TF76,8,1,783,N,0.0006505241,0.002147852,-0.0030584335327148438,0.41687552213868,0.4609857978279031,False
Q8TF76_Q301L,Q8TF76,8,1,784,F,0.0006921,0.00540652,-0.0030584335327148438,0.5104427736006684,0.42372598162071845,False
Q8TF76_Q301L,Q8TF76,8,1,785,S,0.000603856,0.0054672454,-0.0030584335327148438,0.47451963241436923,0.4753550543024227,False
Q8TF76_Q301L,Q8TF76,8,1,786,S,0.0005927191,0.0047050775,-0.004969437917073567,0.4586466165413534,0.46808688387635755,False
Q8TF76_Q301L,Q8TF76,8,1,787,A,0.00068364665,0.0064019263,-0.00938725471496582,0.5162907268170426,0.42406015037593986,False
Q8TF76_Q301L,Q8TF76,8,1,788,T,0.000539013,0.0023637717,-0.007030010223388672,0.3805346700083542,0.4117794486215539,False
Q8TF76_Q301L,Q8TF76,8,1,789,D,0.00035331008,0.0020159432,-0.007030010223388672,0.2903091060985798,0.39866332497911444,False
Q8TF76_Q301L,Q8TF76,8,1,790,L,0.00049201207,0.00478045,-0.007030010223388672,0.41311612364243944,0.40267335004177107,False
Q8TF76_Q301L,Q8TF76,8,1,791,L,0.0005646845,0.0023735918,-0.007030010223388672,0.39306599832915623,0.43007518796992483,False
Q8TF76_Q301L,Q8TF76,8,1,792,C,0.0006992268,0.009033504,-0.005553483963012695,0.5363408521303258,0.4636591478696742,False
Q8TF76_Q301L,Q8TF76,8,1,793,Q,0.00069802214,0.0058104503,-0.005553483963012695,0.5175438596491228,0.4934001670843776,False
Q8TF76_Q301L,Q8TF76,8,1,794,H,0.00077176746,0.0020152,-0.005553483963012695,0.4582289055973267,0.5284878863826232,False
Q8TF76_Q301L,Q8TF76,8,1,795,S,0.000788683,0.0074491114,-0.005553483963012695,0.5618212197159566,0.5048454469507101,False
Q8TF76_Q301L,Q8TF76,8,1,796,L,0.0009421767,0.0041956985,-0.005553483963012695,0.5685045948203843,0.4323308270676692,False
Q8TF76_Q301L,Q8TF76,8,1,797,F,0.00076126057,0.0015164142,-0.002315521240234375,0.4181286549707603,0.4258563074352548,False
Q8TF76_Q301L,Q8TF76,8,1,798,K,0.0003803081,0.0007201271,-0.002315521240234375,0.15497076023391812,0.3805346700083542,False
WT_Q15722,Q15722,16,2,1,M,0.0016375947,0.004572046,-0.010673046112060547,0.3082386363636364,0.3846275252525253,False
WT_Q15722,Q15722,16,2,2,N,0.0031382875,0.011252597,-0.010673046112060547,0.5184659090909092,0.368844696969697,False
WT_Q15722,Q15722,16,2,3,T,0.0019873483,0.003928769,-0.010673046112060547,0.32717803030303033,0.3548295454545455,False
WT_Q15722,Q15722,16,2,4,T,0.0016333202,0.0054235035,-0.010673046112060547,0.3214962121212121,0.3632575757575758,False
WT_Q15722,Q15722,16,2,5,S,0.0017692915,0.0036339224,-0.010673046112060547,0.2987689393939394,0.37339015151515154,False
WT_Q15722,Q15722,16,2,6,S,0.0013159317,0.0028717178,0.011918067932128906,0.3503787878787879,0.4660984848484849,False
WT_Q15722,Q15722,16,2,7,A,0.0030757443,0.006489147,0.011918067932128906,0.569128787878788,0.5148674242424243,False
WT_Q15722,Q15722,16,2,8,A,0.006777182,0.036522254,0.011918067932128906,0.7907196969696969,0.5352272727272728,False
WT_Q15722,Q15722,16,2,9,P,0.0023451785,0.008277454,0.011918067932128906,0.5653409090909091,0.5801136363636363,False
WT_Q15722,Q15722,16,2,10,P,0.0015411419,0.0034588685,0.011918067932128906,0.4005681818181818,0.5839962121212121,False
WT_Q15722,Q15722,16,2,11,S,0.0025699227,0.008633923,0.0089418093363444,0.5748106060606061,0.5130681818181817,False
WT_Q15722,Q15722,16,2,12,L,0.0020748812,0.00827963,0.018749237060546875,0.5885416666666666,0.5411931818181819,False
WT_Q15722,Q15722,16,2,13,G,0.0009896052,0.008523999,0.018749237060546875,0.4360795454545454,0.5874999999999999,False
WT_Q15722,Q15722,16,2,14,V,0.0024135157,0.01632073,0.018749237060546875,0.7059659090909091,0.5755681818181817,False
WT_Q15722,Q15722,16,2,15,E,0.0022604924,0.010412715,0.018749237060546875,0.6321022727272726,0.5755681818181817,False
WT_Q15722,Q15722,16,2,16,F,0.0020256804,0.009493426,0.0036106109619140625,0.5151515151515151,0.6140151515151515,False
WT_Q15722,Q15722,16,2,17,I,0.0045748707,0.016441649,-0.011838674545288086,0.5885416666666666,0.5297348484848484,False
WT_Q15722,Q15722,16,2,18,S,0.0035544527,0.051489595,-0.011838674545288086,0.6283143939393939,0.44431818181818183,False
WT_Q15722,Q15722,16,2,19,L,0.0012942195,0.005867846,-0.011838674545288086,0.284564393939394,0.36183712121212125,False
WT_Q15722,Q15722,16,2,20,L,0.0010222695,0.004452504,-0.011838674545288086,0.20501893939393942,0.2775568181818182,False
WT_Q15722,Q15722,16,2,21,A,0.0005980065,0.0027817965,-0.011610190073649088,0.10274621212121211,0.18191287878787882,False
WT_Q15722,Q15722,16,2,22,I,0.00079935393,0.0043606595,-0.018909931182861328,0.16714015151515152,0.1635416666666667,False
WT_Q15722,Q15722,16,2,23,I,0.0009388689,0.0030675756,-0.018909931182861328,0.150094696969697,0.22869318181818182,False
WT_Q15722,Q15722,16,2,24,L,0.0009416008,0.0046102293,-0.018909931182861328,0.19270833333333334,0.2701704545454545,False
WT_Q15722,Q15722,16,2,25,L,0.0025996673,0.013945964,-0.018909931182861328,0.5307765151515151,0.32850378787878787,False
WT_Q15722,Q15722,16,2,26,S,0.0015069232,0.0054398286,-0.0035112698872884116,0.31013257575757575,0.434375,False
WT_Q15722,Q15722,16,2,27,V,0.0015349585,0.0075897956,0.008066415786743164,0.4588068181818182,0.4567234848484848,False
WT_Q15722,Q15722,16,2,28,A,0.002533847,0.024547255,0.008066415786743164,0.6794507575757577,0.4618371212121213,False
WT_Q15722,Q15722,16,2,29,L,0.0009004455,0.005108878,0.008066415786743164,0.30445075757575757,0.4676136363636364,False
WT_Q15722,Q15722,16,2,30,A,0.0021771707,0.0092907,0.008066415786743164,0.556344696969697,0.4367424242424243,False
WT_Q15722,Q15722,16,2,31,V,0.0012120425,0.0029839952,0.012224197387695312,0.33901515151515155,0.3912878787878788,False
WT_Q15722,Q15722,16,2,32,G,0.0007266608,0.0028471486,0.023912906646728516,0.30445075757575757,0.49356060606060603,False
WT_Q15722,Q15722,16,2,33,L,0.0010061216,0.008113403,0.023912906646728516,0.4521780303030303,0.4450757575757576,False
WT_Q15722,Q15722,16,2,34,P,0.0036234634,0.043928027,0.023912906646728516,0.8158143939393939,0.4357954545454545,False
WT_Q15722,Q15722,16,2,35,G,0.0009057601,0.0021937254,0.023912906646728516,0.31392045454545453,0.4357954545454545,False
WT_Q15722,Q15722,16,2,36,N,0.0010536911,0.0030841248,0.008832295735677084,0.29261363636363635,0.4498106060606061,False
WT_Q15722,Q15722,16,2,37,S,0.00129215,0.0073380494,-0.00039458274841308594,0.30445075757575757,0.3125,False
WT_Q15722,Q15722,16,2,38,F,0.0028159805,0.012156389,-0.00039458274841308594,0.522253787878788,0.2882575757575757,False
WT_Q15722,Q15722,16,2,39,V,0.0009040736,0.0024500936,-0.00039458274841308594,0.12926136363636365,0.35142045454545456,False
WT_Q15722,Q15722,16,2,40,V,0.0010532478,0.0036603494,-0.00039458274841308594,0.19270833333333334,0.3722537878787879,False
WT_Q15722,Q15722,16,2,41,W,0.0032162922,0.032842856,-0.009198506673177084,0.6084280303030303,0.31297348484848486,False
WT_Q15722,Q15722,16,2,42,S,0.0017680363,0.009198348,-0.02406764030456543,0.4086174242424243,0.4053977272727273,False
WT_Q15722,Q15722,16,2,43,I,0.0010404389,0.005382602,-0.02406764030456543,0.22585227272727273,0.39498106060606064,False
WT_Q15722,Q15722,16,2,44,L,0.0027100914,0.03189614,-0.02406764030456543,0.5913825757575758,0.2866477272727273,False
WT_Q15722,Q15722,16,2,45,K,0.0007833699,0.0034503574,-0.02406764030456543,0.140625,0.26278409090909094,False
WT_Q15722,Q15722,16,2,46,R,0.00059281016,0.001417149,-0.014835357666015625,0.06676136363636363,0.24081439393939394,False
WT_Q15722,Q15722,16,2,47,M,0.0009814646,0.009613123,-0.011588573455810547,0.28929924242424243,0.13683712121212122,False
WT_Q15722,Q15722,16,2,48,Q,0.00076789927,0.0027690085,-0.011588573455810547,0.11600378787878789,0.1516098484848485,False
WT_Q15722,Q15722,16,2,49,K,0.0005552137,0.001660718,-0.011588573455810547,0.07149621212121213,0.23645833333333335,False
WT_Q15722,Q15722,16,2,50,R,0.0010515895,0.0044844067,-0.011588573455810547,0.21448863636363638,0.2487689393939394,False
WT_Q15722,Q15722,16,2,51,S,0.0023904054,0.011573729,-0.009310722351074219,0.4910037878787879,0.25615530303030304,False
WT_Q15722,Q15722,16,2,52,V,0.0013650565,0.008832463,-0.0005629062652587891,0.3508522727272727,0.29990530303030305,False
WT_Q15722,Q15722,16,2,53,T,0.00065276667,0.004434011,-0.0005629062652587891,0.15293560606060608,0.2749053030303031,False
WT_Q15722,Q15722,16,2,54,A,0.0014155739,0.0050158272,-0.0005629062652587891,0.29024621212121215,0.23304924242424244,False
WT_Q15722,Q15722,16,2,55,L,0.00050820503,0.0025442003,-0.0005629062652587891,0.08948863636363637,0.18229166666666669,False
WT_Q15722,Q15722,16,2,56,M,0.0011062397,0.007528956,-0.0028279622395833335,0.28172348484848486,0.19365530303030304,False
WT_Q15722,Q15722,16,2,57,V,0.00078122463,0.0018749108,-0.006056547164916992,0.09706439393939394,0.16941287878787878,False
WT_Q15722,Q15722,16,2,58,L,0.0010825965,0.0040073786,-0.006056547164916992,0.20975378787878787,0.18267045454545455,False
WT_Q15722,Q15722,16,2,59,N,0.0009939031,0.0034273812,-0.006056547164916992,0.16903409090909094,0.22462121212121217,False
WT_Q15722,Q15722,16,2,60,L,0.0008865805,0.0035943033,-0.006056547164916992,0.15577651515151517,0.2772727272727273,False
WT_Q15722,Q15722,16,2,61,A,0.001066149,0.004645809,0.11617819468180339,0.49147727272727276,0.39678030303030304,False
WT_Q15722,Q15722,16,2,62,L,0.0006667759,0.002089717,0.17664480209350586,0.3603219696969697,0.5066287878787878,False
WT_Q15722,Q15722,16,2,63,A,0.0023124958,0.01935916,0.17664480209350586,0.8072916666666666,0.5984848484848485,False
WT_Q15722,Q15722,16,2,64,D,0.001958222,0.010994237,0.17664480209350586,0.7182765151515151,0.6645833333333333,False
WT_Q15722,Q15722,16,2,65,L,0.0011024248,0.011333566,0.17664480209350586,0.6150568181818182,0.6897727272727272,False
WT_Q15722,Q15722,16,2,66,A,0.001976145,0.034398742,0.2509779930114746,0.8219696969696969,0.728030303030303,True
WT_Q15722,Q15722,16,2,67,V,0.0009157201,0.005634742,0.3801460266113281,0.48626893939393945,0.7066287878787879,True
WT_Q15722,Q15722,16,2,68,L,0.097581424,0.29742217,0.3801460266113281,0.9985795454545454,0.7676136363636363,True
WT_Q15722,Q15722,16,2,69,L,0.0011721816,0.009473655,0.3801460266113281,0.6112689393939393,0.7640151515151515,True
WT_Q15722,Q15722,16,2,70,T,0.0046750857,0.037546575,0.3801460266113281,0.9199810606060606,0.7971590909090909,True
WT_Q15722,Q15722,16,2,71,A,0.0021104717,0.019362753,0.2708725929260254,0.8039772727272728,0.7651515151515151,True
WT_Q15722,Q15722,16,2,72,P,0.0014204156,0.009650686,0.22598505020141602,0.6519886363636364,0.8280303030303029,True
WT_Q15722,Q15722,16,2,73,F,0.0022214004,0.035154134,0.22598505020141602,0.8385416666666666,0.7568181818181818,True
WT_Q15722,Q15722,16,2,74,F,0.004410948,0.074664995,0.22598505020141602,0.9256628787878788,0.7274621212121212,True
WT_Q15722,Q15722,16,2,75,L,0.0013170736,0.0059431433,0.22598505020141602,0.5639204545454546,0.7867424242424242,True
WT_Q15722,Q15722,16,2,76,H,0.0012968979,0.01191168,0.19880946477254233,0.6571969696969697,0.7388257575757576,True
WT_Q15722,Q15722,16,2,77,F,0.010425578,0.10117442,0.09839200973510742,0.9483901515151514,0.6842803030303031,True
WT_Q15722,Q15722,16,2,78,L,0.0011128032,0.011266564,0.09839200973510742,0.5989583333333334,0.7026515151515151,True
WT_Q15722,Q15722,16,2,79,A,0.0017973755,0.008577885,0.09839200973510742,0.6529356060606061,0.75,True
WT_Q15722,Q15722,16,2,80,Q,0.0013521442,0.0128090745,0.09839200973510742,0.6557765151515151,0.7475378787878788,True
WT_Q15722,Q15722,16,2,81,G,0.003864996,0.08947881,0.09255266189575195,0.893939393939394,0.7837121212121212,True
WT_Q15722,Q15722,16,2,82,T,0.005383687,0.101478346,0.11266613006591797,0.9360795454545454,0.8477272727272727,True
WT_Q15722,Q15722,16,2,83,W,0.0019510379,0.020148898,0.11266613006591797,0.7798295454545454,0.9075757575757576,True
WT_Q15722,Q15722,16,2,84,S,0.011774629,0.14551231,0.11266613006591797,0.9730113636363636,0.8808712121212121,True
WT_Q15722,Q15722,16,2,85,F,0.011699106,0.0638135,0.11266613006591797,0.9550189393939394,0.8784090909090908,True
WT_Q15722,Q15722,16,2,86,G,0.0029388187,0.0105256,0.10522238413492839,0.7604166666666666,0.8755681818181819,True
WT_Q15722,Q15722,16,2,87,L,0.00554955,0.13581039,0.08560442924499512,0.9237689393939393,0.8679924242424242,True
WT_Q15722,Q15722,16,2,88,A,0.0026431768,0.012704685,0.08560442924499512,0.765625,0.8645833333333333,True
WT_Q15722,Q15722,16,2,89,G,0.010181182,0.08138428,0.08560442924499512,0.9351325757575757,0.8678030303030303,True
WT_Q15722,Q15722,16,2,90,C,0.011956132,0.07454724,0.08560442924499512,0.9379734848484849,0.809280303030303,True
WT_Q15722,Q15722,16,2,91,R,0.0028831176,0.013808218,0.08317057291666667,0.7765151515151515,0.7852272727272728,True
WT_Q15722,Q15722,16,2,92,L,0.0015205168,0.010045296,0.08431887626647949,0.6311553030303031,0.7859848484848485,True
WT_Q15722,Q15722,16,2,93,C,0.0014004039,0.012330887,0.08431887626647949,0.6453598484848485,0.7509469696969697,True
WT_Q15722,Q15722,16,2,94,H,0.010770329,0.10740566,0.08431887626647949,0.9389204545454546,0.6878787878787879,False
WT_Q15722,Q15722,16,2,95,Y,0.003082175,0.011701235,0.08431887626647949,0.7627840909090908,0.6681818181818182,False
WT_Q15722,Q15722,16,2,96,V,0.001058191,0.0056591397,0.04637829462687174,0.46117424242424243,0.6958333333333334,False
WT_Q15722,Q15722,16,2,97,C,0.0014123139,0.008052119,0.024399995803833008,0.5326704545454546,0.6767045454545454,False
WT_Q15722,Q15722,16,2,98,G,0.002512364,0.0360373,0.024399995803833008,0.7836174242424243,0.7017045454545455,False
WT_Q15722,Q15722,16,2,99,V,0.004090127,0.0819371,0.024399995803833008,0.8432765151515151,0.6964015151515152,False
WT_Q15722,Q15722,16,2,100,S,0.007606844,0.12623015,0.024399995803833008,0.8877840909090909,0.7234848484848484,False
WT_Q15722,Q15722,16,2,101,M,0.00095866085,0.0056032008,0.048702398935953774,0.4346590909090909,0.6289772727272727,False
WT_Q15722,Q15722,16,2,102,Y,0.0017569504,0.012773015,0.03390216827392578,0.6680871212121212,0.5482954545454546,False
WT_Q15722,Q15722,16,2,103,A,0.000834239,0.0015284604,0.03390216827392578,0.31107954545454547,0.4325757575757576,False
WT_Q15722,Q15722,16,2,104,S,0.00122531,0.0036620751,0.03390216827392578,0.43986742424242425,0.4958333333333334,False
WT_Q15722,Q15722,16,2,105,V,0.00070775556,0.0021302565,0.03390216827392578,0.309185606060606,0.5551136363636363,False
WT_Q15722,Q15722,16,2,106,L,0.002287434,0.016691914,0.052060604095458984,0.7509469696969697,0.6678030303030302,False
WT_Q15722,Q15722,16,2,107,L,0.024978027,0.16842115,0.09284234046936035,0.9644886363636364,0.7348484848484848,False
WT_Q15722,Q15722,16,2,108,I,0.0045798738,0.031852376,0.09284234046936035,0.8745265151515151,0.7490530303030303,False
WT_Q15722,Q15722,16,2,109,T,0.0022700178,0.017007994,0.09284234046936035,0.7750946969696969,0.6943181818181818,False
WT_Q15722,Q15722,16,2,110,A,0.00083262037,0.0029328733,0.09284234046936035,0.3802083333333333,0.5964015151515152,False
WT_Q15722,Q15722,16,2,111,M,0.0011021969,0.0054348106,0.06005509694417318,0.4772727272727273,0.4979166666666667,False
WT_Q15722,Q15722,16,2,112,S,0.0012458242,0.004690713,0.04142904281616211,0.47490530303030304,0.4950757575757575,False
WT_Q15722,Q15722,16,2,113,L,0.0006426035,0.004855311,0.04142904281616211,0.38210227272727276,0.5054924242424242,False
WT_Q15722,Q15722,16,2,114,D,0.0023128893,0.019507807,0.04142904281616211,0.7608901515151515,0.546780303030303,False
WT_Q15722,Q15722,16,2,115,R,0.0010227306,0.0046274113,0.04142904281616211,0.4322916666666667,0.48522727272727273,False
WT_Q15722,Q15722,16,2,116,S,0.0015442339,0.021651482,0.03119214375813802,0.6837121212121212,0.5041666666666667,False
WT_Q15722,Q15722,16,2,117,L,0.0007261583,0.002554457,0.002599477767944336,0.16714015151515152,0.4053030303030303,False
WT_Q15722,Q15722,16,2,118,A,0.0013220932,0.014761955,0.002599477767944336,0.4767992424242424,0.4111742424242424,False
WT_Q15722,Q15722,16,2,119,V,0.0010373951,0.0044152876,0.002599477767944336,0.26657196969696967,0.38257575757575757,False
WT_Q15722,Q15722,16,2,120,A,0.0015638293,0.010309138,0.002599477767944336,0.46164772727272724,0.43939393939393934,False
WT_Q15722,Q15722,16,2,121,R,0.0014182561,0.01472207,0.008305867513020834,0.540719696969697,0.4850378787878788,False
WT_Q15722,Q15722,16,2,122,P,0.0010784181,0.008549887,0.015218496322631836,0.4512310606060606,0.525,False
WT_Q15722,Q15722,16,2,123,F,0.0017826363,0.054661423,0.015218496322631836,0.7050189393939394,0.5369318181818182,False
WT_Q15722,Q15722,16,2,124,V,0.0012028855,0.0082667535,0.015218496322631836,0.46638257575757575,0.5200757575757576,False
WT_Q15722,Q15722,16,2,125,S,0.0012813482,0.010711377,0.015218496322631836,0.5213068181818182,0.47064393939393945,False
WT_Q15722,Q15722,16,2,126,Q,0.0008019546,0.016402876,0.010594050089518229,0.456439393939394,0.40397727272727274,False
WT_Q15722,Q15722,16,2,127,K,0.00063921034,0.0018602435,0.010531902313232422,0.20407196969696972,0.3517045454545455,False
WT_Q15722,Q15722,16,2,128,L,0.0011632016,0.005003747,0.010531902313232422,0.37168560606060613,0.3592803030303031,False
WT_Q15722,Q15722,16,2,129,R,0.00076884066,0.0013908059,0.010531902313232422,0.20501893939393942,0.3511363636363637,False
WT_Q15722,Q15722,16,2,130,T,0.0018683199,0.010421375,0.010531902313232422,0.5591856060606061,0.4621212121212122,False
WT_Q15722,Q15722,16,2,131,K,0.001281315,0.006375559,0.011818408966064453,0.41571969696969696,0.5174242424242423,False
WT_Q15722,Q15722,16,2,132,A,0.005611521,0.038142435,0.007868289947509766,0.7589962121212123,0.5785984848484848,False
WT_Q15722,Q15722,16,2,133,M,0.0018716144,0.035304613,0.007868289947509766,0.6482007575757576,0.5589015151515152,False
WT_Q15722,Q15722,16,2,134,A,0.000927356,0.049115114,0.007868289947509766,0.5108901515151515,0.5700757575757576,False
WT_Q15722,Q15722,16,2,135,R,0.0012487216,0.010540394,0.007868289947509766,0.46070075757575757,0.5045454545454545,False
WT_Q15722,Q15722,16,2,136,R,0.0010747175,0.012443699,0.009435653686523438,0.4715909090909091,0.48636363636363633,False
WT_Q15722,Q15722,16,2,137,V,0.0010101477,0.00897754,0.013480901718139648,0.43134469696969696,0.5246212121212122,False
WT_Q15722,Q15722,16,2,138,L,0.0012648184,0.015145132,0.013480901718139648,0.5572916666666666,0.5196969696969697,False
WT_Q15722,Q15722,16,2,139,A,0.004736058,0.011908617,0.013480901718139648,0.7021780303030303,0.4763257575757576,False
WT_Q15722,Q15722,16,2,140,G,0.0011896953,0.007169498,0.013480901718139648,0.4360795454545454,0.47518939393939386,False
WT_Q15722,Q15722,16,2,141,I,0.0006316311,0.0023534258,0.015338738759358725,0.25473484848484845,0.42386363636363633,False
WT_Q15722,Q15722,16,2,142,W,0.0015764268,0.0031103315,0.015812397003173828,0.42566287878787873,0.4119318181818182,False
WT_Q15722,Q15722,16,2,143,V,0.0010216687,0.0020420926,0.015812397003173828,0.3006628787878788,0.48522727272727273,False
WT_Q15722,Q15722,16,2,144,L,0.0021646875,0.01197545,0.015812397003173828,0.6425189393939393,0.5632575757575757,False
WT_Q15722,Q15722,16,2,145,S,0.006918759,0.025942545,0.015812397003173828,0.8025568181818182,0.5981060606060606,False
WT_Q15722,Q15722,16,2,146,F,0.0015388825,0.019055746,0.019693851470947266,0.6448863636363636,0.6893939393939393,False
WT_Q15722,Q15722,16,2,147,L,0.00197489,0.008715207,0.023255586624145508,0.5999053030303031,0.6301136363636364,False
WT_Q15722,Q15722,16,2,148,L,0.0029998913,0.019918598,0.023255586624145508,0.7571022727272726,0.6087121212121211,False
WT_Q15722,Q15722,16,2,149,A,0.0010058946,0.0032238953,0.023255586624145508,0.34611742424242425,0.6397727272727273,False
WT_Q15722,Q15722,16,2,150,T,0.0022489533,0.015664218,0.023255586624145508,0.6955492424242423,0.6988636363636364,False
WT_Q15722,Q15722,16,2,151,P,0.002556195,0.023316404,0.07217756907145183,0.8001893939393939,0.7215909090909091,True
WT_Q15722,Q15722,16,2,152,V,0.003871956,0.053748026,0.0987391471862793,0.8953598484848485,0.790530303030303,True
WT_Q15722,Q15722,16,2,153,L,0.004413851,0.02816171,0.0987391471862793,0.8707386363636364,0.8070075757575758,True
WT_Q15722,Q15722,16,2,154,A,0.001609704,0.012601813,0.0987391471862793,0.6908143939393939,0.7454545454545455,True
WT_Q15722,Q15722,16,2,155,Y,0.0018456922,0.02840116,0.0987391471862793,0.7779356060606061,0.7611742424242425,True
WT_Q15722,Q15722,16,2,156,R,0.0010188514,0.0075425287,0.07994937896728516,0.49242424242424243,0.7310606060606061,True
WT_Q15722,Q15722,16,2,157,T,0.018380506,0.15470834,0.10619568824768066,0.9739583333333334,0.678409090909091,True
WT_Q15722,Q15722,16,2,158,V,0.0017119129,0.014487666,0.10619568824768066,0.7201704545454546,0.7083333333333334,True
WT_Q15722,Q15722,16,2,159,V,0.0006121113,0.0054062963,0.10619568824768066,0.4275568181818182,0.6982954545454547,False
WT_Q15722,Q15722,16,2,160,P,0.0045667673,0.13511099,0.10619568824768066,0.9275568181818182,0.5214015151515151,False
WT_Q15722,Q15722,16,2,161,W,0.0009862117,0.0062227976,0.036879380544026695,0.44223484848484845,0.5007575757575757,False
WT_Q15722,Q15722,16,2,162,K,0.00074865075,0.0018469471,-0.029691696166992188,0.08948863636363635,0.55,False
WT_Q15722,Q15722,16,2,163,T,0.0042830766,0.031675212,-0.029691696166992188,0.6169507575757576,0.500189393939394,False
WT_Q15722,Q15722,16,2,164,N,0.005640366,0.09475521,-0.029691696166992188,0.6737689393939394,0.5550189393939394,False
WT_Q15722,Q15722,16,2,165,M,0.0059044585,0.116308205,-0.029691696166992188,0.678503787878788,0.6707386363636363,False
WT_Q15722,Q15722,16,2,166,S,0.020677324,0.19553,-0.07098245620727539,0.7163825757575757,0.6722537878787879,False
WT_Q15722,Q15722,16,2,167,L,0.0045463755,0.14339934,-0.12765860557556152,0.6680871212121212,0.6728219696969697,False
WT_Q15722,Q15722,16,2,168,C,0.0043842187,0.033314575,-0.12765860557556152,0.6245265151515151,0.6508522727272728,False
WT_Q15722,Q15722,16,2,169,F,0.009122709,0.04840252,-0.12765860557556152,0.6766098484848485,0.6010416666666667,False
WT_Q15722,Q15722,16,2,170,P,0.0023176346,0.033151623,-0.12765860557556152,0.5686553030303031,0.5991477272727274,False
WT_Q15722,Q15722,16,2,171,R,0.002931002,0.008502003,-0.09067185719807942,0.4673295454545454,0.6072916666666666,False
WT_Q15722,Q15722,16,2,172,Y,0.004973443,0.055705804,-0.08513116836547852,0.6586174242424242,0.5627840909090909,False
WT_Q15722,Q15722,16,2,173,P,0.0067767203,0.044127867,-0.08513116836547852,0.665246212121212,0.5057765151515151,False
WT_Q15722,Q15722,16,2,174,S,0.0017327368,0.013011168,-0.08513116836547852,0.4540719696969697,0.5057765151515151,False
WT_Q15722,Q15722,16,2,175,E,0.0010849668,0.007967236,-0.08513116836547852,0.28361742424242425,0.5300189393939394,False
WT_Q15722,Q15722,16,2,176,G,0.0014186065,0.02412669,-0.042901833852132164,0.46732954545454547,0.549905303030303,False
WT_Q15722,Q15722,16,2,177,H,0.0048988513,0.035631556,0.012429237365722656,0.7798295454545454,0.5631628787878789,False
WT_Q15722,Q15722,16,2,178,R,0.0048150993,0.030664725,0.012429237365722656,0.7646780303030303,0.6737689393939393,False
WT_Q15722,Q15722,16,2,179,A,0.0019629237,0.0068295863,0.012429237365722656,0.5203598484848485,0.7053030303030303,False
WT_Q15722,Q15722,16,2,180,F,0.008640767,0.12928727,0.012429237365722656,0.8366477272727272,0.6424242424242423,False
WT_Q15722,Q15722,16,2,181,H,0.0017650824,0.034526937,0.006487210591634114,0.625,0.578219696969697,False
WT_Q15722,Q15722,16,2,182,L,0.0012923471,0.0068168584,0.01807999610900879,0.465435606060606,0.5630681818181819,False
WT_Q15722,Q15722,16,2,183,I,0.0014997951,0.004175418,0.01807999610900879,0.44365530303030304,0.4821969696969696,False
WT_Q15722,Q15722,16,2,184,F,0.0011313776,0.0071373754,0.01807999610900879,0.4446022727272727,0.4412878787878788,False
WT_Q15722,Q15722,16,2,185,E,0.0014002455,0.004237036,0.01807999610900879,0.4322916666666667,0.3672348484848485,False
WT_Q15722,Q15722,16,2,186,A,0.0011736717,0.007983961,0.009929021199544271,0.42045454545454547,0.36875,False
WT_Q15722,Q15722,16,2,187,V,0.00068278756,0.0021357997,-0.005884885787963867,0.09517045454545454,0.32083333333333336,False
WT_Q15722,Q15722,16,2,188,T,0.0017925574,0.011934296,-0.005884885787963867,0.4512310606060606,0.3308712121212121,False
WT_Q15722,Q15722,16,2,189,G,0.0010787145,0.0038902245,-0.005884885787963867,0.20501893939393942,0.2923295454545455,False
WT_Q15722,Q15722,16,2,190,F,0.0018326229,0.014973223,-0.005884885787963867,0.4824810606060606,0.3118371212121212,False
WT_Q15722,Q15722,16,2,191,L,0.0010462389,0.005164597,-0.02621618906656901,0.22774621212121215,0.26581439393939393,False
WT_Q15722,Q15722,16,2,192,L,0.0010024441,0.00432474,-0.03662586212158203,0.19270833333333334,0.3578598484848485,False
WT_Q15722,Q15722,16,2,193,P,0.0012795008,0.003158846,-0.03662586212158203,0.22111742424242423,0.2857007575757576,False
WT_Q15722,Q15722,16,2,194,F,0.0060740183,0.053316,-0.03662586212158203,0.6652462121212122,0.3536931818181818,False
WT_Q15722,Q15722,16,2,195,L,0.00090953533,0.0020929838,-0.03662586212158203,0.12168560606060606,0.43210227272727275,False
WT_Q15722,Q15722,16,2,196,A,0.0035809823,0.01616006,-0.06348117192586263,0.5677083333333334,0.4086174242424242,False
WT_Q15722,Q15722,16,2,197,V,0.00398203,0.017604472,-0.09203529357910156,0.584753787878788,0.3667613636363637,False
WT_Q15722,Q15722,16,2,198,V,0.0007494631,0.002275168,-0.09203529357910156,0.10369318181818182,0.4785037878787879,False
WT_Q15722,Q15722,16,2,199,A,0.0023975736,0.008973662,-0.09203529357910156,0.4559659090909091,0.41335227272727265,False
WT_Q15722,Q15722,16,2,200,S,0.007578617,0.061469592,-0.09203529357910156,0.6803977272727272,0.38494318181818177,False
WT_Q15722,Q15722,16,2,201,Y,0.0013092334,0.0037401011,-0.07530895868937175,0.24195075757575757,0.49914772727272727,False
WT_Q15722,Q15722,16,2,202,S,0.0021772732,0.009146033,-0.07952404022216797,0.4427083333333333,0.4336174242424242,False
WT_Q15722,Q15722,16,2,203,D,0.0065202042,0.06505419,-0.07952404022216797,0.6747159090909091,0.39763257575757577,False
WT_Q15722,Q15722,16,2,204,I,0.0008784573,0.002606284,-0.07952404022216797,0.12831439393939395,0.43778409090909093,False
WT_Q15722,Q15722,16,2,205,G,0.0018656533,0.01775555,-0.07952404022216797,0.5004734848484849,0.3853219696969697,False
WT_Q15722,Q15722,16,2,206,R,0.002348209,0.00855681,-0.05133771896362305,0.4427083333333333,0.3307765151515152,False
WT_Q15722,Q15722,16,2,207,R,0.0010844084,0.002818459,-0.018410682678222656,0.1803977272727273,0.35331439393939396,False
WT_Q15722,Q15722,16,2,208,L,0.0017729821,0.0087099485,-0.018410682678222656,0.4019886363636364,0.3839962121212121,False
WT_Q15722,Q15722,16,2,209,Q,0.0010436085,0.0060371608,-0.018410682678222656,0.24100378787878787,0.37490530303030306,False
WT_Q15722,Q15722,16,2,210,A,0.006588682,0.035087585,-0.018410682678222656,0.6538825757575758,0.4588068181818182,False
WT_Q15722,Q15722,16,2,211,R,0.0014935646,0.010843266,-0.005745728810628255,0.3972537878787879,0.48323863636363634,False
WT_Q15722,Q15722,16,2,212,R,0.0019846745,0.011721404,0.012309551239013672,0.5999053030303031,0.5286931818181819,False
WT_Q15722,Q15722,16,2,213,F,0.0018227802,0.008036756,0.012309551239013672,0.5241477272727273,0.43948863636363644,False
WT_Q15722,Q15722,16,2,214,R,0.0013792464,0.007981748,0.012309551239013672,0.46827651515151514,0.4804924242424242,False
WT_Q15722,Q15722,16,2,215,R,0.0005891918,0.0016561791,0.012309551239013672,0.2078598484848485,0.4350378787878788,False
WT_Q15722,Q15722,16,2,216,S,0.0018643001,0.010036025,0.018968741099039715,0.6022727272727273,0.39412878787878786,False
WT_Q15722,Q15722,16,2,217,R,0.00094305223,0.0038923568,0.025935649871826172,0.37263257575757575,0.42556818181818185,False
WT_Q15722,Q15722,16,2,218,R,0.0008592711,0.0022925672,0.025935649871826172,0.3196022727272727,0.5339015151515152,False
WT_Q15722,Q15722,16,2,219,T,0.001356503,0.015508833,0.025935649871826172,0.6254734848484849,0.496780303030303,False
WT_Q15722,Q15722,16,2,220,G,0.0020986737,0.03181957,0.025935649871826172,0.7495265151515151,0.5386363636363637,False
WT_Q15722,Q15722,16,2,221,R,0.0010683268,0.0042890497,0.028253714243570965,0.4166666666666667,0.5596590909090909,False
WT_Q15722,Q15722,16,2,222,L,0.001181493,0.012365783,0.03258848190307617,0.5819128787878788,0.512689393939394,False
WT_Q15722,Q15722,16,2,223,V,0.0010433526,0.004579886,0.03258848190307617,0.4247159090909091,0.43768939393939393,False
WT_Q15722,Q15722,16,2,224,V,0.0010384307,0.0034158353,0.03258848190307617,0.390625,0.4660984848484849,False
WT_Q15722,Q15722,16,2,225,L,0.00086045836,0.0040927655,0.03258848190307617,0.37452651515151514,0.4136363636363637,False
WT_Q15722,Q15722,16,2,226,I,0.0016651109,0.0082321735,0.023563067118326824,0.5587121212121212,0.4073863636363636,False
WT_Q15722,Q15722,16,2,227,I,0.0010149948,0.0023413734,0.019201040267944336,0.31960227272727276,0.41780303030303034,False
WT_Q15722,Q15722,16,2,228,L,0.0012515904,0.0033277508,0.019201040267944336,0.3934659090909091,0.4454545454545455,False
WT_Q15722,Q15722,16,2,229,T,0.0011227407,0.0064758067,0.019201040267944336,0.4427083333333333,0.4539772727272727,False
WT_Q15722,Q15722,16,2,230,F,0.0010981249,0.011025936,0.019201040267944336,0.5127840909090909,0.5013257575757576,False
WT_Q15722,Q15722,16,2,231,A,0.0017442267,0.013393717,0.013011614481608072,0.6013257575757576,0.5484848484848486,False
WT_Q15722,Q15722,16,2,232,A,0.0030736977,0.009183885,0.003072500228881836,0.556344696969697,0.5653409090909091,False
WT_Q15722,Q15722,16,2,233,F,0.002266935,0.03231422,0.003072500228881836,0.6292613636363636,0.5481060606060606,False
WT_Q15722,Q15722,16,2,234,W,0.0015297444,0.017131185,0.003072500228881836,0.5269886363636364,0.5291666666666667,False
WT_Q15722,Q15722,16,2,235,L,0.0011477649,0.011823005,0.003072500228881836,0.42660984848484845,0.5710227272727273,False
WT_Q15722,Q15722,16,2,236,P,0.0013664872,0.013953861,0.004659970601399739,0.506628787878788,0.5875,False
WT_Q15722,Q15722,16,2,237,Y,0.013418492,0.052122246,0.004233837127685547,0.765625,0.5537878787878788,False
WT_Q15722,Q15722,16,2,238,H,0.006307082,0.024686664,0.004233837127685547,0.7116477272727272,0.5501893939393939,False
WT_Q15722,Q15722,16,2,239,V,0.001636034,0.0035303044,0.004233837127685547,0.35842803030303033,0.5041666666666667,False
WT_Q15722,Q15722,16,2,240,V,0.0017386066,0.0051236693,0.004233837127685547,0.40861742424242425,0.38409090909090915,False
WT_Q15722,Q15722,16,2,241,N,0.0007497422,0.0071344855,0.003112634023030599,0.27651515151515155,0.3628787878787879,False
WT_Q15722,Q15722,16,2,242,L,0.0005234962,0.0021558576,0.004352569580078125,0.16524621212121213,0.3723484848484849,False
WT_Q15722,Q15722,16,2,243,A,0.0034332334,0.011255633,0.004352569580078125,0.6055871212121212,0.3954545454545454,False
WT_Q15722,Q15722,16,2,244,E,0.0013594965,0.007571224,0.004352569580078125,0.40577651515151514,0.37594696969696967,False
WT_Q15722,Q15722,16,2,245,A,0.002439199,0.008160619,0.004352569580078125,0.5241477272727272,0.43731060606060596,False
WT_Q15722,Q15722,16,2,246,G,0.00073515746,0.0020309796,0.004514376322428386,0.1789772727272727,0.4340909090909091,False
WT_Q15722,Q15722,16,2,247,R,0.0024009866,0.0062666433,0.0028541088104248047,0.472064393939394,0.47159090909090906,False
WT_Q15722,Q15722,16,2,248,A,0.0024657266,0.014045682,0.0028541088104248047,0.5894886363636364,0.475,False
WT_Q15722,Q15722,16,2,249,L,0.0020369228,0.021537848,0.0028541088104248047,0.5932765151515151,0.5450757575757575,False
WT_Q15722,Q15722,16,2,250,A,0.0020742589,0.012123317,0.0028541088104248047,0.5411931818181818,0.5003787878787878,False
WT_Q15722,Q15722,16,2,251,G,0.0019904347,0.012429732,0.0013810793558756511,0.5293560606060606,0.4367424242424242,False
WT_Q15722,Q15722,16,2,252,Q,0.0010226291,0.0040267436,0.001636505126953125,0.24857954545454544,0.3577651515151515,False
WT_Q15722,Q15722,16,2,253,A,0.0012847878,0.0029064422,0.001636505126953125,0.2713068181818182,0.38295454545454544,False
WT_Q15722,Q15722,16,2,254,A,0.0010774152,0.0014980184,0.001636505126953125,0.19839015151515152,0.34715909090909086,False
WT_Q15722,Q15722,16,2,255,G,0.0029863836,0.038129687,0.001636505126953125,0.6671401515151515,0.43428030303030296,False
WT_Q15722,Q15722,16,2,256,L,0.0008892116,0.0042436873,0.022746562957763672,0.35037878787878785,0.4875,False
WT_Q15722,Q15722,16,2,257,G,0.0018556048,0.014437265,0.031700849533081055,0.684185606060606,0.5547348484848486,False
WT_Q15722,Q15722,16,2,258,L,0.0014496081,0.007338594,0.031700849533081055,0.5374053030303031,0.5242424242424242,False
WT_Q15722,Q15722,16,2,259,V,0.0014829035,0.007056236,0.031700849533081055,0.5345643939393939,0.5297348484848485,False
WT_Q15722,Q15722,16,2,260,G,0.0015583928,0.004938949,0.031700849533081055,0.5146780303030303,0.5204545454545455,False
WT_Q15722,Q15722,16,2,261,K,0.0011181877,0.0015221183,0.0506134033203125,0.3778409090909091,0.6009469696969697,False
WT_Q15722,Q15722,16,2,262,R,0.0023956995,0.006164258,0.07670259475708008,0.6377840909090909,0.5867424242424242,False
WT_Q15722,Q15722,16,2,263,L,0.016367016,0.119622014,0.07670259475708008,0.9398674242424242,0.6087121212121211,False
WT_Q15722,Q15722,16,2,264,S,0.0010186124,0.0059664766,0.07670259475708008,0.4635416666666667,0.678409090909091,False
WT_Q15722,Q15722,16,2,265,L,0.0016537242,0.009020553,0.07670259475708008,0.6245265151515151,0.6664772727272728,False
WT_Q15722,Q15722,16,2,266,A,0.0026491205,0.010691579,0.056437015533447266,0.7263257575757577,0.6013257575757576,False
WT_Q15722,Q15722,16,2,267,R,0.0017145782,0.006752984,0.052172183990478516,0.578125,0.6123106060606062,False
WT_Q15722,Q15722,16,2,268,N,0.0013885982,0.011059835,0.052172183990478516,0.6141098484848485,0.5464015151515152,False
WT_Q15722,Q15722,16,2,269,V,0.0014439838,0.004726818,0.052172183990478516,0.5184659090909091,0.49223484848484855,False
WT_Q15722,Q15722,16,2,270,L,0.0004503348,0.001795475,0.052172183990478516,0.2949810606060606,0.47007575757575754,False
WT_Q15722,Q15722,16,2,271,I,0.00095080875,0.007413412,0.034391562143961586,0.45549242424242414,0.4524621212121212,False
WT_Q15722,Q15722,16,2,272,A,0.0016481063,0.007980432,0.0073680877685546875,0.4673295454545454,0.45530303030303027,False
WT_Q15722,Q15722,16,2,273,L,0.001770169,0.010072198,0.0073680877685546875,0.5260416666666666,0.5359848484848484,False
WT_Q15722,Q15722,16,2,274,A,0.0018984188,0.009555785,0.0073680877685546875,0.5326704545454546,0.5102272727272726,False
WT_Q15722,Q15722,16,2,275,F,0.0031915181,0.0259151,0.0073680877685546875,0.6983901515151515,0.4867424242424242,False
WT_Q15722,Q15722,16,2,276,L,0.001127294,0.0064403666,0.0017132759094238281,0.32670454545454547,0.4818181818181818,False
WT_Q15722,Q15722,16,2,277,S,0.0015302014,0.007687178,-0.005383014678955078,0.34990530303030304,0.44223484848484845,False
WT_Q15722,Q15722,16,2,278,S,0.0025457214,0.011681396,-0.005383014678955078,0.5014204545454546,0.3484848484848485,False
WT_Q15722,Q15722,16,2,279,S,0.0012174433,0.00924127,-0.005383014678955078,0.33475378787878785,0.37784090909090906,False
WT_Q15722,Q15722,16,2,280,V,0.001154881,0.0042673466,-0.005383014678955078,0.22964015151515152,0.36893939393939396,False
WT_Q15722,Q15722,16,2,281,N,0.0017234482,0.0091405045,0.0034125645955403647,0.47348484848484845,0.3375,False
WT_Q15722,Q15722,16,2,282,P,0.0012587283,0.0029417223,0.00570368766784668,0.3053977272727273,0.40094696969696975,False
WT_Q15722,Q15722,16,2,283,V,0.0010640116,0.006376322,0.00570368766784668,0.34422348484848486,0.39374999999999993,False
WT_Q15722,Q15722,16,2,284,L,0.0028739776,0.016915739,0.00570368766784668,0.6519886363636364,0.37537878787878787,False
WT_Q15722,Q15722,16,2,285,Y,0.0007839358,0.0019798826,0.00570368766784668,0.19365530303030307,0.4299242424242424,False
WT_Q15722,Q15722,16,2,286,A,0.0012580566,0.0041689132,0.01258230209350586,0.3816287878787879,0.46344696969696975,False
WT_Q15722,Q15722,16,2,287,C,0.0015950275,0.009452288,0.023671627044677734,0.578125,0.38409090909090904,False
WT_Q15722,Q15722,16,2,288,A,0.00083721103,0.0148131065,0.023671627044677734,0.5118371212121212,0.48484848484848486,False
WT_Q15722,Q15722,16,2,289,G,0.00060606725,0.0014860441,0.023671627044677734,0.2552083333333333,0.5791666666666666,False
WT_Q15722,Q15722,16,2,290,G,0.0027020085,0.011715798,0.023671627044677734,0.6974431818181818,0.5914772727272727,False
WT_Q15722,Q15722,16,2,291,G,0.008468752,0.042733368,0.023468494415283203,0.8532196969696969,0.5914772727272727,False
WT_Q15722,Q15722,16,2,292,L,0.0016212028,0.013029439,0.02470088005065918,0.6396780303030303,0.5910984848484848,False
WT_Q15722,Q15722,16,2,293,L,0.0013202882,0.007468225,0.02470088005065918,0.5118371212121212,0.5475378787878787,False
WT_Q15722,Q15722,16,2,294,R,0.00049789035,0.00087219087,0.02470088005065918,0.2533143939393939,0.4738636363636363,False
WT_Q15722,Q15722,16,2,295,S,0.0007905663,0.011138379,0.02470088005065918,0.47964015151515155,0.425,False
WT_Q15722,Q15722,16,2,296,A,0.0012116662,0.0086955605,0.01781765619913737,0.48484848484848486,0.3846590909090909,False
WT_Q15722,Q15722,16,2,297,G,0.0013669693,0.0034059773,0.013556718826293945,0.39535984848484845,0.47518939393939397,False
WT_Q15722,Q15722,16,2,298,V,0.00097652996,0.0031212384,0.013556718826293945,0.31013257575757575,0.5081439393939393,False
WT_Q15722,Q15722,16,2,299,G,0.002356062,0.021666404,0.013556718826293945,0.7059659090909092,0.4562500000000001,False
WT_Q15722,Q15722,16,2,300,F,0.0021487055,0.012974905,0.013556718826293945,0.6444128787878788,0.49564393939393947,False
WT_Q15722,Q15722,16,2,301,V,0.0007785995,0.0019897742,0.011692365010579428,0.22537878787878787,0.4653409090909092,False
WT_Q15722,Q15722,16,2,302,A,0.0021110745,0.013709159,0.00600743293762207,0.5923295454545455,0.4274621212121213,False
WT_Q15722,Q15722,16,2,303,K,0.000581812,0.0011045574,0.00600743293762207,0.15861742424242423,0.39545454545454545,False
WT_Q15722,Q15722,16,2,304,L,0.0019445989,0.009069676,0.00600743293762207,0.5165719696969697,0.3641098484848485,False
WT_Q15722,Q15722,16,2,305,L,0.001744459,0.008414881,0.00600743293762207,0.484375,0.33494318181818183,False
WT_Q15722,Q15722,16,2,306,E,0.00052513863,0.0016081615,-0.007076740264892578,0.06865530303030304,0.33683712121212117,False
WT_Q15722,Q15722,16,2,307,G,0.0012544165,0.03144117,-0.012640714645385742,0.44649621212121215,0.278125,False
WT_Q15722,Q15722,16,2,308,T,0.00086878816,0.004210645,-0.012640714645385742,0.16808712121212122,0.309375,False
WT_Q15722,Q15722,16,2,309,G,0.0008291036,0.0074707684,-0.012640714645385742,0.22301136363636365,0.3069128787878788,False
WT_Q15722,Q15722,16,2,310,S,0.00410256,0.053107806,-0.012640714645385742,0.640625,0.29857954545454546,False
WT_Q15722,Q15722,16,2,311,E,0.0004264372,0.0011260376,-0.016747474670410156,0.05634469696969697,0.37736742424242425,False
WT_Q15722,Q15722,16,2,312,A,0.0017075293,0.009535617,-0.02910304069519043,0.40482954545454547,0.4432765151515151,False
WT_Q15722,Q15722,16,2,313,S,0.0026989728,0.018875858,-0.02910304069519043,0.5620265151515151,0.34801136363636365,False
WT_Q15722,Q15722,16,2,314,S,0.0023464314,0.022537557,-0.02910304069519043,0.5525568181818182,0.3800189393939394,False
WT_Q15722,Q15722,16,2,315,T,0.0009921924,0.0032777232,-0.02910304069519043,0.16429924242424243,0.34990530303030304,False
WT_Q15722,Q15722,16,2,316,R,0.001460455,0.0018830086,-0.014615694681803385,0.21638257575757577,0.28153409090909093,False
WT_Q15722,Q15722,16,2,317,R,0.0016631351,0.0023595085,-0.005300998687744141,0.25426136363636365,0.23797348484848485,False
WT_Q15722,Q15722,16,2,318,G,0.0013221712,0.0027733503,-0.005300998687744141,0.22017045454545456,0.2760416666666667,False
WT_Q15722,Q15722,16,2,319,G,0.0014920891,0.0073969658,-0.005300998687744141,0.3347537878787879,0.2755681818181819,False
WT_Q15722,Q15722,16,2,320,S,0.0015028391,0.008192385,-0.005300998687744141,0.35464015151515155,0.34431818181818186,False
WT_Q15722,Q15722,16,2,321,L,0.0011594683,0.0015377997,0.0003647804260253906,0.21401515151515152,0.39090909090909093,False
WT_Q15722,Q15722,16,2,322,G,0.0023090981,0.009258008,0.013027667999267578,0.5980113636363636,0.40606060606060607,False
WT_Q15722,Q15722,16,2,323,Q,0.0020263724,0.0030241066,0.013027667999267578,0.453125,0.48655303030303027,False
WT_Q15722,Q15722,16,2,324,T,0.0017292832,0.0027629354,0.013027667999267578,0.4105113636363636,0.5409090909090909,False
WT_Q15722,Q15722,16,2,325,A,0.0059826793,0.018686408,0.013027667999267578,0.7571022727272728,0.528219696969697,False
WT_Q15722,Q15722,16,2,326,R,0.0025019941,0.0038000871,0.010982354482014975,0.4857954545454546,0.5284090909090909,False
WT_Q15722,Q15722,16,2,327,S,0.0027476444,0.005938079,0.00929403305053711,0.5345643939393939,0.5562500000000001,False
WT_Q15722,Q15722,16,2,328,G,0.0014436312,0.0076089404,0.00929403305053711,0.4540719696969697,0.4878787878787879,False
WT_Q15722,Q15722,16,2,329,P,0.003164564,0.006003069,0.00929403305053711,0.5497159090909091,0.5011363636363637,False
WT_Q15722,Q15722,16,2,330,A,0.0020503837,0.0026127985,0.00929403305053711,0.4152462121212121,0.5109848484848485,False
WT_Q15722,Q15722,16,2,331,A,0.0037784628,0.006763717,0.006150404612223308,0.5520833333333334,0.55625,False
WT_Q15722,Q15722,16,2,332,L,0.0036571845,0.009929215,0.0033774375915527344,0.5838068181818182,0.5458333333333333,False
WT_Q15722,Q15722,16,2,333,E,0.006372213,0.016455403,0.0033774375915527344,0.6803977272727272,0.5903409090909091,False
WT_Q15722,Q15722,16,2,334,P,0.0026306566,0.006745208,0.0033774375915527344,0.49763257575757575,0.5647727272727272,False
WT_Q15722,Q15722,16,2,335,G,0.0023652313,0.030242927,0.0033774375915527344,0.6377840909090909,0.5445075757575758,False
WT_Q15722,Q15722,16,2,336,P,0.0019524778,0.0043435297,0.005334218343098958,0.42424242424242425,0.5479166666666666,False
WT_Q15722,Q15722,16,2,337,S,0.00237244,0.0057443297,0.004555463790893555,0.48248106060606055,0.5763257575757575,False
WT_Q15722,Q15722,16,2,338,E,0.008789913,0.014960742,0.004555463790893555,0.6974431818181818,0.5399621212121212,False
WT_Q15722,Q15722,16,2,339,S,0.0036409243,0.013171173,0.004555463790893555,0.6396780303030303,0.5383522727272727,False
WT_Q15722,Q15722,16,2,340,L,0.002562761,0.003995318,0.004555463790893555,0.4559659090909091,0.5563446969696969,False
WT_Q15722,Q15722,16,2,341,T,0.003804357,0.0045404234,-0.011321544647216797,0.4161931818181818,0.5413825757575758,False
WT_Q15722,Q15722,16,2,342,A,0.005333979,0.01285328,-0.02301645278930664,0.5724431818181818,0.5351325757575758,False
WT_Q15722,Q15722,16,2,343,S,0.006386108,0.019874707,-0.02301645278930664,0.6226325757575758,0.5701704545454546,False
WT_Q15722,Q15722,16,2,344,S,0.005389676,0.018779844,-0.02301645278930664,0.6084280303030303,0.6099431818181819,False
WT_Q15722,Q15722,16,2,345,P,0.0069689606,0.020357313,-0.02301645278930664,0.6311553030303031,0.6213068181818182,False
WT_Q15722,Q15722,16,2,346,L,0.0050725136,0.021256167,-0.02301645278930664,0.6150568181818182,0.6247159090909091,False
WT_Q15722,Q15722,16,2,347,K,0.009861269,0.018388944,-0.039148569107055664,0.6292613636363636,0.6201704545454546,False
WT_Q15722,Q15722,16,2,348,L,0.0071774265,0.024025852,-0.039148569107055664,0.6396780303030303,0.6161931818181818,False
WT_Q15722,Q15722,16,2,349,N,0.004942787,0.014964398,-0.039148569107055664,0.5857007575757577,0.5993371212121212,False
WT_Q15722,Q15722,16,2,350,E,0.0070136907,0.016303232,-0.039148569107055664,0.6112689393939394,0.5688446969696971,False
WT_Q15722,Q15722,16,2,351,L,0.0044795317,0.010626033,-0.039148569107055664,0.5307765151515151,0.5511363636363638,False
WT_Q15722,Q15722,16,2,352,N,0.003032781,0.008642132,-0.03522157669067383,0.47679924242424243,0.539614898989899,False
WT_Q9NV96,Q9NV96,5,3,1,M,0.0012833367,0.003485904,-0.0625448226928711,0.25392428439519854,0.5275469375192366,False
WT_Q9NV96,Q9NV96,5,3,2,A,0.0028314365,0.025068734,-0.0625448226928711,0.5974145891043398,0.5253924284395198,False
WT_Q9NV96,Q9NV96,5,3,3,M,0.01767576,0.09026797,-0.0625448226928711,0.7313019390581718,0.5313019390581717,False
WT_Q9NV96,Q9NV96,5,3,4,N,0.003952852,0.008863893,-0.0625448226928711,0.5189289012003694,0.5963065558633425,False
WT_Q9NV96,Q9NV96,5,3,5,Y,0.005812322,0.010303891,-0.0625448226928711,0.5549399815327793,0.5789473684210525,False
WT_Q9NV96,Q9NV96,5,3,6,N,0.0062224735,0.012234054,-0.030267000198364258,0.5789473684210525,0.5560480147737766,False
WT_Q9NV96,Q9NV96,5,3,7,A,0.0036078866,0.008618786,-0.030267000198364258,0.5106186518928901,0.5920590951061866,False
WT_Q9NV96,Q9NV96,5,3,8,K,0.0065180343,0.017183986,-0.030267000198364258,0.6168051708217913,0.5721144967682363,False
WT_Q9NV96,Q9NV96,5,3,9,D,0.0092937285,0.04462879,-0.030267000198364258,0.6989843028624193,0.536842105263158,False
WT_Q9NV96,Q9NV96,5,3,10,E,0.0033472197,0.0054914146,-0.030267000198364258,0.45521698984302866,0.5407202216066482,False
WT_Q9NV96,Q9NV96,5,3,11,V,0.002320403,0.0054076845,-0.02180624008178711,0.4025854108956602,0.5333333333333334,False
WT_Q9NV96,Q9NV96,5,3,12,D,0.0030429994,0.011515124,-0.0014369487762451172,0.5300092336103416,0.5152354570637119,False
WT_Q9NV96,Q9NV96,5,3,13,G,0.0036647315,0.016160283,-0.0014369487762451172,0.579870729455217,0.5192982456140351,False
WT_Q9NV96,Q9NV96,5,3,14,G,0.0024977783,0.043836314,-0.0014369487762451172,0.6084949215143121,0.5168975069252078,False
WT_Q9NV96,Q9NV96,5,3,15,P,0.0021904488,0.011659649,-0.0014369487762451172,0.4755309325946446,0.5490304709141275,False
WT_Q9NV96,Q9NV96,5,3,16,P,0.0018802776,0.0067698355,-0.02159738540649414,0.39058171745152354,0.5649122807017544,False
WT_Q9NV96,Q9NV96,5,3,17,C,0.0079525355,0.042784948,-0.0334014892578125,0.69067405355494,0.5261311172668514,False
WT_Q9NV96,Q9NV96,5,3,18,A,0.0072026253,0.029138336,-0.0334014892578125,0.6592797783933518,0.48587257617728524,False
WT_Q9NV96,Q9NV96,5,3,19,P,0.0021975178,0.006619459,-0.0334014892578125,0.41458910433979684,0.46906740535549407,False
WT_Q9NV96,Q9NV96,5,3,20,G,0.0014126512,0.0035075778,-0.0334014892578125,0.2742382271468144,0.42511542012927056,False
WT_Q9NV96,Q9NV96,5,3,21,G,0.0014022954,0.005075495,-0.04109732309977213,0.30655586334256696,0.39686057248384116,False
WT_Q9NV96,Q9NV96,5,3,22,T,0.0024845924,0.008848291,-0.0592036247253418,0.4709141274238227,0.36897506925207757,False
WT_Q9NV96,Q9NV96,5,3,23,A,0.002649192,0.012105066,-0.0592036247253418,0.5180055401662049,0.4491228070175438,False
WT_Q9NV96,Q9NV96,5,3,24,K,0.0013601914,0.0040363646,-0.0592036247253418,0.2751615881809788,0.42788550323176355,False
WT_Q9NV96,Q9NV96,5,3,25,T,0.00405568,0.07069463,-0.0592036247253418,0.6749769159741459,0.43157894736842106,False
WT_Q9NV96,Q9NV96,5,3,26,R,0.0010266732,0.00299895,-0.06629880269368489,0.20036934441366575,0.4236380424746076,False
WT_Q9NV96,Q9NV96,5,3,27,R,0.0013946284,0.035773277,-0.06848907470703125,0.48938134810710987,0.5071098799630656,False
WT_Q9NV96,Q9NV96,5,3,28,P,0.0024378963,0.009993158,-0.06848907470703125,0.4783010156971375,0.4631578947368421,False
WT_Q9NV96,Q9NV96,5,3,29,D,0.0041955947,0.12644033,-0.06848907470703125,0.6925207756232687,0.543859649122807,False
WT_Q9NV96,Q9NV96,5,3,30,N,0.0015412915,0.016886383,-0.06848907470703125,0.45521698984302855,0.573961218836565,False
WT_Q9NV96,Q9NV96,5,3,31,T,0.0025289226,0.040128488,-0.06055323282877604,0.6038781163434902,0.6236380424746075,False
WT_Q9NV96,Q9NV96,5,3,32,A,0.0034526128,0.041194703,-0.06258535385131836,0.6398891966759003,0.5300092336103416,False
WT_Q9NV96,Q9NV96,5,3,33,F,0.012722559,0.079640284,-0.06258535385131836,0.72668513388735,0.49990766389658353,False
WT_Q9NV96,Q9NV96,5,3,34,K,0.0010118332,0.0041483454,-0.06258535385131836,0.22437673130193905,0.4795937211449677,False
WT_Q9NV96,Q9NV96,5,3,35,Q,0.0009619359,0.009504074,-0.06258535385131836,0.3047091412742382,0.45050784856879045,False
WT_Q9NV96,Q9NV96,5,3,36,Q,0.0012166118,0.014917178,0.002068201700846354,0.5023084025854109,0.42511542012927056,False
WT_Q9NV96,Q9NV96,5,3,37,R,0.0010867802,0.008396706,0.04334688186645508,0.49445983379501385,0.5432132963988919,False
WT_Q9NV96,Q9NV96,5,3,38,L,0.0016383554,0.011574201,0.04334688186645508,0.5997229916897507,0.5780240073868883,False
WT_Q9NV96,Q9NV96,5,3,39,P,0.0043770303,0.031851213,0.04334688186645508,0.814866112650046,0.6060941828254848,False
WT_Q9NV96,Q9NV96,5,3,40,A,0.0014258398,0.0045111673,0.04334688186645508,0.47876269621421974,0.6910433979686057,True
WT_Q9NV96,Q9NV96,5,3,41,W,0.0021044647,0.0110116955,0.054122606913248696,0.6426592797783933,0.6751615881809787,True
WT_Q9NV96,Q9NV96,5,3,42,Q,0.0049561816,0.1761114,0.10352468490600586,0.9192059095106186,0.6716528162511541,True
WT_Q9NV96,Q9NV96,5,3,43,P,0.0012376587,0.0065111658,0.10352468490600586,0.5203139427516158,0.7604801477377654,True
WT_Q9NV96,Q9NV96,5,3,44,I,0.0019937677,0.077906646,0.10352468490600586,0.7973222530009233,0.8038781163434902,True
WT_Q9NV96,Q9NV96,5,3,45,L,0.0074561997,0.06994155,0.10352468490600586,0.922899353647276,0.7802400738688826,True
WT_Q9NV96,Q9NV96,5,3,46,T,0.0053032264,0.037193656,0.07352479298909505,0.8596491228070174,0.8576177285318559,True
WT_Q9NV96,Q9NV96,5,3,47,A,0.0029084033,0.03920831,0.04459953308105469,0.8010156971375807,0.858910433979686,True
WT_Q9NV96,Q9NV96,5,3,48,G,0.007341855,0.18328674,0.04459953308105469,0.907202216066482,0.7377654662973222,True
WT_Q9NV96,Q9NV96,5,3,49,T,0.0024462473,0.078353345,0.04459953308105469,0.8037857802400739,0.7183748845798708,True
WT_Q9NV96,Q9NV96,5,3,50,V,0.0006932362,0.0022300035,0.04459953308105469,0.3171745152354571,0.7006463527239151,True
WT_Q9NV96,Q9NV96,5,3,51,L,0.0025886418,0.019956615,0.06760454177856445,0.7626962142197599,0.6781163434903047,True
WT_Q9NV96,Q9NV96,5,3,52,P,0.002305989,0.015429376,0.06356978416442871,0.7123730378578025,0.6843951985226224,True
WT_Q9NV96,Q9NV96,5,3,53,I,0.0020999266,0.11841003,0.06356978416442871,0.7945521698984304,0.8051708217913205,True
WT_Q9NV96,Q9NV96,5,3,54,F,0.0030001742,0.049992744,0.06356978416442871,0.8351800554016621,0.7560480147737766,True
WT_Q9NV96,Q9NV96,5,3,55,F,0.007323123,0.17494807,0.06356978416442871,0.9210526315789473,0.689196675900277,True
WT_Q9NV96,Q9NV96,5,3,56,I,0.001298855,0.007841542,0.045063177744547524,0.5170821791320407,0.6666666666666666,False
WT_Q9NV96,Q9NV96,5,3,57,I,0.00091786205,0.0032300744,0.06083226203918457,0.3781163434903047,0.578393351800554,False
WT_Q9NV96,Q9NV96,5,3,58,G,0.001644177,0.022357969,0.06083226203918457,0.6819021237303785,0.4506001846722068,False
WT_Q9NV96,Q9NV96,5,3,59,L,0.00050462637,0.006460767,0.06083226203918457,0.39381348107109876,0.4786703601108033,False
WT_Q9NV96,Q9NV96,5,3,60,I,0.00034988357,0.0013398293,0.06083226203918457,0.2820867959372114,0.48310249307479225,False
WT_Q9NV96,Q9NV96,5,3,61,F,0.0022176031,0.011017557,0.05307324727376302,0.657433056325023,0.4631578947368421,False
WT_Q9NV96,Q9NV96,5,3,62,I,0.00092373067,0.006157208,0.02280259132385254,0.4002770083102493,0.43305632502308394,False
WT_Q9NV96,Q9NV96,5,3,63,P,0.0016371419,0.012135514,0.02280259132385254,0.5821791320406279,0.44210526315789467,False
WT_Q9NV96,Q9NV96,5,3,64,I,0.000367235,0.0013237643,0.02280259132385254,0.24330563250230838,0.3702677746999076,False
WT_Q9NV96,Q9NV96,5,3,65,G,0.0009160899,0.002662503,0.02280259132385254,0.327331486611265,0.4193905817174516,False
WT_Q9NV96,Q9NV96,5,3,66,I,0.00061446754,0.0028062651,0.02652581532796224,0.2982456140350877,0.38208679593721145,False
WT_Q9NV96,Q9NV96,5,3,67,G,0.0015488009,0.026699012,0.03576374053955078,0.6458910433979687,0.48624192059095106,False
WT_Q9NV96,Q9NV96,5,3,68,I,0.00087046984,0.005859237,0.03576374053955078,0.39566020313942757,0.5263157894736843,False
WT_Q9NV96,Q9NV96,5,3,69,F,0.00349764,0.02277296,0.03576374053955078,0.7640812557710065,0.6136657433056325,False
WT_Q9NV96,Q9NV96,5,3,70,V,0.0013707926,0.009623074,0.03576374053955078,0.5277008310249308,0.6156971375807941,False
WT_Q9NV96,Q9NV96,5,3,71,T,0.0022616584,0.042994667,0.022304375966389973,0.7349953831948293,0.6746075715604801,False
WT_Q9NV96,Q9NV96,5,3,72,S,0.0018792773,0.022523418,0.014678955078125,0.6560480147737765,0.6053554939981534,False
WT_Q9NV96,Q9NV96,5,3,73,N,0.0019097717,0.039872423,0.014678955078125,0.6902123730378579,0.5713758079409049,False
WT_Q9NV96,Q9NV96,5,3,74,N,0.0008746759,0.007966074,0.014678955078125,0.41782086795937207,0.5359187442289934,False
WT_Q9NV96,Q9NV96,5,3,75,I,0.0009881565,0.0040940023,0.014678955078125,0.35780240073868885,0.4451523545706372,False
WT_Q9NV96,Q9NV96,5,3,76,R,0.002100666,0.0097430665,0.0060367584228515625,0.5577100646352724,0.3662049861495845,False
WT_Q9NV96,Q9NV96,5,3,77,E,0.00082204485,0.0042668767,-0.007930994033813477,0.20221606648199444,0.4015697137580794,False
WT_Q9NV96,Q9NV96,5,3,78,I,0.001169198,0.0063929404,-0.007930994033813477,0.29547553093259465,0.3929824561403509,False
WT_Q9NV96,Q9NV96,5,3,79,E,0.0026920275,0.027632454,-0.007930994033813477,0.5946445060018467,0.3704524469067405,False
WT_Q9NV96,Q9NV96,5,3,80,I,0.0011144812,0.007934405,-0.007930994033813477,0.3148661126500461,0.36952908587257616,False
WT_Q9NV96,Q9NV96,5,3,81,D,0.0011172888,0.03193558,-0.005017439524332683,0.44506001846722065,0.42511542012927056,False
WT_Q9NV96,Q9NV96,5,3,82,Y,0.00094583,0.0034802568,-0.005218982696533203,0.19759926131117267,0.3335180055401662,False
WT_Q9NV96,Q9NV96,5,3,83,T,0.0025822497,0.022348326,-0.005218982696533203,0.5734072022160664,0.36251154201292707,False
WT_Q9NV96,Q9NV96,5,3,84,G,0.00061367376,0.002492895,-0.005218982696533203,0.13665743305632502,0.31966759002770084,False
WT_Q9NV96,Q9NV96,5,3,85,T,0.0016094266,0.016608456,-0.005218982696533203,0.4598337950138504,0.32797783933518004,False
WT_Q9NV96,Q9NV96,5,3,86,E,0.0010776394,0.003585783,-0.0059051513671875,0.23084025854108958,0.2753462603878116,False
WT_Q9NV96,Q9NV96,5,3,87,P,0.0010760612,0.004108259,-0.0032339096069335938,0.2391505078485688,0.312280701754386,False
WT_Q9NV96,Q9NV96,5,3,88,S,0.0014033149,0.005101957,-0.0032339096069335938,0.31024930747922436,0.2867959372114497,False
WT_Q9NV96,Q9NV96,5,3,89,S,0.0014196024,0.005595598,-0.0032339096069335938,0.32132963988919666,0.3305632502308402,False
WT_Q9NV96,Q9NV96,5,3,90,P,0.0014545008,0.0060394523,-0.0032339096069335938,0.33240997229916897,0.351061865189289,False
WT_Q9NV96,Q9NV96,5,3,91,C,0.0024216317,0.007723283,-0.0035301844278971353,0.44967682363804246,0.3383194829178209,False
WT_Q9NV96,Q9NV96,5,3,92,N,0.0018278358,0.004461081,-0.005700111389160156,0.34164358264081257,0.37913204062788547,False
WT_Q9NV96,Q9NV96,5,3,93,K,0.0014542737,0.0020290024,-0.005700111389160156,0.24653739612188366,0.38060941828254846,False
WT_Q9NV96,Q9NV96,5,3,94,C,0.0031779252,0.010568696,-0.005700111389160156,0.5253924284395198,0.32096029547553095,False
WT_Q9NV96,Q9NV96,5,3,95,L,0.001745249,0.0048430595,-0.005700111389160156,0.33979686057248387,0.2884579870729455,False
WT_Q9NV96,Q9NV96,5,3,96,S,0.00070993695,0.0025118536,-0.012069225311279297,0.15143120960295475,0.2659279778393352,False
WT_Q9NV96,Q9NV96,5,3,97,P,0.0010283601,0.0019722492,-0.014465093612670898,0.17913204062788549,0.19279778393351804,False
WT_Q9NV96,Q9NV96,5,3,98,D,0.00076349755,0.0016153184,-0.014465093612670898,0.13388734995383195,0.18707294552169898,False
WT_Q9NV96,Q9NV96,5,3,99,V,0.0008199535,0.0024854026,-0.014465093612670898,0.15974145891043398,0.19076638965835643,False
WT_Q9NV96,Q9NV96,5,3,100,T,0.0010637267,0.008075459,-0.014465093612670898,0.3111726685133887,0.25392428439519854,False
WT_Q9NV96,Q9NV96,5,3,101,P,0.00070933165,0.0033705402,-0.015726884206136067,0.16989843028624194,0.333702677746999,False
WT_Q9NV96,Q9NV96,5,3,102,C,0.0024958963,0.0108766835,-0.021528959274291992,0.494921514312096,0.3998153277931671,False
WT_Q9NV96,Q9NV96,5,3,103,F,0.0022783903,0.017804697,-0.021528959274291992,0.5327793167128346,0.47257617728531853,False
WT_Q9NV96,Q9NV96,5,3,104,C,0.002532459,0.010144498,-0.021528959274291992,0.4903047091412742,0.5235457063711911,False
WT_Q9NV96,Q9NV96,5,3,105,T,0.0051023043,0.050737567,-0.021528959274291992,0.6749769159741459,0.5976915974145891,False
WT_Q9NV96,Q9NV96,5,3,106,I,0.0007425915,0.005758556,0.07611942291259766,0.4247460757156048,0.6070175438596491,False
WT_Q9NV96,Q9NV96,5,3,107,N,0.004571532,0.033770263,0.12658286094665527,0.8656509695290859,0.6593721144967682,False
WT_Q9NV96,Q9NV96,5,3,108,F,0.0015825321,0.007067507,0.12658286094665527,0.5794090489381348,0.5902123730378579,False
WT_Q9NV96,Q9NV96,5,3,109,T,0.0025593308,0.0143085765,0.12658286094665527,0.7520775623268698,0.613111726685134,False
WT_Q9NV96,Q9NV96,5,3,110,L,0.0005093069,0.0019779243,0.12658286094665527,0.32917820867959374,0.536842105263158,False
WT_Q9NV96,Q9NV96,5,3,111,E,0.0013148581,0.0066085467,0.16915607452392578,0.5392428439519853,0.6049861495844876,False
WT_Q9NV96,Q9NV96,5,3,112,K,0.00095284334,0.006244036,0.2628593444824219,0.4843028624192059,0.6496768236380425,False
WT_Q9NV96,Q9NV96,5,3,113,S,0.0038251253,0.1382462,0.2628593444824219,0.9201292705447831,0.6524469067405356,False
WT_Q9NV96,Q9NV96,5,3,114,F,0.011437474,0.26176098,0.2628593444824219,0.9755309325946445,0.696583564173592,False
WT_Q9NV96,Q9NV96,5,3,115,E,0.00044979638,0.0021871186,0.2628593444824219,0.3430286241920591,0.7063711911357341,False
WT_Q9NV96,Q9NV96,5,3,116,G,0.002180146,0.019274266,0.2725691795349121,0.7599261311172669,0.5948291782086796,False
WT_Q9NV96,Q9NV96,5,3,117,N,0.0010269972,0.007553619,0.2731456756591797,0.5332409972299169,0.5697137580794089,False
WT_Q9NV96,Q9NV96,5,3,118,V,0.0005920795,0.0022053851,0.2731456756591797,0.3624192059095106,0.6127423822714683,False
WT_Q9NV96,Q9NV96,5,3,119,F,0.002990197,0.031285975,0.2731456756591797,0.8499538319482918,0.6173591874422899,False
WT_Q9NV96,Q9NV96,5,3,120,M,0.0010387542,0.009493468,0.2731456756591797,0.5581717451523546,0.7006463527239151,True
WT_Q9NV96,Q9NV96,5,3,121,Y,0.002775687,0.013752246,0.2766574223836263,0.7830101569713758,0.8068328716528163,True
WT_Q9NV96,Q9NV96,5,3,122,Y,0.00666381,0.08499194,0.28783488273620605,0.9496768236380425,0.739612188365651,True
WT_Q9NV96,Q9NV96,5,3,123,G,0.003156533,0.053103056,0.28783488273620605,0.8933518005540165,0.8267774699907664,True
WT_Q9NV96,Q9NV96,5,3,124,L,0.0012734586,0.004427653,0.28783488273620605,0.5138504155124654,0.791320406278855,True
WT_Q9NV96,Q9NV96,5,3,125,S,0.07016216,0.379867,0.28783488273620605,0.9939981532779317,0.7340720221606648,True
WT_Q9NV96,Q9NV96,5,3,126,N,0.0014920163,0.009355063,0.16628662745157877,0.605724838411819,0.7287165281625115,True
WT_Q9NV96,Q9NV96,5,3,127,F,0.0016526914,0.014226691,0.10343551635742188,0.6634349030470914,0.742382271468144,True
WT_Q9NV96,Q9NV96,5,3,128,Y,0.00719009,0.028662434,0.10343551635742188,0.8665743305632502,0.7248384118190212,True
WT_Q9NV96,Q9NV96,5,3,129,Q,0.0016994933,0.006872213,0.10343551635742188,0.5821791320406279,0.7879963065558633,True
WT_Q9NV96,Q9NV96,5,3,130,N,0.007932929,0.046577778,0.10343551635742188,0.9062788550323176,0.6800554016620499,False
WT_Q9NV96,Q9NV96,5,3,131,H,0.02208697,0.12218438,0.0554052988688151,0.9215143120960295,0.585780240073869,False
WT_Q9NV96,Q9NV96,5,3,132,R,0.0007091644,0.0014045815,-0.05873250961303711,0.123730378578024,0.5336103416435827,False
WT_Q9NV96,Q9NV96,5,3,133,R,0.0020547542,0.0067148637,-0.05873250961303711,0.39519852262234534,0.38301015697137586,False
WT_Q9NV96,Q9NV96,5,3,134,Y,0.0011900922,0.0074809,-0.05873250961303711,0.32132963988919666,0.24469067405355496,False
WT_Q9NV96,Q9NV96,5,3,135,V,0.00065334735,0.0030387342,-0.05873250961303711,0.15327793167128348,0.2744228993536473,False
WT_Q9NV96,Q9NV96,5,3,136,K,0.0009215544,0.004957896,-0.041404406229654946,0.22991689750692523,0.2136657433056325,False
WT_Q9NV96,Q9NV96,5,3,137,S,0.0010927636,0.005437347,-0.02370166778564453,0.2723915050784857,0.26315789473684215,False
WT_Q9NV96,Q9NV96,5,3,138,R,0.00048339606,0.0007026275,-0.02370166778564453,0.09141274238227147,0.2877192982456141,False
WT_Q9NV96,Q9NV96,5,3,139,D,0.0025372584,0.022127124,-0.02370166778564453,0.5687903970452447,0.3674976915974146,False
WT_Q9NV96,Q9NV96,5,3,140,D,0.0011985385,0.0048639774,-0.02370166778564453,0.27608494921514315,0.3593721144967682,False
WT_Q9NV96,Q9NV96,5,3,141,S,0.0027562692,0.04335544,-0.0161434809366862,0.628808864265928,0.4810710987996307,False
WT_Q9NV96,Q9NV96,5,3,142,Q,0.00058937684,0.0071616797,-0.003887653350830078,0.23176361957525393,0.43601108033240993,False
WT_Q9NV96,Q9NV96,5,3,143,L,0.0069334093,0.065489754,-0.003887653350830078,0.6999076638965835,0.4007386888273315,False
WT_Q9NV96,Q9NV96,5,3,144,N,0.0013181554,0.008014144,-0.003887653350830078,0.34349030470914127,0.3229916897506925,False
WT_Q9NV96,Q9NV96,5,3,145,G,0.000543008,0.0009778137,-0.003887653350830078,0.0997229916897507,0.4152354570637119,False
WT_Q9NV96,Q9NV96,5,3,146,D,0.0007599621,0.0022344522,0.0015284220377604167,0.24007386888273316,0.36251154201292707,False
WT_Q9NV96,Q9NV96,5,3,147,S,0.0027428293,0.021772638,0.0056667327880859375,0.6929824561403509,0.36204986149584484,False
WT_Q9NV96,Q9NV96,5,3,148,S,0.001079052,0.008946632,0.0056667327880859375,0.4362880886426593,0.4555863342566944,False
WT_Q9NV96,Q9NV96,5,3,149,A,0.0010060689,0.0044454546,0.0056667327880859375,0.3411819021237304,0.4592797783933518,False
WT_Q9NV96,Q9NV96,5,3,150,L,0.0014857121,0.017980516,0.0056667327880859375,0.5674053554939982,0.4336103416435827,False
WT_Q9NV96,Q9NV96,5,3,151,L,0.0005226759,0.0031430565,0.008034070332845053,0.25854108956602034,0.43397968605724835,False
WT_Q9NV96,Q9NV96,5,3,152,N,0.0013033238,0.020783909,0.012564659118652344,0.564635272391505,0.5041551246537396,False
WT_Q9NV96,Q9NV96,5,3,153,P,0.0013422227,0.0061953324,0.012564659118652344,0.438134810710988,0.43693444136657433,False
WT_Q9NV96,Q9NV96,5,3,154,S,0.0027315333,0.017236903,0.012564659118652344,0.6920590951061865,0.5370267774699907,False
WT_Q9NV96,Q9NV96,5,3,155,K,0.0005075066,0.0016260357,0.012564659118652344,0.23130193905817176,0.5242843951985225,False
WT_Q9NV96,Q9NV96,5,3,156,E,0.0045628226,0.030013861,0.00897820790608724,0.7590027700831025,0.5780240073868882,False
WT_Q9NV96,Q9NV96,5,3,157,C,0.002149689,0.005431068,0.007287025451660156,0.5009233610341643,0.510803324099723,False
WT_Q9NV96,Q9NV96,5,3,158,E,0.0032548774,0.02048645,0.007287025451660156,0.7068328716528162,0.5686057248384118,False
WT_Q9NV96,Q9NV96,5,3,159,P,0.001054262,0.004320397,0.007287025451660156,0.35595567867036015,0.46814404432132956,False
WT_Q9NV96,Q9NV96,5,3,160,Y,0.0015831953,0.010433043,0.007287025451660156,0.5203139427516158,0.5085872576177285,False
WT_Q9NV96,Q9NV96,5,3,161,R,0.0005257505,0.0013914804,0.033069610595703125,0.2566943674976916,0.5120960295475531,False
WT_Q9NV96,Q9NV96,5,3,162,R,0.002371483,0.017088361,0.04322004318237305,0.7031394275161588,0.5152354570637119,False
WT_Q9NV96,Q9NV96,5,3,163,N,0.002202734,0.027385404,0.04322004318237305,0.724376731301939,0.5416435826408126,False
WT_Q9NV96,Q9NV96,5,3,164,E,0.0009986847,0.0033443891,0.04322004318237305,0.37165281625115415,0.6421052631578947,False
WT_Q9NV96,Q9NV96,5,3,165,D,0.0016970559,0.019367157,0.04322004318237305,0.6523545706371191,0.6895660203139428,True
WT_Q9NV96,Q9NV96,5,3,166,K,0.002672768,0.020266661,0.057464917500813804,0.7590027700831025,0.716528162511542,True
WT_Q9NV96,Q9NV96,5,3,167,P,0.011179874,0.13321865,0.08529472351074219,0.9404432132963989,0.7813481071098799,True
WT_Q9NV96,Q9NV96,5,3,168,I,0.0033828395,0.051684674,0.08529472351074219,0.8591874422899354,0.7652816251154201,True
WT_Q9NV96,Q9NV96,5,3,169,A,0.0023143562,0.012123382,0.08529472351074219,0.6957525392428439,0.7942751615881809,True
WT_Q9NV96,Q9NV96,5,3,170,P,0.0016011047,0.0070908605,0.08529472351074219,0.5720221606648199,0.6731301939058172,False
WT_Q9NV96,Q9NV96,5,3,171,C,0.010717001,0.05207653,0.06606690088907878,0.9039704524469068,0.5957525392428439,False
WT_Q9NV96,Q9NV96,5,3,172,G,0.00085506897,0.0017610593,0.05678296089172363,0.3347183748845799,0.6064635272391505,False
WT_Q9NV96,Q9NV96,5,3,173,A,0.0010335759,0.006972381,0.05678296089172363,0.47229916897506924,0.5575253924284396,False
WT_Q9NV96,Q9NV96,5,3,174,I,0.0024345827,0.024419183,0.05678296089172363,0.7493074792243767,0.5216989843028624,False
WT_Q9NV96,Q9NV96,5,3,175,A,0.0006910659,0.002287267,0.05678296089172363,0.327331486611265,0.6171745152354571,False
WT_Q9NV96,Q9NV96,5,3,176,N,0.00227168,0.029684655,0.03711843490600586,0.7248384118190213,0.6602031394275162,False
WT_Q9NV96,Q9NV96,5,3,177,S,0.0039691315,0.08956652,0.012700319290161133,0.8120960295475531,0.5724838411819022,False
WT_Q9NV96,Q9NV96,5,3,178,M,0.0021453558,0.03370933,0.012700319290161133,0.6874422899353648,0.6367497691597415,False
WT_Q9NV96,Q9NV96,5,3,179,F,0.0009571461,0.0025631501,0.012700319290161133,0.31071098799630653,0.5826408125577102,False
WT_Q9NV96,Q9NV96,5,3,180,N,0.0027274168,0.0114947,0.012700319290161133,0.6486611265004617,0.47137580794090495,False
WT_Q9NV96,Q9NV96,5,3,181,D,0.0017763167,0.0058660535,0.0011407534281412761,0.4542936288088643,0.397229916897507,False
WT_Q9NV96,Q9NV96,5,3,182,T,0.0008307197,0.0069472203,-0.012094497680664062,0.25577100646352724,0.40932594644506004,False
WT_Q9NV96,Q9NV96,5,3,183,L,0.0013502726,0.0063169003,-0.012094497680664062,0.3167128347183749,0.3119113573407203,False
WT_Q9NV96,Q9NV96,5,3,184,E,0.0010268143,0.015069982,-0.012094497680664062,0.37119113573407203,0.35161588180978764,False
WT_Q9NV96,Q9NV96,5,3,185,L,0.0007758809,0.002566394,-0.012094497680664062,0.1615881809787627,0.4212373037857803,False
WT_Q9NV96,Q9NV96,5,3,186,F,0.004161454,0.041272327,-0.01587963104248047,0.6528162511542013,0.4856879039704524,False
WT_Q9NV96,Q9NV96,5,3,187,L,0.0027079338,0.031357117,-0.02271413803100586,0.6038781163434902,0.5080332409972299,False
WT_Q9NV96,Q9NV96,5,3,188,I,0.0043059164,0.03139651,-0.02271413803100586,0.6389658356417359,0.561218836565097,False
WT_Q9NV96,Q9NV96,5,3,189,G,0.0014136697,0.030385578,-0.02271413803100586,0.48291782086795937,0.5024930747922437,False
WT_Q9NV96,Q9NV96,5,3,190,N,0.001768869,0.010555956,-0.02271413803100586,0.42751615881809785,0.42012927054478294,False
WT_Q9NV96,Q9NV96,5,3,191,D,0.0014353053,0.0074901916,-0.03640111287434896,0.3591874422899353,0.3819021237303785,False
WT_Q9NV96,Q9NV96,5,3,192,S,0.0007914963,0.004031849,-0.04361248016357422,0.19205909510618654,0.3530932594644506,False
WT_Q9NV96,Q9NV96,5,3,193,Y,0.0016046936,0.014658132,-0.04361248016357422,0.44783010156971376,0.35493998153277934,False
WT_Q9NV96,Q9NV96,5,3,194,P,0.0011685822,0.009291682,-0.04361248016357422,0.3388734995383195,0.37894736842105264,False
WT_Q9NV96,Q9NV96,5,3,195,I,0.0012789951,0.021414474,-0.04361248016357422,0.43674976915974145,0.4007386888273315,False
WT_Q9NV96,Q9NV96,5,3,196,P,0.002095996,0.013363874,-0.04458045959472656,0.47922437673130197,0.4374884579870729,False
WT_Q9NV96,Q9NV96,5,3,197,I,0.0014094478,0.0045805126,-0.0551457405090332,0.3010156971375808,0.5196675900277008,False
WT_Q9NV96,Q9NV96,5,3,198,A,0.0043862294,0.026950503,-0.0551457405090332,0.631578947368421,0.5717451523545707,False
WT_Q9NV96,Q9NV96,5,3,199,L,0.021830263,0.29575828,-0.0551457405090332,0.749769159741459,0.5240997229916898,False
WT_Q9NV96,Q9NV96,5,3,200,K,0.0061036916,0.07167286,-0.0551457405090332,0.6971375807940906,0.5441366574330564,False
WT_Q9NV96,Q9NV96,5,3,201,K,0.001072539,0.0042564077,-0.012085437774658203,0.2409972299168975,0.47017543859649125,False
WT_Q9NV96,Q9NV96,5,3,202,K,0.0012118196,0.0044429526,0.013759374618530273,0.40120036934441367,0.4268698060941829,False
WT_Q9NV96,Q9NV96,5,3,203,G,0.0006770124,0.0018058715,0.013759374618530273,0.26177285318559557,0.4151431209602955,False
WT_Q9NV96,Q9NV96,5,3,204,I,0.0013888465,0.012148792,0.013759374618530273,0.5332409972299169,0.4376731301939058,False
WT_Q9NV96,Q9NV96,5,3,205,A,0.002346627,0.013266458,0.013759374618530273,0.6385041551246537,0.5464450600184672,False
WT_Q9NV96,Q9NV96,5,3,206,W,0.0010387924,0.0025538064,0.030948321024576824,0.35364727608494917,0.6265927977839335,False
WT_Q9NV96,Q9NV96,5,3,207,W,0.019223165,0.21054006,0.06968069076538086,0.9450600184672208,0.6007386888273315,False
WT_Q9NV96,Q9NV96,5,3,208,T,0.0018492528,0.013371629,0.06968069076538086,0.662511542012927,0.5732225300092336,False
WT_Q9NV96,Q9NV96,5,3,209,D,0.0010246274,0.003196698,0.06968069076538086,0.40397045244690677,0.6709141274238227,False
WT_Q9NV96,Q9NV96,5,3,210,K,0.0014149875,0.0044956375,0.06968069076538086,0.5009233610341645,0.5911357340720221,False
WT_Q9NV96,Q9NV96,5,3,211,N,0.005658343,0.037281558,0.04983441034952799,0.8421052631578947,0.5115420129270545,False
WT_Q9NV96,Q9NV96,5,3,212,V,0.0014970393,0.008915025,0.037734031677246094,0.5461680517082179,0.5372114496768237,False
WT_Q9NV96,Q9NV96,5,3,213,K,0.00057277986,0.00081584917,0.037734031677246094,0.2645429362880886,0.49270544783010156,False
WT_Q9NV96,Q9NV96,5,3,214,F,0.0017555195,0.006580986,0.037734031677246094,0.5323176361957526,0.43693444136657433,False
WT_Q9NV96,Q9NV96,5,3,215,R,0.0006652078,0.0013936869,0.037734031677246094,0.278393351800554,0.4355493998153278,False
WT_Q9NV96,Q9NV96,5,3,216,N,0.0013922113,0.013955663,0.015972455342610676,0.5632502308402586,0.44155124653739614,False
WT_Q9NV96,Q9NV96,5,3,217,P,0.0026415498,0.014223981,-0.008704423904418945,0.5392428439519852,0.3875346260387812,False
WT_Q9NV96,Q9NV96,5,3,218,P,0.0013658337,0.004715679,-0.008704423904418945,0.2945521698984303,0.45410895660203143,False
WT_Q9NV96,Q9NV96,5,3,219,G,0.0013739029,0.0032945978,-0.008704423904418945,0.26223453370267774,0.3778393351800554,False
WT_Q9NV96,Q9NV96,5,3,220,G,0.0024661007,0.051173016,-0.008704423904418945,0.6112650046168052,0.3098799630655587,False
WT_Q9NV96,Q9NV96,5,3,221,D,0.00076549227,0.0035799285,-0.010639508565266928,0.1819021237303786,0.3148661126500462,False
WT_Q9NV96,Q9NV96,5,3,222,N,0.0010731162,0.0023469122,-0.021030187606811523,0.1994459833795014,0.30544783010156973,False
WT_Q9NV96,Q9NV96,5,3,223,L,0.0017753104,0.0036228192,-0.021030187606811523,0.31948291782086796,0.2755309325946445,False
WT_Q9NV96,Q9NV96,5,3,224,E,0.0010022396,0.0039701215,-0.021030187606811523,0.2151431209602955,0.3604801477377655,False
WT_Q9NV96,Q9NV96,5,3,225,E,0.0013475216,0.026897863,-0.021030187606811523,0.4616805170821791,0.42631578947368426,False
WT_Q9NV96,Q9NV96,5,3,226,R,0.0036822075,0.022329751,-0.00857686996459961,0.6066481994459834,0.43250230840258547,False
WT_Q9NV96,Q9NV96,5,3,227,F,0.0023471275,0.00713197,0.0009100437164306641,0.5286241920590952,0.5188365650969529,False
WT_Q9NV96,Q9NV96,5,3,228,K,0.0013228566,0.003530872,0.0009100437164306641,0.3504155124653739,0.516343490304709,False
WT_Q9NV96,Q9NV96,5,3,229,G,0.002715821,0.016544962,0.0009100437164306641,0.6468144044321329,0.4882733148661126,False
WT_Q9NV96,Q9NV96,5,3,230,T,0.0012353115,0.010388447,0.0009100437164306641,0.4492151431209603,0.43397968605724835,False
WT_Q9NV96,Q9NV96,5,3,231,T,0.0011454911,0.011019815,0.005127112070719401,0.4662973222530009,0.48808864265927976,False
WT_Q9NV96,Q9NV96,5,3,232,K,0.00060071313,0.0015790242,0.014945507049560547,0.2571560480147738,0.489196675900277,False
WT_Q9NV96,Q9NV96,5,3,233,P,0.0020936544,0.013238515,0.014945507049560547,0.6209602954755309,0.5178208679593721,False
WT_Q9NV96,Q9NV96,5,3,234,V,0.0021950193,0.0152500095,0.014945507049560547,0.6523545706371191,0.49806094182825483,False
WT_Q9NV96,Q9NV96,5,3,235,N,0.0015090443,0.01610069,0.014945507049560547,0.5923361034164358,0.5959372114496768,False
WT_Q9NV96,Q9NV96,5,3,236,W,0.0012791693,0.00332837,0.008236567179361979,0.36749769159741463,0.5373961218836565,False
WT_Q9NV96,Q9NV96,5,3,237,L,0.0033028575,0.04451849,0.004189968109130859,0.7465373961218837,0.5303785780240073,False
WT_Q9NV96,Q9NV96,5,3,238,K,0.00083753123,0.0051001245,0.004189968109130859,0.3282548476454294,0.5279778393351802,False
WT_Q9NV96,Q9NV96,5,3,239,P,0.0021495547,0.017651258,0.004189968109130859,0.6172668513388735,0.5521698984302863,False
WT_Q9NV96,Q9NV96,5,3,240,V,0.0020318807,0.014154264,0.004189968109130859,0.5803324099722992,0.45715604801477383,False
WT_Q9NV96,Q9NV96,5,3,241,Y,0.0024707841,0.010483073,-0.0005022684733072916,0.4884579870729455,0.4674053554939982,False
WT_Q9NV96,Q9NV96,5,3,242,M,0.0010572224,0.006034344,-0.007534027099609375,0.27146814404432135,0.4041551246537396,False
WT_Q9NV96,Q9NV96,5,3,243,L,0.0015629042,0.008311778,-0.007534027099609375,0.37950138504155123,0.3915050784856879,False
WT_Q9NV96,Q9NV96,5,3,244,D,0.0011519257,0.006729892,-0.007534027099609375,0.3010156971375808,0.37248384118190214,False
WT_Q9NV96,Q9NV96,5,3,245,S,0.0018669763,0.024241088,-0.007534027099609375,0.5170821791320407,0.34349030470914127,False
WT_Q9NV96,Q9NV96,5,3,246,D,0.0014190468,0.010633052,-0.008283456166585287,0.39335180055401664,0.3578947368421052,False
WT_Q9NV96,Q9NV96,5,3,247,P,0.00061415933,0.002080704,-0.009834527969360352,0.1265004616805171,0.3763619575253924,False
WT_Q9NV96,Q9NV96,5,3,248,D,0.0016837096,0.014110055,-0.009834527969360352,0.45152354570637115,0.3477377654662973,False
WT_Q9NV96,Q9NV96,5,3,249,N,0.0014934641,0.009961211,-0.009834527969360352,0.39335180055401664,0.34090489381348105,False
WT_Q9NV96,Q9NV96,5,3,250,N,0.0011533811,0.012981735,-0.009834527969360352,0.3739612188365651,0.4084949215143121,False
WT_Q9NV96,Q9NV96,5,3,251,G,0.0011866158,0.010700539,-0.012220382690429688,0.3591874422899353,0.4062788550323176,False
WT_Q9NV96,Q9NV96,5,3,252,F,0.0025062654,0.008023435,-0.013387203216552734,0.4644506001846722,0.44025854108956597,False
WT_Q9NV96,Q9NV96,5,3,253,I,0.0017714244,0.011665132,-0.013387203216552734,0.44044321329639885,0.47571560480147734,False
WT_Q9NV96,Q9NV96,5,3,254,N,0.0020925803,0.041406095,-0.013387203216552734,0.5632502308402586,0.5421975992613112,False
WT_Q9NV96,Q9NV96,5,3,255,E,0.0024667692,0.01952493,-0.013387203216552734,0.5512465373961218,0.5305632502308402,False
WT_Q9NV96,Q9NV96,5,3,256,D,0.00653706,0.052936047,-0.016916592915852863,0.6915974145891043,0.4768236380424747,False
WT_Q9NV96,Q9NV96,5,3,257,F,0.0016349864,0.009907418,-0.020483732223510742,0.4062788550323176,0.4208679593721144,False
WT_Q9NV96,Q9NV96,5,3,258,I,0.0005461803,0.004293754,-0.020483732223510742,0.17174515235457063,0.39095106186518924,False
WT_Q9NV96,Q9NV96,5,3,259,V,0.0010839376,0.0063536232,-0.020483732223510742,0.283471837488458,0.2873499538319483,False
WT_Q9NV96,Q9NV96,5,3,260,W,0.0019774742,0.00711446,-0.020483732223510742,0.40166204986149584,0.2293628808864266,False
WT_Q9NV96,Q9NV96,5,3,261,M,0.0007744542,0.0032403378,-0.04937060674031576,0.17359187442289936,0.3157894736842105,False
WT_Q9NV96,Q9NV96,5,3,262,R,0.0005723293,0.001960904,-0.06555986404418945,0.11634349030470914,0.351061865189289,False
WT_Q9NV96,Q9NV96,5,3,263,T,0.003050508,0.025506793,-0.06555986404418945,0.6038781163434902,0.3063711911357341,False
WT_Q9NV96,Q9NV96,5,3,264,A,0.0018038169,0.013683601,-0.06555986404418945,0.4598337950138504,0.41514312096029543,False
WT_Q9NV96,Q9NV96,5,3,265,A,0.00089464174,0.0028239503,-0.06555986404418945,0.17820867959372114,0.4797783933518005,False
WT_Q9NV96,Q9NV96,5,3,266,L,0.008604652,0.07539,-0.11418501536051433,0.7174515235457064,0.503601108033241,False
WT_Q9NV96,Q9NV96,5,3,267,P,0.0021741898,0.008566577,-0.15928983688354492,0.43951985226223456,0.5058171745152354,False
WT_Q9NV96,Q9NV96,5,3,268,T,0.007442593,0.1196198,-0.15928983688354492,0.7229916897506925,0.497876269621422,False
WT_Q9NV96,Q9NV96,5,3,269,F,0.0017466355,0.016104823,-0.15928983688354492,0.4709141274238227,0.41421975992613114,False
WT_Q9NV96,Q9NV96,5,3,270,R,0.00072461256,0.0020069748,-0.15928983688354492,0.13850415512465375,0.47220683287165277,False
WT_Q9NV96,Q9NV96,5,3,271,K,0.0013620405,0.0050701904,-0.14959287643432617,0.29916897506925205,0.4694367497691597,False
WT_Q9NV96,Q9NV96,5,3,272,L,0.007310492,0.20437688,-0.17081713676452637,0.7294552169898431,0.40055401662049855,False
WT_Q9NV96,Q9NV96,5,3,273,Y,0.008622318,0.057596568,-0.17081713676452637,0.7091412742382271,0.47830101569713757,False
WT_Q9NV96,Q9NV96,5,3,274,R,0.00068020343,0.0017065059,-0.17081713676452637,0.1265004616805171,0.5174515235457063,False
WT_Q9NV96,Q9NV96,5,3,275,L,0.0018741952,0.02827544,-0.17081713676452637,0.5272391505078485,0.4280701754385964,False
WT_Q9NV96,Q9NV96,5,3,276,I,0.0016130465,0.025951564,-0.11707194646199544,0.49492151431209597,0.32317636195752536,False
WT_Q9NV96,Q9NV96,5,3,277,E,0.0012354611,0.005062061,-0.06989026069641113,0.2825484764542936,0.3580794090489381,False
WT_Q9NV96,Q9NV96,5,3,278,R,0.0009198442,0.0030253152,-0.06989026069641113,0.18467220683287167,0.29750692520775623,False
WT_Q9NV96,Q9NV96,5,3,279,K,0.001018689,0.008352273,-0.06989026069641113,0.3010156971375808,0.2956602031394275,False
WT_Q9NV96,Q9NV96,5,3,280,S,0.0011301187,0.003065423,-0.06989026069641113,0.22437673130193905,0.3527239150507849,False
WT_Q9NV96,Q9NV96,5,3,281,D,0.002044503,0.014829539,-0.04690249760945638,0.4856879039704525,0.3667590027700831,False
WT_Q9NV96,Q9NV96,5,3,282,L,0.0026986506,0.018739544,-0.005254268646240234,0.5678670360110804,0.37045244690674056,False
WT_Q9NV96,Q9NV96,5,3,283,H,0.0010347032,0.005085181,-0.005254268646240234,0.2548476454293629,0.40646352723915047,False
WT_Q9NV96,Q9NV96,5,3,284,P,0.0013473731,0.0065271123,-0.005254268646240234,0.31948291782086796,0.3390581717451523,False
WT_Q9NV96,Q9NV96,5,3,285,T,0.0018071387,0.008055956,-0.005254268646240234,0.4044321329639889,0.2823638042474607,False
WT_Q9NV96,Q9NV96,5,3,286,L,0.000731283,0.0023241178,-0.050690650939941406,0.14866112650046168,0.2622345337026778,False
WT_Q9NV96,Q9NV96,5,3,287,P,0.0012059505,0.00513428,-0.07124519348144531,0.28439519852262235,0.23693444136657432,False
WT_Q9NV96,Q9NV96,5,3,288,A,0.00066941587,0.00300456,-0.07124519348144531,0.15420129270544783,0.2832871652816251,False
WT_Q9NV96,Q9NV96,5,3,289,G,0.00082357414,0.003915825,-0.07124519348144531,0.1929824561403509,0.3133887349953832,False
WT_Q9NV96,Q9NV96,5,3,290,R,0.0037281886,0.034329094,-0.07124519348144531,0.6361957525392429,0.3850415512465374,False
WT_Q9NV96,Q9NV96,5,3,291,Y,0.0012698354,0.0060023987,-0.09645350774129231,0.29916897506925205,0.4491228070175438,False
WT_Q9NV96,Q9NV96,5,3,292,S,0.0041249604,0.034357168,-0.14421677589416504,0.6426592797783933,0.5505078485687903,False
WT_Q9NV96,Q9NV96,5,3,293,L,0.0021266565,0.012364415,-0.14421677589416504,0.4746075715604801,0.4984302862419206,False
WT_Q9NV96,Q9NV96,5,3,294,N,0.005362278,0.0969052,-0.14421677589416504,0.6999076638965835,0.582825484764543,False
WT_Q9NV96,Q9NV96,5,3,295,V,0.0016234092,0.0074258037,-0.14421677589416504,0.37580794090489383,0.5850415512465373,False
WT_Q9NV96,Q9NV96,5,3,296,T,0.0071666776,0.14424784,-0.1363240877787272,0.7211449676823638,0.5937211449676825,False
WT_Q9NV96,Q9NV96,5,3,297,Y,0.0043640947,0.041116007,-0.13370442390441895,0.6537396121883656,0.4919667590027701,False
WT_Q9NV96,Q9NV96,5,3,298,N,0.0014424005,0.050349094,-0.13370442390441895,0.518005540166205,0.5602954755309326,False
WT_Q9NV96,Q9NV96,5,3,299,Y,0.00085039926,0.0035271773,-0.13370442390441895,0.1911357340720222,0.46906740535549396,False
WT_Q9NV96,Q9NV96,5,3,300,P,0.0072804526,0.10070468,-0.13370442390441895,0.7174515235457064,0.43896583564173597,False
WT_Q9NV96,Q9NV96,5,3,301,V,0.001178342,0.004462937,-0.09940512975056966,0.2650046168051708,0.4363804247460757,False
WT_Q9NV96,Q9NV96,5,3,302,H,0.001966994,0.019090645,-0.07567262649536133,0.5032317636195752,0.4945521698984302,False
WT_Q9NV96,Q9NV96,5,3,303,Y,0.0017558007,0.023977831,-0.07567262649536133,0.5050784856879039,0.4838411819021237,False
WT_Q9NV96,Q9NV96,5,3,304,F,0.00206415,0.014182244,-0.07567262649536133,0.481994459833795,0.49898430286241924,False
WT_Q9NV96,Q9NV96,5,3,305,D,0.0036584707,0.06114155,-0.07567262649536133,0.6638965835641736,0.5247460757156047,False
WT_Q9NV96,Q9NV96,5,3,306,G,0.0006381323,0.0024227735,0.07502349217732747,0.3407202216066482,0.4925207756232687,False
WT_Q9NV96,Q9NV96,5,3,307,R,0.0016294693,0.010265634,0.172804594039917,0.6320406278855032,0.5677746999076639,False
WT_Q9NV96,Q9NV96,5,3,308,K,0.0006660498,0.0015871207,0.172804594039917,0.34395198522622344,0.5416435826408126,False
WT_Q9NV96,Q9NV96,5,3,309,R,0.0029316004,0.044391304,0.172804594039917,0.858264081255771,0.6203139427516159,False
WT_Q9NV96,Q9NV96,5,3,310,M,0.0011264456,0.0074006235,0.172804594039917,0.5332409972299169,0.5848568790397046,False
WT_Q9NV96,Q9NV96,5,3,311,I,0.001862018,0.021303635,0.24783643086751303,0.7340720221606647,0.6075715604801477,False
WT_Q9NV96,Q9NV96,5,3,312,L,0.0009772154,0.003647742,0.3871579170227051,0.4547553093259465,0.6262234533702677,False
WT_Q9NV96,Q9NV96,5,3,313,S,0.00096205244,0.0040210797,0.3871579170227051,0.45752539242843954,0.7183748845798708,True
WT_Q9NV96,Q9NV96,5,3,314,T,0.004388598,0.26160514,0.3871579170227051,0.9515235457063712,0.7578947368421053,True
WT_Q9NV96,Q9NV96,5,3,315,I,0.014205757,0.6406255,0.3871579170227051,0.9939981532779316,0.8103416435826409,True
WT_Q9NV96,Q9NV96,5,3,316,S,0.0058509507,0.0737363,0.26430177688598633,0.9316712834718376,0.8664819944598339,True
WT_Q9NV96,Q9NV96,5,3,317,W,0.0021964062,0.013224866,0.20824480056762695,0.7169898430286242,0.7518005540166205,True
WT_Q9NV96,Q9NV96,5,3,318,M,0.001600474,0.035213117,0.20824480056762695,0.7382271468144044,0.6210526315789473,False
WT_Q9NV96,Q9NV96,5,3,319,G,0.0007931219,0.0022245946,0.20824480056762695,0.3781163434903047,0.5015697137580795,False
WT_Q9NV96,Q9NV96,5,3,320,G,0.0005603084,0.0017771968,0.20824480056762695,0.340258541089566,0.4882733148661126,False
WT_Q9NV96,Q9NV96,5,3,321,K,0.00061949383,0.0015407001,0.15947945912679037,0.33425669436749766,0.5202216066481994,False
WT_Q9NV96,Q9NV96,5,3,322,N,0.0018331745,0.016798437,0.04026913642883301,0.6505078485687904,0.6108956602031395,False
WT_Q9NV96,Q9NV96,5,3,323,P,0.010371478,0.13019037,0.04026913642883301,0.8979686057248384,0.7067405355493999,False
WT_Q9NV96,Q9NV96,5,3,324,F,0.0038305358,0.0540171,0.04026913642883301,0.8314866112650047,0.6928901200369345,False
WT_Q9NV96,Q9NV96,5,3,325,L,0.00544275,0.033324756,0.04026913642883301,0.819482917820868,0.650415512465374,False
WT_Q9NV96,Q9NV96,5,3,326,G,0.0005027127,0.002251163,0.015461126963297525,0.2650046168051708,0.5420129270544783,False
WT_Q9NV96,Q9NV96,5,3,327,I,0.0010034299,0.0086103575,0.013896942138671875,0.4381348107109881,0.503601108033241,False
WT_Q9NV96,Q9NV96,5,3,328,A,0.0010206273,0.0038188896,0.013896942138671875,0.35595567867036015,0.4555863342566944,False
WT_Q9NV96,Q9NV96,5,3,329,Y,0.0025532085,0.010921147,0.013896942138671875,0.6394275161588182,0.5595567867036012,False
WT_Q9NV96,Q9NV96,5,3,330,I,0.001729518,0.012979067,0.013896942138671875,0.5794090489381348,0.5398891966759003,False
WT_Q9NV96,Q9NV96,5,3,331,A,0.005803032,0.06452966,0.0015638669331868489,0.7848568790397046,0.5091412742382271,False
WT_Q9NV96,Q9NV96,5,3,332,V,0.0011416832,0.009735283,-0.02862858772277832,0.33979686057248387,0.4815327793167129,False
WT_Q9NV96,Q9NV96,5,3,333,G,0.0008239808,0.004210427,-0.02862858772277832,0.20221606648199444,0.5058171745152356,False
WT_Q9NV96,Q9NV96,5,3,334,S,0.0021316796,0.01589764,-0.02862858772277832,0.5013850415512465,0.4888273314866113,False
WT_Q9NV96,Q9NV96,5,3,335,I,0.0072030076,0.06057047,-0.02862858772277832,0.700831024930748,0.5183748845798707,False
WT_Q9NV96,Q9NV96,5,3,336,S,0.006326238,0.0735422,-0.015386263529459635,0.6999076638965835,0.5593721144967683,False
WT_Q9NV96,Q9NV96,5,3,337,F,0.0022628051,0.012124025,-0.006001949310302734,0.48753462603878117,0.575623268698061,False
WT_Q9NV96,Q9NV96,5,3,338,L,0.0017428459,0.009001173,-0.006001949310302734,0.40720221606648205,0.5445983379501385,False
WT_Q9NV96,Q9NV96,5,3,339,L,0.0021746526,0.045089785,-0.006001949310302734,0.58264081255771,0.44487534626038777,False
WT_Q9NV96,Q9NV96,5,3,340,G,0.0028100528,0.013902704,-0.006001949310302734,0.5457063711911357,0.4292705447830102,False
WT_Q9NV96,Q9NV96,5,3,341,V,0.0008259117,0.004125521,-0.00436862309773763,0.2012927054478301,0.4729455216989843,False
WT_Q9NV96,Q9NV96,5,3,342,V,0.001198087,0.0066063614,0.004998207092285156,0.40951061865189287,0.47506925207756234,False
WT_Q9NV96,Q9NV96,5,3,343,L,0.0025879818,0.012948765,0.004998207092285156,0.6255771006463527,0.4722068328716529,False
WT_Q9NV96,Q9NV96,5,3,344,L,0.0020737657,0.014801676,0.004998207092285156,0.5932594644506003,0.5693444136657434,False
WT_Q9NV96,Q9NV96,5,3,345,V,0.0020861481,0.008394867,0.004998207092285156,0.5313942751615882,0.5843951985226223,False
WT_Q9NV96,Q9NV96,5,3,346,I,0.0030853432,0.021883197,0.0015471776326497395,0.6869806094182825,0.5615881809787627,False
WT_Q9NV96,Q9NV96,5,3,347,N,0.0018335008,0.01673362,-0.003228425979614258,0.48476454293628807,0.48153277931671284,False
WT_Q9NV96,Q9NV96,5,3,348,H,0.0024691739,0.013054999,-0.003228425979614258,0.5115420129270545,0.48014773776546626,False
WT_Q9NV96,Q9NV96,5,3,349,K,0.0010137634,0.0027870045,-0.003228425979614258,0.1929824561403509,0.43527239150507846,False
WT_Q9NV96,Q9NV96,5,3,350,Y,0.0022078268,0.017346434,-0.003228425979614258,0.5244690674053555,0.4116343490304709,False
WT_Q9NV96,Q9NV96,5,3,351,R,0.0021725327,0.004734602,0.0008610089619954427,0.4626038781163435,0.41735918744228995,False
WT_Q9NV96,Q9NV96,5,3,352,N,0.0014872138,0.0028856657,0.001842498779296875,0.36657433056325023,0.483471837488458,False
WT_Q9NV96,Q9NV96,5,3,353,S,0.0023854512,0.0072311773,0.001842498779296875,0.5401662049861495,0.48439519852262236,False
WT_Q9NV96,Q9NV96,5,3,354,S,0.0022289515,0.0069778217,0.001842498779296875,0.5235457063711911,0.5340720221606647,False
WT_Q9NV96,Q9NV96,5,3,355,N,0.0025992075,0.0056677973,0.001842498779296875,0.5290858725761772,0.5710064635272392,False
WT_Q9NV96,Q9NV96,5,3,356,T,0.0057538603,0.017709775,0.001842498779296875,0.7109879963065558,0.6127423822714682,False
WT_Q9NV96,Q9NV96,5,3,357,A,0.0023454465,0.006837928,0.009039878845214844,0.5512465373961218,0.6472760849492152,False
WT_Q9NV96,Q9NV96,5,3,358,D,0.004865604,0.023499195,0.009039878845214844,0.7488457987072946,0.6485687903970453,False
WT_Q9NV96,Q9NV96,5,3,359,I,0.005242682,0.01305069,0.009039878845214844,0.6962142197599261,0.620313942751616,False
WT_Q9NV96,Q9NV96,5,3,360,T,0.0026330277,0.004478787,0.009039878845214844,0.5355493998153279,0.6375807940904895,False
WT_Q9NV96,Q9NV96,5,3,361,I,0.002527854,0.0069618863,0.009039878845214844,0.569713758079409,0.6004924592182211,False
WT_O43193,O43193,9,4,1,M,0.00077828055,0.0020615302,-0.008881092071533203,0.1423948220064725,0.39940668824163966,False
WT_O43193,O43193,9,4,2,G,0.0023237602,0.033772297,-0.008881092071533203,0.6011326860841424,0.3845064724919094,False
WT_O43193,O43193,9,4,3,S,0.0014194214,0.015933998,-0.008881092071533203,0.45469255663430425,0.34304207119741104,False
WT_O43193,O43193,9,4,4,P,0.0017467164,0.0044297883,-0.008881092071533203,0.33980582524271846,0.43964401294498384,False
WT_O43193,O43193,9,4,5,W,0.0008594361,0.002936776,-0.008881092071533203,0.17718446601941748,0.3912621359223301,False
WT_O43193,O43193,9,4,6,N,0.0030944182,0.02774151,-0.004974842071533203,0.6254045307443366,0.36456310679611653,False
WT_O43193,O43193,9,4,7,G,0.0011079789,0.009580315,-0.004974842071533203,0.3592233009708738,0.3535598705501618,False
WT_O43193,O43193,9,4,8,S,0.0009200447,0.009309213,-0.004974842071533203,0.32119741100323623,0.41860841423948225,False
WT_O43193,O43193,9,4,9,D,0.0009814686,0.006198494,-0.004974842071533203,0.284789644012945,0.3938511326860842,False
WT_O43193,O43193,9,4,10,G,0.0016728995,0.019794857,-0.004974842071533203,0.5024271844660194,0.38559870550161807,False
WT_O43193,O43193,9,4,11,P,0.0021175616,0.012124679,-0.015231450398763021,0.5016181229773463,0.38042071197411004,False
WT_O43193,O43193,9,4,12,E,0.0010811421,0.0070247,-0.01840662956237793,0.3179611650485437,0.3818770226537217,False
WT_O43193,O43193,9,4,13,G,0.0010991079,0.005673804,-0.01840662956237793,0.2953074433656958,0.3551779935275081,False
WT_O43193,O43193,9,4,14,A,0.0014205979,0.004002774,-0.01840662956237793,0.29207119741100324,0.37378640776699035,False
WT_O43193,O43193,9,4,15,R,0.0016083609,0.0058217524,-0.01840662956237793,0.36893203883495146,0.3671521035598705,False
WT_O43193,O43193,9,4,16,E,0.002931859,0.02112873,-0.0266726811726888,0.5946601941747572,0.35469255663430416,False
WT_O43193,O43193,9,4,17,P,0.0010419249,0.0056775543,-0.0394747257232666,0.284789644012945,0.35517799352750806,False
WT_O43193,O43193,9,4,18,P,0.0012226779,0.0028911158,-0.0394747257232666,0.23300970873786409,0.34368932038834954,False
WT_O43193,O43193,9,4,19,W,0.001193414,0.0051458785,-0.0394747257232666,0.29449838187702265,0.26278317152103564,False
WT_O43193,O43193,9,4,20,P,0.001012473,0.0074717114,-0.0394747257232666,0.31148867313915857,0.28899676375404526,False
WT_O43193,O43193,9,4,21,A,0.0010514142,0.002093679,-0.03849077224731445,0.1901294498381877,0.3043689320388349,False
WT_O43193,O43193,9,4,22,L,0.0013880576,0.011008527,-0.03986382484436035,0.4158576051779935,0.2949838187702265,False
WT_O43193,O43193,9,4,23,P,0.0013798553,0.0046911323,-0.03986382484436035,0.3098705501618123,0.35032362459546923,False
WT_O43193,O43193,9,4,24,P,0.0012587027,0.002989013,-0.03986382484436035,0.24757281553398058,0.4273462783171521,False
WT_O43193,O43193,9,4,25,C,0.004170343,0.015719684,-0.03986382484436035,0.5881877022653722,0.41585760517799353,False
WT_O43193,O43193,9,4,26,D,0.004026395,0.014302349,-0.04422807693481445,0.5752427184466019,0.4257281553398059,False
WT_O43193,O43193,9,4,27,E,0.0019075444,0.004406894,-0.044739723205566406,0.3584142394822007,0.4419093851132686,False
WT_O43193,O43193,9,4,28,R,0.001973039,0.0043295743,-0.044739723205566406,0.3592233009708738,0.44401294498381877,False
WT_O43193,O43193,9,4,29,R,0.001782588,0.0037025174,-0.044739723205566406,0.3284789644012945,0.416504854368932,False
WT_O43193,O43193,9,4,30,C,0.0038303682,0.019354425,-0.044739723205566406,0.598705501618123,0.46877022653721684,False
WT_O43193,O43193,9,4,31,S,0.0013346805,0.014558958,-0.04356511433919271,0.4377022653721683,0.46051779935275083,False
WT_O43193,O43193,9,4,32,P,0.00268453,0.032872375,-0.047086238861083984,0.6197411003236246,0.4593851132686084,False
WT_O43193,O43193,9,4,33,F,0.0012443243,0.0056513785,-0.047086238861083984,0.3179611650485437,0.46537216828478967,False
WT_O43193,O43193,9,4,34,P,0.0014808421,0.004772807,-0.047086238861083984,0.32281553398058255,0.5169902912621359,False
WT_O43193,O43193,9,4,35,L,0.0029216844,0.033121265,-0.047086238861083984,0.6286407766990291,0.4288025889967638,False
WT_O43193,O43193,9,4,36,G,0.004564136,0.10524287,-0.04507001241048177,0.6957928802588998,0.4202265372168285,False
WT_O43193,O43193,9,4,37,A,0.00076935685,0.0035869586,-0.04112672805786133,0.17880258899676374,0.4022653721682848,False
WT_O43193,O43193,9,4,38,L,0.000677443,0.009124589,-0.04112672805786133,0.2750809061488673,0.3938511326860842,False
WT_O43193,O43193,9,4,39,V,0.00056387694,0.0075290417,-0.04112672805786133,0.23300970873786406,0.30194174757281556,False
WT_O43193,O43193,9,4,40,P,0.0020055883,0.03748194,-0.04112672805786133,0.5865695792880259,0.36521035598705504,False
WT_O43193,O43193,9,4,41,V,0.00066765025,0.0065683215,-0.025008201599121094,0.23624595469255663,0.3789644012944984,False
WT_O43193,O43193,9,4,42,T,0.00143778,0.02390473,-0.016904354095458984,0.49514563106796117,0.3702265372168284,False
WT_O43193,O43193,9,4,43,A,0.0014919469,0.005435379,-0.016904354095458984,0.3438511326860841,0.3276699029126213,False
WT_O43193,O43193,9,4,44,V,0.00088716956,0.003112594,-0.016904354095458984,0.18932038834951456,0.3372168284789644,False
WT_O43193,O43193,9,4,45,C,0.0011465738,0.010165782,-0.016904354095458984,0.3737864077669903,0.36334951456310677,False
WT_O43193,O43193,9,4,46,L,0.0009062751,0.006705239,-0.008570353190104166,0.28398058252427183,0.41893203883495145,False
WT_O43193,O43193,9,4,47,C,0.0016114452,0.024211992,0.007663249969482422,0.6258090614886731,0.47289644012944987,False
WT_O43193,O43193,9,4,48,L,0.0018401166,0.01767836,0.007663249969482422,0.6217637540453075,0.441747572815534,False
WT_O43193,O43193,9,4,49,F,0.0011461223,0.008560654,0.007663249969482422,0.4591423948220065,0.4681229773462784,False
WT_O43193,O43193,9,4,50,V,0.0006492092,0.0017583657,0.007663249969482422,0.218042071197411,0.38851132686084144,False
WT_O43193,O43193,9,4,51,V,0.0010604596,0.006494533,0.008751869201660156,0.4158576051779936,0.3092233009708738,False
WT_O43193,O43193,9,4,52,G,0.0006178824,0.0022369842,0.009513378143310547,0.22775080906148867,0.34822006472491907,False
WT_O43193,O43193,9,4,53,V,0.0005491308,0.0026309513,0.009513378143310547,0.22532362459546926,0.35210355987055014,False
WT_O43193,O43193,9,4,54,S,0.0017394538,0.026458234,0.009513378143310547,0.654126213592233,0.3644012944983818,False
WT_O43193,O43193,9,4,55,G,0.0006550502,0.0024322788,0.009513378143310547,0.23745954692556634,0.3990291262135922,False
WT_O43193,O43193,9,4,56,N,0.0011924747,0.0049631484,0.03963343302408854,0.4773462783171521,0.4825242718446602,False
WT_O43193,O43193,9,4,57,V,0.0008486588,0.0031357827,0.05540132522583008,0.4008899676375404,0.427831715210356,False
WT_O43193,O43193,9,4,58,V,0.0012902038,0.013953328,0.05540132522583008,0.642799352750809,0.47944983818770226,False
WT_O43193,O43193,9,4,59,T,0.0006994273,0.0034906717,0.05540132522583008,0.380663430420712,0.5239482200647249,False
WT_O43193,O43193,9,4,60,V,0.00081226433,0.0073241415,0.05540132522583008,0.4955501618122977,0.5894822006472492,False
WT_O43193,O43193,9,4,61,M,0.0018701757,0.013771795,0.05158233642578125,0.6998381877022654,0.5839805825242719,False
WT_O43193,O43193,9,4,62,L,0.0019243194,0.013268513,0.07190895080566406,0.7285598705501618,0.6983818770226538,False
WT_O43193,O43193,9,4,63,I,0.0012062475,0.010492288,0.07190895080566406,0.6152912621359223,0.6744336569579288,False
WT_O43193,O43193,9,4,64,G,0.005686803,0.27549273,0.07190895080566406,0.9526699029126213,0.7008090614886732,False
WT_O43193,O43193,9,4,65,R,0.0006612742,0.0031001312,0.07190895080566406,0.3758090614886731,0.6024271844660195,False
WT_O43193,O43193,9,4,66,Y,0.00402109,0.04236477,0.034460862477620445,0.8317152103559872,0.6152103559870551,False
WT_O43193,O43193,9,4,67,R,0.000782322,0.002572923,0.0017545223236083984,0.23665048543689324,0.5241100323624596,False
WT_O43193,O43193,9,4,68,D,0.002481164,0.026453953,0.0017545223236083984,0.6792071197411004,0.5330097087378641,False
WT_O43193,O43193,9,4,69,M,0.0012121145,0.013753042,0.0017545223236083984,0.497168284789644,0.48899676375404527,False
WT_O43193,O43193,9,4,70,R,0.0011377063,0.0076360293,0.0017545223236083984,0.42030744336569575,0.5148058252427185,False
WT_O43193,O43193,9,4,71,T,0.0021876034,0.055185888,-0.012362480163574219,0.6116504854368933,0.4161812297734627,False
WT_O43193,O43193,9,4,72,T,0.0010238227,0.011534185,-0.040515899658203125,0.3656957928802589,0.37629449838187706,False
WT_O43193,O43193,9,4,73,T,0.00062569557,0.004913768,-0.040515899658203125,0.186084142394822,0.3862459546925566,False
WT_O43193,O43193,9,4,74,N,0.0009868128,0.0067736725,-0.040515899658203125,0.2977346278317152,0.3655339805825243,False
WT_O43193,O43193,9,4,75,L,0.0017208299,0.012425574,-0.040515899658203125,0.47006472491909385,0.3545307443365696,False
WT_O43193,O43193,9,4,76,Y,0.0024264273,0.011043724,-0.027400652567545574,0.5080906148867314,0.38656957928802593,False
WT_O43193,O43193,9,4,77,L,0.0011068769,0.0063343267,-0.02088332176208496,0.31067961165048547,0.4674757281553398,False
WT_O43193,O43193,9,4,78,G,0.0010624474,0.009234477,-0.02088332176208496,0.34627831715210355,0.45517799352750804,False
WT_O43193,O43193,9,4,79,S,0.0054000025,0.07853112,-0.02088332176208496,0.7022653721682849,0.42928802588996773,False
WT_O43193,O43193,9,4,80,M,0.0010532351,0.017273655,-0.02088332176208496,0.4085760517799353,0.4314724919093851,False
WT_O43193,O43193,9,4,81,A,0.00078438205,0.003638679,0.043262640635172524,0.3786407766990291,0.4466019417475729,False
WT_O43193,O43193,9,4,82,V,0.00046457953,0.0011217298,0.08519220352172852,0.3216019417475728,0.4050970873786408,False
WT_O43193,O43193,9,4,83,S,0.0007125194,0.0042632325,0.08519220352172852,0.42192556634304207,0.41893203883495145,False
WT_O43193,O43193,9,4,84,D,0.0009917272,0.0050170645,0.08519220352172852,0.49474110032362456,0.4241100323624595,False
WT_O43193,O43193,9,4,85,L,0.00067404425,0.0066038314,0.08519220352172852,0.47775080906148865,0.4391585760517799,False
WT_O43193,O43193,9,4,86,L,0.0009719985,0.0047164857,0.026177088419596355,0.40453074433656955,0.541747572815534,False
WT_O43193,O43193,9,4,87,I,0.00073751435,0.0048348294,0.039850711822509766,0.3968446601941748,0.5069579288025889,False
WT_O43193,O43193,9,4,88,L,0.06117442,0.37716576,0.039850711822509766,0.9348705501618123,0.5444983818770226,False
WT_O43193,O43193,9,4,89,L,0.00053234154,0.003452906,0.039850711822509766,0.3207928802588997,0.5975728155339806,False
WT_O43193,O43193,9,4,90,G,0.0012941427,0.02312931,0.039850711822509766,0.665453074433657,0.5669093851132686,False
WT_O43193,O43193,9,4,91,L,0.0040980247,0.053572513,-0.027317047119140625,0.6699029126213593,0.5266990291262136,False
WT_O43193,O43193,9,4,92,P,0.0008249977,0.0054799863,-0.1267528533935547,0.24352750809061488,0.6091423948220065,False
WT_O43193,O43193,9,4,93,F,0.009090733,0.252266,-0.1267528533935547,0.7338187702265372,0.5453074433656957,False
WT_O43193,O43193,9,4,94,D,0.013935722,0.14517091,-0.1267528533935547,0.733009708737864,0.4972491909385114,False
WT_O43193,O43193,9,4,95,L,0.0014373076,0.0057544447,-0.1267528533935547,0.34627831715210355,0.5697411003236246,False
WT_O43193,O43193,9,4,96,Y,0.0014472145,0.011443212,-0.0998234748840332,0.42961165048543687,0.5140776699029126,False
WT_O43193,O43193,9,4,97,R,0.0023706527,0.033672698,-0.10380864143371582,0.6059870550161812,0.45792880258899676,False
WT_O43193,O43193,9,4,98,L,0.0015602186,0.012776967,-0.10380864143371582,0.45550161812297735,0.44870550161812295,False
WT_O43193,O43193,9,4,99,W,0.0017770241,0.010351463,-0.10380864143371582,0.4522653721682848,0.505177993527508,False
WT_O43193,O43193,9,4,100,R,0.000981162,0.007081256,-0.10380864143371582,0.3001618122977346,0.5434466019417477,False
WT_O43193,O43193,9,4,101,S,0.005691965,0.12664065,-0.04760885238647461,0.7119741100323624,0.6077669902912621,False
WT_O43193,O43193,9,4,102,R,0.0042374753,0.08442618,0.009413003921508789,0.7973300970873787,0.671925566343042,False
WT_O43193,O43193,9,4,103,P,0.004424955,0.03573402,0.009413003921508789,0.7771035598705501,0.7336569579288026,False
WT_O43193,O43193,9,4,104,W,0.0031818696,0.0648228,0.009413003921508789,0.7730582524271844,0.6454692556634304,False
WT_O43193,O43193,9,4,105,V,0.0016816827,0.018546402,0.009413003921508789,0.6088187702265372,0.6116504854368932,False
WT_O43193,O43193,9,4,106,F,0.00066778157,0.0034794095,0.009494304656982422,0.2710355987055016,0.629126213592233,False
WT_O43193,O43193,9,4,107,G,0.0017102001,0.010839806,0.03722381591796875,0.6282362459546925,0.6584142394822007,False
WT_O43193,O43193,9,4,108,P,0.005391808,0.038937803,0.03722381591796875,0.8644822006472492,0.696925566343042,False
WT_O43193,O43193,9,4,109,L,0.022319311,0.16663058,0.03722381591796875,0.9194983818770227,0.775242718446602,False
WT_O43193,O43193,9,4,110,L,0.002787279,0.030045629,0.03722381591796875,0.8013754045307443,0.7738673139158576,False
WT_O43193,O43193,9,4,111,C,0.005106195,0.029300664,-0.0261843999226888,0.6626213592233009,0.6663430420711974,False
WT_O43193,O43193,9,4,112,R,0.0024114212,0.04497471,-0.07167196273803711,0.6213592233009709,0.6272653721682848,False
WT_O43193,O43193,9,4,113,L,0.0009365981,0.009478516,-0.07167196273803711,0.3268608414239482,0.6055016181229773,False
WT_O43193,O43193,9,4,114,S,0.005910573,0.29649308,-0.07167196273803711,0.7241100323624595,0.610032362459547,False
WT_O43193,O43193,9,4,115,L,0.0041383877,0.15821955,-0.07167196273803711,0.6925566343042071,0.5250809061488673,False
WT_O43193,O43193,9,4,116,Y,0.0053871945,0.043055624,-0.03735494613647461,0.6852750809061489,0.5208737864077669,False
WT_O43193,O43193,9,4,117,V,0.0007491915,0.0044372934,-0.06086087226867676,0.1966019417475728,0.5205501618122976,False
WT_O43193,O43193,9,4,118,G,0.0006458818,0.012276342,-0.06086087226867676,0.3058252427184466,0.4954692556634305,False
WT_O43193,O43193,9,4,119,E,0.008225527,0.13300407,-0.06086087226867676,0.7224919093851133,0.5192556634304207,False
WT_O43193,O43193,9,4,120,G,0.0018743582,0.031342167,-0.06086087226867676,0.5671521035598706,0.560275080906149,False
WT_O43193,O43193,9,4,121,C,0.008485206,0.06956444,0.004624843597412109,0.8042071197411004,0.6480582524271845,False
WT_O43193,O43193,9,4,122,T,0.0006885471,0.0036903014,0.08343768119812012,0.4016990291262135,0.5902103559870551,False
WT_O43193,O43193,9,4,123,Y,0.0020414141,0.014005749,0.08343768119812012,0.7447411003236247,0.5585760517799352,False
WT_O43193,O43193,9,4,124,A,0.0007404797,0.0044931257,0.08343768119812012,0.433252427184466,0.582200647249191,False
WT_O43193,O43193,9,4,125,T,0.00051339914,0.0050973855,0.08343768119812012,0.40898058252427183,0.6849514563106796,False
WT_O43193,O43193,9,4,126,L,0.0040621976,0.082315356,0.08985424041748047,0.9223300970873787,0.7106796116504854,False
WT_O43193,O43193,9,4,127,L,0.0030144244,0.09537172,0.11914181709289551,0.9154530744336569,0.7851132686084143,False
WT_O43193,O43193,9,4,128,H,0.0026280512,0.034831893,0.11914181709289551,0.8733818770226538,0.8299352750809061,False
WT_O43193,O43193,9,4,129,M,0.0024333815,0.017425004,0.11914181709289551,0.80542071197411,0.7189320388349515,False
WT_O43193,O43193,9,4,130,T,0.0009273574,0.016595047,0.11914181709289551,0.6330906148867314,0.6284789644012945,False
WT_O43193,O43193,9,4,131,A,0.00065991096,0.0028489714,0.07493034998575847,0.36731391585760514,0.5584142394822006,False
WT_O43193,O43193,9,4,132,L,0.0010544105,0.004929645,0.04459738731384277,0.46318770226537215,0.502588996763754,False
WT_O43193,O43193,9,4,133,S,0.00102897,0.008378542,0.04459738731384277,0.5230582524271844,0.4466019417475728,False
WT_O43193,O43193,9,4,134,V,0.0011223366,0.007281211,0.04459738731384277,0.526294498381877,0.4640776699029126,False
WT_O43193,O43193,9,4,135,E,0.00069533946,0.0032112114,0.04459738731384277,0.3531553398058252,0.4033171521035599,False
WT_O43193,O43193,9,4,136,R,0.0008092577,0.007901869,0.030167897542317707,0.45469255663430425,0.42443365695792884,False
WT_O43193,O43193,9,4,137,Y,0.0006055958,0.0041424115,-0.0060918331146240234,0.1593851132686084,0.37402912621359224,False
WT_O43193,O43193,9,4,138,L,0.002525036,0.04493074,-0.0060918331146240234,0.6286407766990292,0.34708737864077677,False
WT_O43193,O43193,9,4,139,A,0.0008847022,0.006375125,-0.0060918331146240234,0.27427184466019416,0.38106796116504854,False
WT_O43193,O43193,9,4,140,I,0.0008281132,0.004559812,-0.0060918331146240234,0.2184466019417476,0.47985436893203887,False
WT_O43193,O43193,9,4,141,C,0.0026128753,0.012306285,0.004422664642333984,0.6245954692556633,0.43543689320388346,False
WT_O43193,O43193,9,4,142,R,0.0018350718,0.020110408,0.013380289077758789,0.6533171521035598,0.5504045307443366,False
WT_O43193,O43193,9,4,143,P,0.0010467084,0.0054289335,0.013380289077758789,0.40655339805825247,0.6341423948220064,False
WT_O43193,O43193,9,4,144,L,0.009003096,0.09550974,0.013380289077758789,0.8491100323624595,0.5733009708737863,False
WT_O43193,O43193,9,4,145,R,0.0017529659,0.018580707,0.013380289077758789,0.6371359223300971,0.5472491909385113,False
WT_O43193,O43193,9,4,146,A,0.00065092737,0.005219183,0.009799798329671225,0.32038834951456313,0.5548543689320388,False
WT_O43193,O43193,9,4,147,R,0.0016017351,0.0071792006,0.014045238494873047,0.5230582524271844,0.4783171521035598,False
WT_O43193,O43193,9,4,148,V,0.0010430586,0.0071309316,0.014045238494873047,0.4445792880258899,0.41666666666666663,False
WT_O43193,O43193,9,4,149,L,0.00070716057,0.015015273,0.014045238494873047,0.4664239482200647,0.4550161812297734,False
WT_O43193,O43193,9,4,150,V,0.0005704187,0.0055569876,0.014045238494873047,0.32888349514563103,0.46383495145631065,False
WT_O43193,O43193,9,4,151,T,0.0013123612,0.011050405,0.007607777913411458,0.5121359223300971,0.508252427184466,False
WT_O43193,O43193,9,4,152,R,0.0026794642,0.017351335,-0.0013141632080078125,0.5671521035598706,0.47063106796116505,False
WT_O43193,O43193,9,4,153,R,0.006104708,0.027151845,-0.0013141632080078125,0.6666666666666666,0.4208737864077669,False
WT_O43193,O43193,9,4,154,R,0.0011670406,0.0046600047,-0.0013141632080078125,0.2783171521035599,0.34110032362459547,False
WT_O43193,O43193,9,4,155,V,0.00035075707,0.0011078572,-0.0013141632080078125,0.08009708737864078,0.27313915857605175,False
WT_O43193,O43193,9,4,156,R,0.0006091629,0.0023890445,-0.00030104319254557293,0.11326860841423948,0.17572815533980585,False
WT_O43193,O43193,9,4,157,A,0.00096529577,0.004322683,-0.0017709732055664062,0.22734627831715212,0.141747572815534,False
WT_O43193,O43193,9,4,158,L,0.0005544781,0.005031812,-0.0017709732055664062,0.1796116504854369,0.22152103559870553,False
WT_O43193,O43193,9,4,159,I,0.0004568148,0.002929221,-0.0017709732055664062,0.10841423948220065,0.22540453074433658,False
WT_O43193,O43193,9,4,160,A,0.0018743516,0.011808747,-0.0017709732055664062,0.4789644012944984,0.2580097087378641,False
WT_O43193,O43193,9,4,161,V,0.0006875912,0.0025842756,-0.0010817845662434895,0.13268608414239483,0.26925566343042073,False
WT_O43193,O43193,9,4,162,L,0.00086826837,0.009087,0.001010894775390625,0.39037216828478966,0.3521844660194175,False
WT_O43193,O43193,9,4,163,W,0.0007951649,0.0024872643,0.001010894775390625,0.23584142394822005,0.29061488673139163,False
WT_O43193,O43193,9,4,164,A,0.0017102008,0.010284484,0.001010894775390625,0.5230582524271845,0.3108414239482201,False
WT_O43193,O43193,9,4,165,V,0.0005087012,0.0020063852,0.001010894775390625,0.17111650485436894,0.2907766990291262,False
WT_O43193,O43193,9,4,166,A,0.0006994107,0.0029225023,0.0037827491760253906,0.23381877022653721,0.3063106796116505,False
WT_O43193,O43193,9,4,167,L,0.00073718105,0.004539319,0.004811525344848633,0.29004854368932037,0.2966019417475728,False
WT_O43193,O43193,9,4,168,L,0.0009549994,0.0040508746,0.004811525344848633,0.31351132686084143,0.3124595469255663,False
WT_O43193,O43193,9,4,169,S,0.0014105416,0.008106842,0.004811525344848633,0.47451456310679613,0.3415857605177993,False
WT_O43193,O43193,9,4,170,A,0.00075149606,0.0029511556,0.004811525344848633,0.2504045307443366,0.3620550161812298,False
WT_O43193,O43193,9,4,171,G,0.001139323,0.010988769,-0.0005035400390625,0.3794498381877023,0.4079288025889968,False
WT_O43193,O43193,9,4,172,P,0.0007925741,0.023081439,-0.0009036064147949219,0.3923948220064725,0.42548543689320384,False
WT_O43193,O43193,9,4,173,F,0.0018560777,0.024041386,-0.0009036064147949219,0.5428802588996764,0.433495145631068,False
WT_O43193,O43193,9,4,174,L,0.00177008,0.035111055,-0.0009036064147949219,0.5622977346278317,0.3894822006472492,False
WT_O43193,O43193,9,4,175,F,0.0011203171,0.0054036835,-0.0009036064147949219,0.2904530744336569,0.40064724919093847,False
WT_O43193,O43193,9,4,176,L,0.00073199533,0.003118535,-0.01294708251953125,0.1593851132686084,0.40533980582524265,False
WT_O43193,O43193,9,4,177,V,0.0011489727,0.021204082,-0.024083852767944336,0.4482200647249191,0.3239482200647249,False
WT_O43193,O43193,9,4,178,G,0.0018711532,0.031761292,-0.024083852767944336,0.5663430420711973,0.29644012944983816,False
WT_O43193,O43193,9,4,179,V,0.0006293814,0.0037309222,-0.024083852767944336,0.15533980582524273,0.3441747572815534,False
WT_O43193,O43193,9,4,180,E,0.00045849837,0.004447636,-0.024083852767944336,0.15291262135922332,0.2800970873786408,False
WT_O43193,O43193,9,4,181,Q,0.0008717992,0.02109647,-0.030750115712483723,0.39805825242718446,0.27702265372168283,False
WT_O43193,O43193,9,4,182,D,0.0005199498,0.003347513,-0.0405583381652832,0.127831715210356,0.3407766990291262,False
WT_O43193,O43193,9,4,183,P,0.0021625329,0.020573957,-0.0405583381652832,0.5509708737864077,0.4315533980582525,False
WT_O43193,O43193,9,4,184,G,0.0015433751,0.017087461,-0.0405583381652832,0.4741100323624596,0.4266990291262136,False
WT_O43193,O43193,9,4,185,I,0.0041409913,0.019519322,-0.0405583381652832,0.6067961165048544,0.455663430420712,False
WT_O43193,O43193,9,4,186,S,0.0015562332,0.006507678,-0.04339679082234701,0.3737864077669903,0.38203883495145635,False
WT_O43193,O43193,9,4,187,V,0.0013169834,0.003654281,-0.046578168869018555,0.2726537216828479,0.38964401294498385,False
WT_O43193,O43193,9,4,188,V,0.00083558314,0.0031313947,-0.046578168869018555,0.18284789644012944,0.31343042071197413,False
WT_O43193,O43193,9,4,189,P,0.0023182316,0.0121773835,-0.046578168869018555,0.5121359223300971,0.34061488673139156,False
WT_O43193,O43193,9,4,190,G,0.0010107791,0.0039222897,-0.046578168869018555,0.22572815533980584,0.391747572815534,False
WT_O43193,O43193,9,4,191,L,0.001925865,0.015380362,-0.04220294952392578,0.5097087378640778,0.4491909385113269,False
WT_O43193,O43193,9,4,192,N,0.0026972082,0.011312749,-0.04126310348510742,0.5283171521035598,0.4533980582524272,False
WT_O43193,O43193,9,4,193,G,0.0015501145,0.016054438,-0.04126310348510742,0.47006472491909385,0.4724919093851132,False
WT_O43193,O43193,9,4,194,T,0.0023367684,0.015340318,-0.04126310348510742,0.5331715210355987,0.48899676375404527,False
WT_O43193,O43193,9,4,195,A,0.001688311,0.0040409258,-0.04126310348510742,0.32119741100323623,0.5199029126213592,False
WT_O43193,O43193,9,4,196,R,0.0037724879,0.018403461,-0.017444292704264324,0.5922330097087378,0.5477346278317153,False
WT_O43193,O43193,9,4,197,I,0.0056307223,0.03858989,-0.0016295909881591797,0.6828478964401296,0.5092233009708738,False
WT_O43193,O43193,9,4,198,A,0.004757771,0.017329253,-0.0016295909881591797,0.6092233009708738,0.5165048543689321,False
WT_O43193,O43193,9,4,199,S,0.0017046308,0.004560807,-0.0016295909881591797,0.34061488673139156,0.48462783171521034,False
WT_O43193,O43193,9,4,200,S,0.001360672,0.00688523,-0.0016295909881591797,0.3576051779935275,0.4665857605177994,False
WT_O43193,O43193,9,4,201,P,0.0015276856,0.0053954036,0.004182974497477214,0.43284789644012944,0.5118122977346278,False
WT_O43193,O43193,9,4,202,L,0.0015627424,0.011213509,0.023000717163085938,0.5926375404530745,0.5966828478964402,False
WT_O43193,O43193,9,4,203,A,0.008166403,0.033246,0.023000717163085938,0.8353559870550162,0.6588996763754047,False
WT_O43193,O43193,9,4,204,S,0.0047230376,0.018482516,0.023000717163085938,0.7649676375404532,0.6215210355987056,False
WT_O43193,O43193,9,4,205,S,0.0023159878,0.01323708,0.023000717163085938,0.6686893203883496,0.5750809061488674,False
WT_O43193,O43193,9,4,206,P,0.00065723853,0.0016044094,0.018145084381103516,0.2459546925566343,0.46796116504854374,False
WT_O43193,O43193,9,4,207,P,0.0011303724,0.0033273797,0.012120962142944336,0.3604368932038835,0.4399676375404531,False
WT_O43193,O43193,9,4,208,L,0.00079316634,0.0031037023,0.012120962142944336,0.29975728155339804,0.42233009708737856,False
WT_O43193,O43193,9,4,209,W,0.0025080694,0.009671532,0.012120962142944336,0.625,0.43171521035598703,False
WT_O43193,O43193,9,4,210,L,0.001827916,0.010263129,0.012120962142944336,0.5805016181229773,0.46343042071197404,False
WT_O43193,O43193,9,4,211,S,0.0008328939,0.0029881136,0.009556134541829428,0.29288025889967634,0.5516181229773462,False
WT_O43193,O43193,9,4,212,R,0.0020103962,0.0062875436,0.006430149078369141,0.5190129449838188,0.5103559870550161,False
WT_O43193,O43193,9,4,213,A,0.0048031807,0.023378389,0.006430149078369141,0.7406957928802589,0.4707119741100324,False
WT_O43193,O43193,9,4,214,P,0.0013363688,0.0051706946,0.006430149078369141,0.4186893203883495,0.4970873786407767,False
WT_O43193,O43193,9,4,215,P,0.0012619001,0.0043082167,0.006430149078369141,0.3822815533980582,0.5105987055016181,False
WT_O43193,O43193,9,4,216,P,0.0020533144,0.0064417114,-0.006834665934244792,0.42475728155339804,0.4084142394822006,False
WT_O43193,O43193,9,4,217,S,0.0024666486,0.024166726,-0.014468908309936523,0.5865695792880259,0.380663430420712,False
WT_O43193,O43193,9,4,218,P,0.0011398459,0.0029926084,-0.014468908309936523,0.22977346278317154,0.365210355987055,False
WT_O43193,O43193,9,4,219,P,0.0013087892,0.0041217012,-0.014468908309936523,0.27993527508090615,0.35453074433656956,False
WT_O43193,O43193,9,4,220,S,0.0012517511,0.0051163738,-0.014468908309936523,0.3050161812297734,0.29708737864077667,False
WT_O43193,O43193,9,4,221,G,0.001017866,0.012154914,-0.013000806172688803,0.3713592233009709,0.32815533980582523,False
WT_O43193,O43193,9,4,222,P,0.001777434,0.00280092,-0.021714448928833008,0.2993527508090615,0.36488673139158573,False
WT_O43193,O43193,9,4,223,E,0.001471324,0.00775059,-0.021714448928833008,0.3851132686084142,0.3543689320388349,False
WT_O43193,O43193,9,4,224,T,0.00229117,0.008436239,-0.021714448928833008,0.4635922330097087,0.39061488673139155,False
WT_O43193,O43193,9,4,225,A,0.001432006,0.002508806,-0.021714448928833008,0.2524271844660194,0.4293689320388349,False
WT_O43193,O43193,9,4,226,E,0.0022311637,0.020385046,-0.009921709696451822,0.5525889967637541,0.4558252427184466,False
WT_O43193,O43193,9,4,227,A,0.002020563,0.0057345503,0.0017995834350585938,0.49312297734627836,0.47451456310679613,False
WT_O43193,O43193,9,4,228,A,0.0023464048,0.0058383136,0.0017995834350585938,0.5173948220064725,0.5199029126213592,False
WT_O43193,O43193,9,4,229,A,0.0019017403,0.010979659,0.0017995834350585938,0.5570388349514563,0.5506472491909384,False
WT_O43193,O43193,9,4,230,L,0.0013782475,0.009279396,0.0017995834350585938,0.47936893203883496,0.5837378640776698,False
WT_O43193,O43193,9,4,231,F,0.009030408,0.049824145,-0.015835285186767578,0.7063106796116504,0.6135922330097088,False
WT_O43193,O43193,9,4,232,S,0.004804496,0.028016668,-0.018720626831054688,0.6585760517799353,0.6094660194174757,False
WT_O43193,O43193,9,4,233,R,0.0040866737,0.04810369,-0.018720626831054688,0.6666666666666666,0.6367313915857605,False
WT_O43193,O43193,9,4,234,E,0.002085808,0.018315481,-0.018720626831054688,0.5364077669902912,0.6257281553398059,False
WT_O43193,O43193,9,4,235,C,0.0040726974,0.022332178,-0.018720626831054688,0.6156957928802589,0.618284789644013,False
WT_O43193,O43193,9,4,236,R,0.0028876872,0.056109216,-0.03566122055053711,0.651294498381877,0.6263754045307443,False
WT_O43193,O43193,9,4,237,P,0.0029764683,0.027234746,-0.06032371520996094,0.6213592233009708,0.5907766990291262,False
WT_O43193,O43193,9,4,238,S,0.0049899854,0.13640252,-0.06032371520996094,0.7071197411003235,0.5603559870550161,False
WT_O43193,O43193,9,4,239,P,0.0012327031,0.008035745,-0.06032371520996094,0.3584142394822007,0.4724919093851133,False
WT_O43193,O43193,9,4,240,A,0.0015564624,0.014525548,-0.06032371520996094,0.4635922330097087,0.49368932038834945,False
WT_O43193,O43193,9,4,241,Q,0.00076536083,0.004868783,-0.02459875742594401,0.21197411003236244,0.48802588996763757,False
WT_O43193,O43193,9,4,242,L,0.0068095424,0.21153165,-0.011345624923706055,0.7273462783171522,0.5286407766990292,False
WT_O43193,O43193,9,4,243,G,0.0043791044,0.054723237,-0.011345624923706055,0.6788025889967638,0.5056634304207119,False
WT_O43193,O43193,9,4,244,A,0.0017330884,0.038807753,-0.011345624923706055,0.5614886731391586,0.5336569579288026,False
WT_O43193,O43193,9,4,245,L,0.0014185588,0.0059448886,-0.011345624923706055,0.348705501618123,0.44457928802589,False
WT_O43193,O43193,9,4,246,R,0.0017270246,0.004881291,-0.0042057037353515625,0.35194174757281554,0.37378640776699035,False
WT_O43193,O43193,9,4,247,V,0.0005825405,0.0026282729,0.028462648391723633,0.281957928802589,0.41124595469255665,False
WT_O43193,O43193,9,4,248,M,0.00073797815,0.0030206905,0.028462648391723633,0.32483818770226536,0.5050161812297734,False
WT_O43193,O43193,9,4,249,L,0.00237036,0.025276523,0.028462648391723633,0.7487864077669902,0.5674757281553398,False
WT_O43193,O43193,9,4,250,W,0.0036466047,0.04139177,0.028462648391723633,0.8175566343042071,0.6008090614886731,False
WT_O43193,O43193,9,4,251,V,0.0017835308,0.020721674,0.018968741099039715,0.6642394822006472,0.6598705501618124,False
WT_O43193,O43193,9,4,252,T,0.00093475584,0.011855986,0.0050275325775146484,0.44862459546925565,0.6757281553398058,False
WT_O43193,O43193,9,4,253,T,0.0014633988,0.033452205,0.0050275325775146484,0.6201456310679612,0.6084142394822006,False
WT_O43193,O43193,9,4,254,A,0.01161968,0.16025555,0.0050275325775146484,0.828074433656958,0.6033980582524271,False
WT_O43193,O43193,9,4,255,Y,0.0016113048,0.0066985036,0.0050275325775146484,0.4809870550161812,0.6750809061488673,False
WT_O43193,O43193,9,4,256,F,0.0015788915,0.025612846,0.01135094960530599,0.6391585760517798,0.6318770226537216,False
WT_O43193,O43193,9,4,257,F,0.0044603613,0.06413149,0.011989355087280273,0.8070388349514563,0.5221682847896439,False
WT_O43193,O43193,9,4,258,L,0.0009077058,0.0065899845,0.011989355087280273,0.404126213592233,0.5226537216828478,False
WT_O43193,O43193,9,4,259,P,0.00078194303,0.0027558645,0.011989355087280273,0.2795307443365696,0.4810679611650485,False
WT_O43193,O43193,9,4,260,F,0.0010569944,0.010528481,0.011989355087280273,0.4834142394822007,0.4885113268608414,False
WT_O43193,O43193,9,4,261,L,0.0011284142,0.005583807,0.015494823455810547,0.43122977346278324,0.5605177993527508,False
WT_O43193,O43193,9,4,262,C,0.0052532908,0.053315796,0.023251771926879883,0.8442556634304208,0.5786407766990292,False
WT_O43193,O43193,9,4,263,L,0.0037624266,0.022606863,0.023251771926879883,0.7641585760517798,0.5872168284789645,False
WT_O43193,O43193,9,4,264,S,0.00089746393,0.0042487346,0.023251771926879883,0.37014563106796117,0.6378640776699028,False
WT_O43193,O43193,9,4,265,I,0.001195977,0.009492861,0.023251771926879883,0.526294498381877,0.5174757281553398,False
WT_O43193,O43193,9,4,266,L,0.0016199938,0.03124043,0.021303971608479817,0.6844660194174756,0.47459546925566337,False
WT_O43193,O43193,9,4,267,Y,0.0005940828,0.0012449862,0.01995706558227539,0.24231391585760517,0.5522653721682848,False
WT_O43193,O43193,9,4,268,G,0.0015251812,0.009103789,0.01995706558227539,0.5497572815533981,0.5030744336569579,False
WT_O43193,O43193,9,4,269,L,0.003326869,0.024964932,0.01995706558227539,0.7584951456310679,0.43122977346278313,False
WT_O43193,O43193,9,4,270,I,0.00072252983,0.0024451164,0.01995706558227539,0.2803398058252427,0.46852750809061483,False
WT_O43193,O43193,9,4,271,G,0.0013719667,0.0053896075,-0.00456539789835612,0.32524271844660196,0.4160194174757281,False
WT_O43193,O43193,9,4,272,R,0.0017579825,0.008721567,-0.018100976943969727,0.4288025889967637,0.3338996763754045,False
WT_O43193,O43193,9,4,273,E,0.0009230789,0.0067285444,-0.018100976943969727,0.2872168284789644,0.3122977346278317,False
WT_O43193,O43193,9,4,274,L,0.0011920406,0.007937367,-0.018100976943969727,0.3478964401294498,0.3024271844660194,False
WT_O43193,O43193,9,4,275,W,0.0008417003,0.0029141363,-0.018100976943969727,0.17233009708737865,0.2644012944983819,False
WT_O43193,O43193,9,4,276,S,0.00094434293,0.00589211,-0.040094216664632164,0.2758899676375404,0.26229773462783174,False
WT_O43193,O43193,9,4,277,S,0.0010984327,0.0036659664,-0.06884551048278809,0.23867313915857605,0.273462783171521,False
WT_O43193,O43193,9,4,278,R,0.0009798129,0.005811634,-0.06884551048278809,0.27669902912621364,0.38025889967637544,False
WT_O43193,O43193,9,4,279,R,0.0012805434,0.011152127,-0.06884551048278809,0.40372168284789645,0.3629449838187702,False
WT_O43193,O43193,9,4,280,P,0.0052382024,0.13199386,-0.06884551048278809,0.7063106796116504,0.33398058252427176,False
WT_O43193,O43193,9,4,281,L,0.00077885826,0.0039439118,-0.05383014678955078,0.18932038834951456,0.38462783171521026,False
WT_O43193,O43193,9,4,282,R,0.00055099983,0.0016239765,-0.0539400577545166,0.09385113268608414,0.44967637540453076,False
WT_O43193,O43193,9,4,283,G,0.0022026869,0.016117252,-0.0539400577545166,0.5299352750809062,0.3933656957928803,False
WT_O43193,O43193,9,4,284,P,0.011663582,0.13587336,-0.0539400577545166,0.7289644012944985,0.4608414239482201,False
WT_O43193,O43193,9,4,285,A,0.0015600139,0.010018879,-0.0539400577545166,0.42475728155339804,0.5433656957928803,False
WT_O43193,O43193,9,4,286,A,0.002330633,0.0140461745,-0.03049166997273763,0.5266990291262136,0.5482200647249191,False
WT_O43193,O43193,9,4,287,S,0.001994159,0.01409102,-0.0036971569061279297,0.5064724919093851,0.4768608414239483,False
WT_O43193,O43193,9,4,288,G,0.0021580989,0.02144472,-0.0036971569061279297,0.5542071197411004,0.4634304207119741,False
WT_O43193,O43193,9,4,289,R,0.0012479328,0.009042069,-0.0036971569061279297,0.372168284789644,0.4286407766990291,False
WT_O43193,O43193,9,4,290,E,0.0014978279,0.0058328793,-0.0036971569061279297,0.3576051779935275,0.4931229773462783,False
WT_O43193,O43193,9,4,291,R,0.0010017831,0.0046618213,0.007120609283447266,0.35275080906148865,0.4831715210355987,False
WT_O43193,O43193,9,4,292,G,0.004249308,0.060741715,0.022580623626708984,0.8288834951456311,0.470631067961165,False
WT_O43193,O43193,9,4,293,H,0.0012857573,0.0073092943,0.022580623626708984,0.5044498381877022,0.5731391585760518,False
WT_O43193,O43193,9,4,294,R,0.00090246624,0.0018868019,0.022580623626708984,0.3094660194174757,0.5580906148867314,False
WT_O43193,O43193,9,4,295,Q,0.006562306,0.14012268,0.022580623626708984,0.8701456310679613,0.48624595469255666,False
WT_O43193,O43193,9,4,296,T,0.00050115766,0.0045662,0.00963608423868815,0.27750809061488674,0.45550161812297746,False
WT_O43193,O43193,9,4,297,V,0.0012056296,0.009435921,0.00625157356262207,0.4696601941747573,0.44708737864077674,False
WT_O43193,O43193,9,4,298,R,0.0011450896,0.0038543937,0.00625157356262207,0.35072815533980584,0.3731391585760518,False
WT_O43193,O43193,9,4,299,V,0.0005790222,0.0045065545,0.00625157356262207,0.2673948220064725,0.4032362459546926,False
WT_O43193,O43193,9,4,300,L,0.001487022,0.009033878,0.00625157356262207,0.5004045307443366,0.330663430420712,False
WT_O43193,O43193,9,4,301,L,0.0013386373,0.012352062,-0.006103197733561198,0.4279935275080906,0.2836569579288026,False
WT_O43193,O43193,9,4,302,V,0.00054428406,0.0026188241,-0.023532867431640625,0.10679611650485438,0.26302588996763754,False
WT_O43193,O43193,9,4,303,V,0.00062956614,0.0023597837,-0.023532867431640625,0.1156957928802589,0.23948220064724918,False
WT_O43193,O43193,9,4,304,V,0.0007818075,0.0029439377,-0.023532867431640625,0.16423948220064724,0.24757281553398056,False
WT_O43193,O43193,9,4,305,L,0.001095345,0.011965685,-0.023532867431640625,0.38268608414239486,0.3271035598705502,False
WT_O43193,O43193,9,4,306,A,0.0010369162,0.006116405,0.0352015495300293,0.46844660194174753,0.40453074433656955,False
WT_O43193,O43193,9,4,307,F,0.0010004846,0.005789813,0.0609288215637207,0.5044498381877023,0.4774271844660194,False
WT_O43193,O43193,9,4,308,I,0.0007746793,0.007984247,0.0609288215637207,0.502831715210356,0.5656957928802588,False
WT_O43193,O43193,9,4,309,I,0.0012423295,0.0051771365,0.0609288215637207,0.5287216828478964,0.6364077669902912,False
WT_O43193,O43193,9,4,310,C,0.0036414585,0.02052177,0.0609288215637207,0.8240291262135923,0.7053398058252427,False
WT_O43193,O43193,9,4,311,W,0.0028794415,0.01807502,0.09598763783772786,0.8220064724919093,0.7543689320388349,True
WT_O43193,O43193,9,4,312,L,0.002248291,0.03354874,0.15938782691955566,0.8491100323624595,0.8354368932038835,True
WT_O43193,O43193,9,4,313,P,0.0017521778,0.01629123,0.15938782691955566,0.7479773462783171,0.8695792880258899,True
WT_O43193,O43193,9,4,314,F,0.0049765143,0.042675707,0.15938782691955566,0.9340614886731391,0.7951456310679612,True
WT_O43193,O43193,9,4,315,H,0.016444735,0.32484728,0.15938782691955566,0.9947411003236247,0.72831715210356,True
WT_O43193,O43193,9,4,316,V,0.0009758987,0.003453462,0.08602078755696614,0.4498381877022654,0.6440129449838189,False
WT_O43193,O43193,9,4,317,G,0.0010637358,0.006208655,0.05269598960876465,0.5149676375404532,0.5726537216828479,False
WT_O43193,O43193,9,4,318,R,0.0005702272,0.0026827906,0.05269598960876465,0.32645631067961167,0.44627831715210353,False
WT_O43193,O43193,9,4,319,I,0.0012260857,0.008784484,0.05269598960876465,0.5772653721682848,0.47038834951456315,False
WT_O43193,O43193,9,4,320,I,0.00062999676,0.0035811563,0.05269598960876465,0.36286407766990286,0.406715210355987,False
WT_O43193,O43193,9,4,321,Y,0.001314497,0.008686239,0.043439388275146484,0.5703883495145631,0.4577669902912621,False
WT_O43193,O43193,9,4,322,I,0.0007684282,0.004400956,-0.017893552780151367,0.1966019417475728,0.44797734627831715,False
WT_O43193,O43193,9,4,323,N,0.002609527,0.02150881,-0.017893552780151367,0.5817152103559871,0.45550161812297735,False
WT_O43193,O43193,9,4,324,T,0.0018902633,0.019688783,-0.017893552780151367,0.5283171521035599,0.4839805825242719,False
WT_O43193,O43193,9,4,325,E,0.0013775901,0.009798353,-0.017893552780151367,0.40048543689320387,0.6099514563106796,False
WT_O43193,O43193,9,4,326,D,0.0062320656,0.09599037,-0.0024701754252115884,0.7127831715210355,0.6320388349514563,False
WT_O43193,O43193,9,4,327,S,0.003448604,0.064325705,0.026651382446289062,0.8264563106796117,0.6834142394822007,False
WT_O43193,O43193,9,4,328,R,0.002611716,0.012081131,0.026651382446289062,0.6921521035598706,0.7655339805825243,True
WT_O43193,O43193,9,4,329,M,0.0034517294,0.026081134,0.026651382446289062,0.7851941747572816,0.794336569579288,True
WT_O43193,O43193,9,4,330,M,0.0027396872,0.06270568,0.026651382446289062,0.811084142394822,0.7773462783171521,True
WT_O43193,O43193,9,4,331,Y,0.006249354,0.09167737,0.020420551300048828,0.8567961165048544,0.7516181229773463,True
WT_O43193,O43193,9,4,332,F,0.0024047734,0.033504307,0.018167734146118164,0.741504854368932,0.7453074433656958,True
WT_O43193,O43193,9,4,333,S,0.0010161015,0.023088753,0.018167734146118164,0.5635113268608415,0.7352750809061488,True
WT_O43193,O43193,9,4,334,Q,0.002276249,0.056423776,0.018167734146118164,0.7536407766990291,0.7255663430420711,True
WT_O43193,O43193,9,4,335,Y,0.0034484994,0.027086465,0.018167734146118164,0.7609223300970873,0.7440129449838188,True
WT_O43193,O43193,9,4,336,F,0.0028525924,0.027037686,0.04429753621419271,0.808252427184466,0.7262135922330096,True
WT_O43193,O43193,9,4,337,N,0.0024456775,0.045373905,0.05225801467895508,0.83373786407767,0.6427184466019418,False
WT_O43193,O43193,9,4,338,I,0.00084747816,0.006265999,0.05225801467895508,0.47451456310679613,0.5703883495145631,False
WT_O43193,O43193,9,4,339,V,0.0006374644,0.0027593235,0.05225801467895508,0.33616504854368934,0.6033980582524272,False
WT_O43193,O43193,9,4,340,A,0.000596223,0.0052134986,0.05225801467895508,0.39927184466019416,0.6171521035598706,False
WT_O43193,O43193,9,4,341,L,0.028889904,0.40678135,0.06966765721638997,0.9733009708737864,0.6635922330097088,False
WT_O43193,O43193,9,4,342,Q,0.0024496804,0.26626876,0.10052204132080078,0.9025080906148867,0.726537216828479,False
WT_O43193,O43193,9,4,343,L,0.0016240262,0.012257691,0.10052204132080078,0.7067152103559872,0.8231391585760518,False
WT_O43193,O43193,9,4,344,F,0.0012314005,0.011895329,0.10052204132080078,0.6508899676375405,0.7124595469255663,False
WT_O43193,O43193,9,4,345,Y,0.0037934142,0.027595753,0.10052204132080078,0.8822815533980582,0.6542071197411004,False
WT_O43193,O43193,9,4,346,L,0.000868155,0.0033518428,0.06567096710205078,0.4199029126213592,0.6174757281553398,False
WT_O43193,O43193,9,4,347,S,0.0015863191,0.008464834,0.05022788047790527,0.6112459546925567,0.6218446601941747,False
WT_O43193,O43193,9,4,348,A,0.0010834201,0.0070758834,0.05022788047790527,0.5230582524271844,0.525242718446602,False
WT_O43193,O43193,9,4,349,S,0.0017942585,0.011624053,0.05022788047790527,0.6727346278317152,0.5841423948220065,False
WT_O43193,O43193,9,4,350,I,0.00075456884,0.0044046408,0.05022788047790527,0.39927184466019416,0.5172330097087379,False
WT_O43193,O43193,9,4,351,N,0.0026258351,0.01577359,0.026023705800374348,0.7144012944983819,0.5103559870550163,False
WT_O43193,O43193,9,4,352,P,0.0010195876,0.0055441833,-0.01320791244506836,0.2766990291262136,0.47532362459546934,False
WT_O43193,O43193,9,4,353,I,0.0013636269,0.024492627,-0.01320791244506836,0.4886731391585761,0.43851132686084143,False
WT_O43193,O43193,9,4,354,L,0.0023244,0.010982546,-0.01320791244506836,0.49757281553398064,0.3724919093851133,False
WT_O43193,O43193,9,4,355,Y,0.00086148706,0.0043906844,-0.01320791244506836,0.21521035598705499,0.3514563106796117,False
WT_O43193,O43193,9,4,356,N,0.0012254027,0.010264019,-0.022792498270670574,0.3843042071197411,0.2906148867313916,False
WT_O43193,O43193,9,4,357,L,0.00077647687,0.003209102,-0.03217315673828125,0.1715210355987055,0.3207119741100324,False
WT_O43193,O43193,9,4,358,I,0.00054546207,0.0053547034,-0.03217315673828125,0.18446601941747573,0.29644012944983816,False
WT_O43193,O43193,9,4,359,S,0.0042786407,0.027574273,-0.03217315673828125,0.6480582524271845,0.24935275080906147,False
WT_O43193,O43193,9,4,360,K,0.0005421841,0.0019815965,-0.03217315673828125,0.09385113268608414,0.2909385113268609,False
WT_O43193,O43193,9,4,361,K,0.0007874416,0.0021782194,-0.021511077880859375,0.1488673139158576,0.27362459546925566,False
WT_O43193,O43193,9,4,362,Y,0.0013379287,0.008634516,-0.021074295043945312,0.3794498381877023,0.20711974110032366,False
WT_O43193,O43193,9,4,363,R,0.0005682125,0.0018441603,-0.021074295043945312,0.09789644012944983,0.21925566343042072,False
WT_O43193,O43193,9,4,364,A,0.001249802,0.0055281688,-0.021074295043945312,0.3155339805825243,0.243042071197411,False
WT_O43193,O43193,9,4,365,A,0.00059700874,0.0039624115,-0.021074295043945312,0.15453074433656958,0.31529126213592235,False
WT_O43193,O43193,9,4,366,A,0.00069926033,0.008189385,-0.0017531712849934895,0.26779935275080907,0.3485436893203884,False
WT_O43193,O43193,9,4,367,F,0.002664826,0.02553231,0.018351078033447266,0.7406957928802589,0.4133495145631068,False
WT_O43193,O43193,9,4,368,K,0.00069330353,0.0020064963,0.018351078033447266,0.26415857605177995,0.486084142394822,False
WT_O43193,O43193,9,4,369,L,0.0014444828,0.024672559,0.018351078033447266,0.6395631067961165,0.5784789644012945,False
WT_O43193,O43193,9,4,370,L,0.001537731,0.006999767,0.018351078033447266,0.5182038834951456,0.6001618122977346,False
WT_O43193,O43193,9,4,371,L,0.0019233527,0.026865834,0.030605316162109375,0.7297734627831716,0.6919093851132685,False
WT_O43193,O43193,9,4,372,A,0.0048413766,0.025677517,0.046001434326171875,0.8491100323624595,0.6762135922330097,False
WT_O43193,O43193,9,4,373,R,0.0028129097,0.010840968,0.046001434326171875,0.7228964401294498,0.6901294498381876,False
WT_O43193,O43193,9,4,374,K,0.0018026556,0.0047806664,0.046001434326171875,0.561084142394822,0.6276699029126213,False
WT_O43193,O43193,9,4,375,S,0.0014454685,0.008096624,0.046001434326171875,0.5877831715210357,0.598220064724919,False
WT_O43193,O43193,9,4,376,R,0.0011203059,0.003330189,0.038018226623535156,0.4174757281553398,0.5699029126213592,False
WT_O43193,O43193,9,4,377,P,0.0028268867,0.010017716,0.038582801818847656,0.7018608414239482,0.5993527508090615,False
WT_O43193,O43193,9,4,378,R,0.0017987617,0.0060612317,0.038582801818847656,0.5813106796116504,0.5886731391585761,False
WT_O43193,O43193,9,4,379,G,0.0020133941,0.016653582,0.038582801818847656,0.7083333333333334,0.610032362459547,False
WT_O43193,O43193,9,4,380,F,0.0016280018,0.0049960967,0.038582801818847656,0.5343851132686085,0.586569579288026,False
WT_O43193,O43193,9,4,381,H,0.00157826,0.0052445354,0.0353851318359375,0.5242718446601942,0.5898058252427185,False
WT_O43193,O43193,9,4,382,R,0.0024097562,0.005627574,0.025520801544189453,0.584546925566343,0.5508090614886731,False
WT_O43193,O43193,9,4,383,S,0.002077964,0.00723958,0.025520801544189453,0.5974919093851132,0.5868932038834951,False
WT_O43193,O43193,9,4,384,R,0.0019450354,0.0042508612,0.025520801544189453,0.5133495145631067,0.5959546925566342,False
WT_O43193,O43193,9,4,385,D,0.0026047376,0.0168203,0.025520801544189453,0.7148058252427184,0.6100323624595468,False
WT_O43193,O43193,9,4,386,T,0.0020417238,0.0044473438,0.04548978805541992,0.56957928802589,0.6205501618122977,False
WT_O43193,O43193,9,4,387,A,0.0024951925,0.0057041002,0.05720877647399902,0.6549352750809062,0.6713592233009709,False
WT_O43193,O43193,9,4,388,G,0.0017046292,0.009556402,0.05720877647399902,0.6500809061488673,0.6851132686084143,False
WT_O43193,O43193,9,4,389,E,0.0028698605,0.013263324,0.05720877647399902,0.7673948220064725,0.7213592233009709,False
WT_O43193,O43193,9,4,390,V,0.0020303777,0.025740147,0.05720877647399902,0.7835760517799354,0.7427184466019418,True
WT_O43193,O43193,9,4,391,A,0.0031706747,0.009911452,0.06840117772420247,0.7508090614886731,0.7707119741100323,True
WT_O43193,O43193,9,4,392,G,0.0020528717,0.015444826,0.08810687065124512,0.7617313915857605,0.7614886731391586,True
WT_O43193,O43193,9,4,393,D,0.0022147032,0.019608716,0.08810687065124512,0.7900485436893204,0.7875404530744337,True
WT_O43193,O43193,9,4,394,T,0.0026572598,0.00769746,0.08810687065124512,0.7212783171521036,0.7679611650485437,True
WT_O43193,O43193,9,4,395,G,0.0037801468,0.07081502,0.08810687065124512,0.9138349514563107,0.7616504854368932,True
WT_O43193,O43193,9,4,396,G,0.0018331356,0.0077876216,0.06693347295125325,0.6529126213592232,0.7673139158576052,True
WT_O43193,O43193,9,4,397,D,0.0018343851,0.017250644,0.05768632888793945,0.730177993527508,0.7624595469255663,True
WT_O43193,O43193,9,4,398,T,0.0055146054,0.013717824,0.05768632888793945,0.8183656957928802,0.72168284789644,True
WT_O43193,O43193,9,4,399,V,0.0023695743,0.008834039,0.05768632888793945,0.6970064724919093,0.7627831715210356,True
WT_O43193,O43193,9,4,400,G,0.0024305896,0.009315771,0.05768632888793945,0.7099514563106796,0.7531553398058252,True
WT_O43193,O43193,9,4,401,Y,0.0040403083,0.035550218,0.05071194966634115,0.8584142394822006,0.7514563106796116,True
WT_O43193,O43193,9,4,402,T,0.0042158025,0.007498237,0.032470703125,0.6820388349514562,0.7516990291262136,True
WT_O43193,O43193,9,4,403,E,0.0064885225,0.019922134,0.032470703125,0.8098705501618123,0.7616504854368932,True
WT_O43193,O43193,9,4,404,T,0.0036728717,0.009617861,0.032470703125,0.6982200647249192,0.7545307443365696,True
WT_O43193,O43193,9,4,405,S,0.0042416155,0.015134455,0.032470703125,0.7597087378640777,0.7857605177993527,True
WT_O43193,O43193,9,4,406,A,0.00679068,0.022815794,0.032470703125,0.8228155339805826,0.7744336569579289,True
WT_O43193,O43193,9,4,407,N,0.0086165285,0.023359455,0.036412715911865234,0.8381877022653721,0.8110032362459547,True
WT_O43193,O43193,9,4,408,V,0.0047276476,0.011900778,0.036412715911865234,0.7532362459546925,0.8215210355987056,True
WT_O43193,O43193,9,4,409,K,0.0137053365,0.039583366,0.036412715911865234,0.8810679611650486,0.8058252427184465,True
WT_O43193,O43193,9,4,410,T,0.006551341,0.018575342,0.036412715911865234,0.8122977346278316,0.798220064724919,True
WT_O43193,O43193,9,4,411,M,0.0045942343,0.011203793,0.036412715911865234,0.744336569579288,0.8094660194174756,True
WT_O43193,O43193,9,4,412,G,0.004236267,0.023059716,0.03606224060058594,0.8001618122977346,0.7855987055016181,True
WT_Q9NPC1,Q9NPC1,7,5,1,M,0.0015005933,0.0029289317,-0.011528968811035156,0.3189013035381751,0.4073556797020484,False
WT_Q9NPC1,Q9NPC1,7,5,2,S,0.0024251586,0.010557942,-0.011528968811035156,0.5498137802607076,0.46368715083798884,False
WT_Q9NPC1,Q9NPC1,7,5,3,V,0.0018926224,0.0029388615,-0.011528968811035156,0.3533519553072626,0.4825884543761639,False
WT_Q9NPC1,Q9NPC1,7,5,4,C,0.005031151,0.0143331215,-0.011528968811035156,0.63268156424581,0.4917132216014897,False
WT_Q9NPC1,Q9NPC1,7,5,5,Y,0.0045115035,0.0072444803,-0.011528968811035156,0.558193668528864,0.4956238361266294,False
WT_Q9NPC1,Q9NPC1,7,5,6,R,0.0023325703,0.0023210424,-0.009499788284301758,0.36452513966480443,0.49618249534450654,False
WT_Q9NPC1,Q9NPC1,7,5,7,P,0.002960042,0.010044393,-0.009499788284301758,0.569366852886406,0.4416201117318435,False
WT_Q9NPC1,Q9NPC1,7,5,8,P,0.001893578,0.0030254913,-0.009499788284301758,0.3561452513966481,0.45651769087523275,False
WT_Q9NPC1,Q9NPC1,7,5,9,G,0.0012557979,0.0051039928,-0.009499788284301758,0.3598696461824953,0.4140595903165735,False
WT_Q9NPC1,Q9NPC1,7,5,10,N,0.0051442985,0.0143035725,-0.009499788284301758,0.63268156424581,0.3425512104283054,False
WT_Q9NPC1,Q9NPC1,7,5,11,E,0.00093015155,0.0010544431,-0.00518798828125,0.15223463687150837,0.35800744878957164,False
WT_Q9NPC1,Q9NPC1,7,5,12,T,0.0009885998,0.0024432691,-0.002017498016357422,0.21182495344506516,0.3514897579143389,False
WT_Q9NPC1,Q9NPC1,7,5,13,L,0.0016544577,0.0060517304,-0.002017498016357422,0.4334264432029795,0.29171322160148977,False
WT_Q9NPC1,Q9NPC1,7,5,14,L,0.0012087767,0.0044425405,-0.002017498016357422,0.3272811918063315,0.3288640595903166,False
WT_Q9NPC1,Q9NPC1,7,5,15,S,0.0011004267,0.0054399776,-0.002017498016357422,0.33379888268156427,0.38119180633147115,False
WT_Q9NPC1,Q9NPC1,7,5,16,W,0.0010802728,0.0026955071,0.008419513702392578,0.3379888268156425,0.4504655493482309,False
WT_Q9NPC1,Q9NPC1,7,5,17,K,0.0015472722,0.0034981458,0.016364574432373047,0.47346368715083803,0.5042830540037244,False
WT_Q9NPC1,Q9NPC1,7,5,18,T,0.0036687509,0.033481058,0.016364574432373047,0.7797951582867784,0.5124767225325885,False
WT_Q9NPC1,Q9NPC1,7,5,19,S,0.001967429,0.0065806187,0.016364574432373047,0.5963687150837989,0.5640595903165735,False
WT_Q9NPC1,Q9NPC1,7,5,20,R,0.001233299,0.0020770694,0.016364574432373047,0.3747672253258845,0.5543761638733705,False
WT_Q9NPC1,Q9NPC1,7,5,21,A,0.0015458907,0.008991816,0.017268021901448567,0.5959031657355679,0.44860335195530715,False
WT_Q9NPC1,Q9NPC1,7,5,22,T,0.0010793097,0.003333728,0.024184226989746094,0.4250465549348231,0.49366852886405954,False
WT_Q9NPC1,Q9NPC1,7,5,23,G,0.0005801311,0.00054658187,0.024184226989746094,0.25093109869646185,0.49422718808193666,False
WT_Q9NPC1,Q9NPC1,7,5,24,T,0.003315678,0.050407745,0.024184226989746094,0.8216945996275605,0.4696461824953445,False
WT_Q9NPC1,Q9NPC1,7,5,25,A,0.0010183126,0.0023519935,0.024184226989746094,0.37756052141527,0.4422718808193668,False
WT_Q9NPC1,Q9NPC1,7,5,26,F,0.0012002166,0.0047811065,0.020287036895751953,0.4729981378026071,0.4519553072625698,False
WT_Q9NPC1,Q9NPC1,7,5,27,L,0.0006667246,0.002793215,0.01578378677368164,0.2881750465549348,0.329608938547486,False
WT_Q9NPC1,Q9NPC1,7,5,28,L,0.0008422852,0.0023507832,0.01578378677368164,0.2993482309124767,0.34916201117318435,False
WT_Q9NPC1,Q9NPC1,7,5,29,L,0.00037589838,0.0010036816,0.01578378677368164,0.20996275605214154,0.34785847299813777,False
WT_Q9NPC1,Q9NPC1,7,5,30,A,0.00085250096,0.009561487,0.01578378677368164,0.4753258845437616,0.3854748603351955,False
WT_Q9NPC1,Q9NPC1,7,5,31,A,0.0011180732,0.0049467497,0.02105553944905599,0.4664804469273743,0.42923649906890127,False
WT_Q9NPC1,Q9NPC1,7,5,32,L,0.001068445,0.005586806,0.02204585075378418,0.4762569832402234,0.45698324022346365,False
WT_Q9NPC1,Q9NPC1,7,5,33,L,0.0010893148,0.007387383,0.02204585075378418,0.5181564245810056,0.4657355679702048,False
WT_Q9NPC1,Q9NPC1,7,5,34,G,0.00085273024,0.0028546895,0.02204585075378418,0.34869646182495345,0.5281191806331471,False
WT_Q9NPC1,Q9NPC1,7,5,35,L,0.00084940944,0.011220828,0.02204585075378418,0.5190875232774674,0.5009310986964618,False
WT_Q9NPC1,Q9NPC1,7,5,36,P,0.004309702,0.023807136,0.01820532480875651,0.7783985102420856,0.5037243947858473,False
WT_Q9NPC1,Q9NPC1,7,5,37,G,0.0010658258,0.0016930387,0.02106165885925293,0.340316573556797,0.5279329608938548,False
WT_Q9NPC1,Q9NPC1,7,5,38,N,0.0015262787,0.004714798,0.02106165885925293,0.5321229050279329,0.5564245810055866,False
WT_Q9NPC1,Q9NPC1,7,5,39,G,0.0010940045,0.005059656,0.02106165885925293,0.46973929236499073,0.45251396648044684,False
WT_Q9NPC1,Q9NPC1,7,5,40,F,0.0016792986,0.013875249,0.02106165885925293,0.6615456238361267,0.42104283054003727,False
WT_Q9NPC1,Q9NPC1,7,5,41,V,0.00084700773,0.0015730851,0.010746955871582031,0.25884543761638734,0.4337057728119181,False
WT_Q9NPC1,Q9NPC1,7,5,42,V,0.00066476496,0.000847513,0.0003209114074707031,0.1829608938547486,0.44916201117318444,False
WT_Q9NPC1,Q9NPC1,7,5,43,W,0.0017864944,0.011848308,0.0003209114074707031,0.595437616387337,0.41806331471135944,False
WT_Q9NPC1,Q9NPC1,7,5,44,S,0.0017117932,0.007776723,0.0003209114074707031,0.5470204841713222,0.4365921787709497,False
WT_Q9NPC1,Q9NPC1,7,5,45,L,0.0014636158,0.0068656583,0.0003209114074707031,0.5060521415270018,0.42635009310986965,False
WT_Q9NPC1,Q9NPC1,7,5,46,A,0.0012402779,0.004908393,-0.0023024876912434897,0.35148975791433895,0.3464618249534451,False
WT_Q9NPC1,Q9NPC1,7,5,47,G,0.0006060204,0.0019291587,-0.00871586799621582,0.13175046554934824,0.27383612662942275,False
WT_Q9NPC1,Q9NPC1,7,5,48,W,0.0007623568,0.0032105313,-0.00871586799621582,0.19599627560521415,0.19916201117318438,False
WT_Q9NPC1,Q9NPC1,7,5,49,R,0.00054459414,0.0036259424,-0.00871586799621582,0.18389199255121044,0.15446927374301675,False
WT_Q9NPC1,Q9NPC1,7,5,50,P,0.0008024152,0.001296356,-0.00871586799621582,0.13268156424581004,0.14553072625698324,False
WT_Q9NPC1,Q9NPC1,7,5,51,A,0.0007196824,0.0014287216,-0.009018739064534506,0.12802607076350092,0.13789571694599628,False
WT_Q9NPC1,Q9NPC1,7,5,52,R,0.0004979275,0.00070407434,-0.008586883544921875,0.08705772811918062,0.12001862197392923,False
WT_Q9NPC1,Q9NPC1,7,5,53,G,0.00060051546,0.0027632732,-0.008586883544921875,0.15782122905027932,0.1861266294227188,False
WT_Q9NPC1,Q9NPC1,7,5,54,R,0.00058239995,0.00090177904,-0.008586883544921875,0.09450651769087524,0.21536312849162012,False
WT_Q9NPC1,Q9NPC1,7,5,55,P,0.0018784321,0.0071009956,-0.008586883544921875,0.4632216014897579,0.26675977653631283,False
WT_Q9NPC1,Q9NPC1,7,5,56,L,0.0009803834,0.004249292,-0.015612443288167318,0.2742085661080074,0.28836126629422715,False
WT_Q9NPC1,Q9NPC1,7,5,57,A,0.0013659154,0.004092327,-0.01964402198791504,0.34404096834264425,0.30009310986964616,False
WT_Q9NPC1,Q9NPC1,7,5,58,A,0.00096347317,0.004026858,-0.01964402198791504,0.26582867783985104,0.2587523277467412,False
WT_Q9NPC1,Q9NPC1,7,5,59,T,0.00068126386,0.0022977795,-0.01964402198791504,0.15316573556797022,0.24273743016759775,False
WT_Q9NPC1,Q9NPC1,7,5,60,L,0.000915126,0.004022058,-0.01964402198791504,0.2565176908752328,0.21182495344506522,False
WT_Q9NPC1,Q9NPC1,7,5,61,V,0.00089420105,0.0023643642,-0.03481864929199219,0.19413407821229053,0.29692737430167593,False
WT_Q9NPC1,Q9NPC1,7,5,62,L,0.0008582415,0.0023747412,-0.047415733337402344,0.18947858472998136,0.30810055865921787,False
WT_Q9NPC1,Q9NPC1,7,5,63,H,0.0053867274,0.071328625,-0.047415733337402344,0.691340782122905,0.32169459962756053,False
WT_Q9NPC1,Q9NPC1,7,5,64,L,0.0008716613,0.0029586346,-0.047415733337402344,0.20903165735567972,0.36182495344506516,False
WT_Q9NPC1,Q9NPC1,7,5,65,A,0.001181734,0.004492046,-0.047415733337402344,0.324487895716946,0.4454376163873371,False
WT_Q9NPC1,Q9NPC1,7,5,66,L,0.0008680947,0.001546381,0.14005343119303384,0.39478584729981375,0.45493482309124766,False
WT_Q9NPC1,Q9NPC1,7,5,67,A,0.0013918179,0.0046094717,0.22491192817687988,0.6075418994413408,0.5158286778398511,False
WT_Q9NPC1,Q9NPC1,7,5,68,D,0.0020927505,0.0075868885,0.22491192817687988,0.7388268156424581,0.6392923649906891,False
WT_Q9NPC1,Q9NPC1,7,5,69,G,0.0010341528,0.0038761722,0.22491192817687988,0.5135009310986964,0.6538175046554935,False
WT_Q9NPC1,Q9NPC1,7,5,70,A,0.005482138,0.08958745,0.22491192817687988,0.941806331471136,0.7320297951582868,True
WT_Q9NPC1,Q9NPC1,7,5,71,V,0.00084470777,0.003432996,0.3547045389811198,0.46741154562383613,0.6843575418994414,True
WT_Q9NPC1,Q9NPC1,7,5,72,L,0.06936488,0.23194326,0.5646407604217529,0.9986033519553073,0.7739292364990689,True
WT_Q9NPC1,Q9NPC1,7,5,73,L,0.00083898235,0.004353194,0.5646407604217529,0.500465549348231,0.7810055865921788,True
WT_Q9NPC1,Q9NPC1,7,5,74,L,0.005872377,0.11166116,0.5646407604217529,0.9613594040968342,0.8067039106145252,True
WT_Q9NPC1,Q9NPC1,7,5,75,T,0.008490987,0.16444649,0.5646407604217529,0.9771880819366853,0.7270018621973928,True
WT_Q9NPC1,Q9NPC1,7,5,76,P,0.0010732089,0.0062329555,0.3941562970479329,0.5959031657355679,0.7687150837988825,True
WT_Q9NPC1,Q9NPC1,7,5,77,L,0.0010411645,0.007300815,0.3337385654449463,0.6000931098696461,0.6759776536312849,True
WT_Q9NPC1,Q9NPC1,7,5,78,F,0.00146866,0.009311379,0.3337385654449463,0.7090316573556796,0.6649906890130353,True
WT_Q9NPC1,Q9NPC1,7,5,79,V,0.0010205633,0.0033557315,0.3337385654449463,0.4976722532588454,0.7338919925512104,True
WT_Q9NPC1,Q9NPC1,7,5,80,A,0.0055742087,0.035585523,0.3337385654449463,0.9222532588454376,0.7962756052141527,True
WT_Q9NPC1,Q9NPC1,7,5,81,F,0.004734025,0.12142587,0.2292938232421875,0.9404096834264433,0.7873370577281192,True
WT_Q9NPC1,Q9NPC1,7,5,82,L,0.013681042,0.09218006,0.036795854568481445,0.9120111731843575,0.8445065176908753,True
WT_Q9NPC1,Q9NPC1,7,5,83,T,0.0014535595,0.010894575,0.036795854568481445,0.6643389199255121,0.8098696461824954,True
WT_Q9NPC1,Q9NPC1,7,5,84,R,0.0026859918,0.021204522,0.036795854568481445,0.7835195530726257,0.7955307262569833,True
WT_Q9NPC1,Q9NPC1,7,5,85,Q,0.0018709523,0.028618785,0.036795854568481445,0.7490689013035382,0.6936685288640596,True
WT_Q9NPC1,Q9NPC1,7,5,86,A,0.0031604178,0.07142042,0.04848909378051758,0.8687150837988827,0.748975791433892,True
WT_Q9NPC1,Q9NPC1,7,5,87,W,0.00093519816,0.0025786073,0.04613995552062988,0.4027001862197393,0.7754189944134078,True
WT_Q9NPC1,Q9NPC1,7,5,88,P,0.02245634,0.17698851,0.04613995552062988,0.940875232774674,0.7733705772811919,True
WT_Q9NPC1,Q9NPC1,7,5,89,L,0.015959302,0.06062483,0.04613995552062988,0.9157355679702048,0.7739292364990689,True
WT_Q9NPC1,Q9NPC1,7,5,90,G,0.0025523072,0.009338205,0.04613995552062988,0.7388268156424581,0.8364990689013035,True
WT_Q9NPC1,Q9NPC1,7,5,91,Q,0.00754865,0.19774094,0.021534283955891926,0.8715083798882682,0.813221601489758,True
WT_Q9NPC1,Q9NPC1,7,5,92,A,0.0021668198,0.015898392,0.02209925651550293,0.7155493482309124,0.8013035381750466,True
WT_Q9NPC1,Q9NPC1,7,5,93,G,0.005314103,0.035911504,0.02209925651550293,0.8244878957169459,0.8,True
WT_Q9NPC1,Q9NPC1,7,5,94,C,0.010074119,0.051287383,0.02209925651550293,0.8561452513966481,0.7497206703910615,True
WT_Q9NPC1,Q9NPC1,7,5,95,K,0.0027368246,0.01290389,0.02209925651550293,0.7323091247672253,0.6789571694599628,False
WT_Q9NPC1,Q9NPC1,7,5,96,A,0.0020646418,0.010197933,0.005043824513753255,0.6201117318435755,0.6294227188081937,False
WT_Q9NPC1,Q9NPC1,7,5,97,V,0.0009855428,0.008570786,-0.02837204933166504,0.36173184357541893,0.5685288640595904,False
WT_Q9NPC1,Q9NPC1,7,5,98,Y,0.0022589923,0.017937481,-0.02837204933166504,0.5768156424581005,0.45139664804469276,False
WT_Q9NPC1,Q9NPC1,7,5,99,Y,0.0026297455,0.010071629,-0.02837204933166504,0.5516759776536313,0.4193668528864059,False
WT_Q9NPC1,Q9NPC1,7,5,100,V,0.0007820138,0.0017625804,-0.02837204933166504,0.14664804469273743,0.5238361266294227,False
WT_Q9NPC1,Q9NPC1,7,5,101,C,0.0014221139,0.0042605833,0.00935983657836914,0.45996275605214154,0.5798882681564246,False
WT_Q9NPC1,Q9NPC1,7,5,102,A,0.006816512,0.13838083,0.027878284454345703,0.8840782122905028,0.6303538175046555,False
WT_Q9NPC1,Q9NPC1,7,5,103,L,0.0048612314,0.07465198,0.027878284454345703,0.8570763500931098,0.7270018621973928,False
WT_Q9NPC1,Q9NPC1,7,5,104,S,0.00315283,0.028180815,0.027878284454345703,0.8040037243947857,0.772067039106145,False
WT_Q9NPC1,Q9NPC1,7,5,105,M,0.0013712075,0.010454951,0.027878284454345703,0.6298882681564245,0.6722532588454375,False
WT_Q9NPC1,Q9NPC1,7,5,106,Y,0.0017930163,0.008114208,0.06547276178995769,0.685288640595903,0.5996275605214152,False
WT_Q9NPC1,Q9NPC1,7,5,107,A,0.0009228485,0.0012359092,0.11274266242980957,0.3850093109869646,0.5081936685288639,False
WT_Q9NPC1,Q9NPC1,7,5,108,S,0.001230025,0.002609697,0.11274266242980957,0.49394785847299816,0.5532588454376164,False
WT_Q9NPC1,Q9NPC1,7,5,109,V,0.0006910601,0.0012022745,0.11274266242980957,0.34683426443202975,0.6100558659217877,False
WT_Q9NPC1,Q9NPC1,7,5,110,L,0.0030841508,0.024601756,0.11274266242980957,0.8552141527001863,0.7078212290502794,False
WT_Q9NPC1,Q9NPC1,7,5,111,L,0.013993635,0.13904864,0.12425804138183594,0.9692737430167598,0.7720670391061453,True
WT_Q9NPC1,Q9NPC1,7,5,112,T,0.0031652804,0.026050555,0.14397525787353516,0.8738361266294228,0.869832402234637,True
WT_Q9NPC1,Q9NPC1,7,5,113,G,0.002697529,0.012874519,0.14397525787353516,0.8151769087523277,0.7929236499068902,True
WT_Q9NPC1,Q9NPC1,7,5,114,L,0.0030341966,0.014047849,0.14397525787353516,0.8356610800744879,0.6837988826815643,False
WT_Q9NPC1,Q9NPC1,7,5,115,L,0.0010003073,0.0030540032,0.14397525787353516,0.47067039106145253,0.6059590316573557,False
WT_Q9NPC1,Q9NPC1,7,5,116,S,0.000997401,0.001985698,0.10076077779134114,0.42364990689013043,0.6262569832402234,False
WT_Q9NPC1,Q9NPC1,7,5,117,L,0.0010747092,0.003431769,0.0808103084564209,0.4846368715083799,0.5629422718808195,False
WT_Q9NPC1,Q9NPC1,7,5,118,Q,0.0070018107,0.056564067,0.0808103084564209,0.9166666666666666,0.6398510242085662,False
WT_Q9NPC1,Q9NPC1,7,5,119,R,0.0012555897,0.0034196822,0.0808103084564209,0.5190875232774674,0.6430167597765364,False
WT_Q9NPC1,Q9NPC1,7,5,120,C,0.00362457,0.023114705,0.0808103084564209,0.8552141527001863,0.6374301675977654,False
WT_Q9NPC1,Q9NPC1,7,5,121,L,0.00087399874,0.0033157375,0.07361507415771484,0.43947858472998136,0.5486033519553073,False
WT_Q9NPC1,Q9NPC1,7,5,122,A,0.0008945698,0.0046735066,0.03677821159362793,0.45670391061452514,0.5502793296089385,False
WT_Q9NPC1,Q9NPC1,7,5,123,V,0.0011423635,0.0037489329,0.03677821159362793,0.47253258845437623,0.5093109869646183,False
WT_Q9NPC1,Q9NPC1,7,5,124,T,0.0011291172,0.005820634,0.03677821159362793,0.5274674115456238,0.5217877094972068,False
WT_Q9NPC1,Q9NPC1,7,5,125,R,0.0015588853,0.008958652,0.03677821159362793,0.6503724394785847,0.6175046554934823,False
WT_Q9NPC1,Q9NPC1,7,5,126,P,0.0011694877,0.003979245,0.04560995101928711,0.5018621973929237,0.6292364990689013,False
WT_Q9NPC1,Q9NPC1,7,5,127,F,0.009436253,0.16240023,0.0612490177154541,0.9352886405959032,0.7098696461824954,False
WT_Q9NPC1,Q9NPC1,7,5,128,L,0.00094562664,0.0062463554,0.0612490177154541,0.5311918063314711,0.647486033519553,False
WT_Q9NPC1,Q9NPC1,7,5,129,A,0.012750119,0.0764045,0.0612490177154541,0.930633147113594,0.6059590316573557,False
WT_Q9NPC1,Q9NPC1,7,5,130,P,0.0005384465,0.002056465,0.0612490177154541,0.3384543761638734,0.48808193668528854,False
WT_Q9NPC1,Q9NPC1,7,5,131,R,0.0004566681,0.0009747702,0.0507653554280599,0.29422718808193665,0.4467411545623836,False
WT_Q9NPC1,Q9NPC1,7,5,132,L,0.00082301756,0.0015123304,0.04653573036193848,0.34590316573556795,0.35772811918063313,False
WT_Q9NPC1,Q9NPC1,7,5,133,R,0.0006838196,0.0013650968,0.04653573036193848,0.324487895716946,0.38342644320297953,False
WT_Q9NPC1,Q9NPC1,7,5,134,S,0.00079971884,0.005901271,0.04653573036193848,0.4855679702048417,0.42960893854748605,False
WT_Q9NPC1,Q9NPC1,7,5,135,P,0.00094257,0.004123686,0.04653573036193848,0.46694599627560524,0.5191806331471136,False
WT_Q9NPC1,Q9NPC1,7,5,136,A,0.001388602,0.0035639384,0.04599078496297201,0.5251396648044693,0.5348230912476722,False
WT_Q9NPC1,Q9NPC1,7,5,137,L,0.0020700865,0.04712081,0.03734946250915527,0.7937616387337059,0.4966480446927375,False
WT_Q9NPC1,Q9NPC1,7,5,138,A,0.0007358254,0.0036608016,0.03734946250915527,0.4027001862197393,0.46312849162011177,False
WT_Q9NPC1,Q9NPC1,7,5,139,R,0.0006056185,0.0010566616,0.03734946250915527,0.2946927374301676,0.5111731843575419,False
WT_Q9NPC1,Q9NPC1,7,5,140,R,0.0006303725,0.0011538366,0.03734946250915527,0.2993482309124767,0.5098696461824954,False
WT_Q9NPC1,Q9NPC1,7,5,141,L,0.0022410962,0.02539254,0.032604058583577476,0.7653631284916201,0.5411545623836126,False
WT_Q9NPC1,Q9NPC1,7,5,142,L,0.0026503922,0.026749548,0.03400707244873047,0.7872439478584731,0.5681564245810057,False
WT_Q9NPC1,Q9NPC1,7,5,143,L,0.001459416,0.004844619,0.03400707244873047,0.5591247672253259,0.565735567970205,False
WT_Q9NPC1,Q9NPC1,7,5,144,A,0.001148699,0.0026576535,0.03400707244873047,0.42970204841713217,0.4871508379888268,False
WT_Q9NPC1,Q9NPC1,7,5,145,V,0.00064862234,0.0012237696,0.03400707244873047,0.287243947858473,0.4180633147113594,False
WT_Q9NPC1,Q9NPC1,7,5,146,W,0.0009782398,0.0022882503,0.03038167953491211,0.37243947858473003,0.43910614525139663,False
WT_Q9NPC1,Q9NPC1,7,5,147,L,0.0011384705,0.0036512446,0.023122072219848633,0.44180633147113596,0.4878957169459962,False
WT_Q9NPC1,Q9NPC1,7,5,148,A,0.002289671,0.007752571,0.023122072219848633,0.6643389199255121,0.5381750465549349,False
WT_Q9NPC1,Q9NPC1,7,5,149,A,0.0022335963,0.008734636,0.023122072219848633,0.6736499068901303,0.5750465549348232,False
WT_Q9NPC1,Q9NPC1,7,5,150,L,0.0011607385,0.007351094,0.023122072219848633,0.5386405959031658,0.6271880819366853,False
WT_Q9NPC1,Q9NPC1,7,5,151,L,0.0017982014,0.0051487344,0.019648075103759766,0.5567970204841713,0.6156424581005586,False
WT_Q9NPC1,Q9NPC1,7,5,152,L,0.0018487745,0.03967724,0.01791548728942871,0.702513966480447,0.5690875232774674,False
WT_Q9NPC1,Q9NPC1,7,5,153,A,0.001508487,0.0100389505,0.01791548728942871,0.6066108007448788,0.5469273743016758,False
WT_Q9NPC1,Q9NPC1,7,5,154,V,0.0012918364,0.0035007873,0.01791548728942871,0.44087523277467405,0.5596834264432029,False
WT_Q9NPC1,Q9NPC1,7,5,155,P,0.0011372409,0.003916054,0.01791548728942871,0.4278398510242085,0.5373370577281191,False
WT_Q9NPC1,Q9NPC1,7,5,156,A,0.0031377985,0.021823367,-0.011642773946126303,0.6205772811918063,0.5287709497206704,False
WT_Q9NPC1,Q9NPC1,7,5,157,A,0.0027886208,0.014893644,-0.02902960777282715,0.5907821229050279,0.5524208566108006,False
WT_Q9NPC1,Q9NPC1,7,5,158,V,0.0019311806,0.024465224,-0.02902960777282715,0.563780260707635,0.573463687150838,False
WT_Q9NPC1,Q9NPC1,7,5,159,Y,0.0020025058,0.016807185,-0.02902960777282715,0.5591247672253258,0.5619180633147114,False
WT_Q9NPC1,Q9NPC1,7,5,160,R,0.0015642548,0.02363741,-0.02902960777282715,0.5330540037243948,0.5721601489757915,False
WT_Q9NPC1,Q9NPC1,7,5,161,H,0.0019580072,0.022841046,-0.08248615264892578,0.5628491620111732,0.5639664804469274,False
WT_Q9NPC1,Q9NPC1,7,5,162,L,0.003283823,0.032147616,-0.1300792694091797,0.6419925512104284,0.5779329608938547,False
WT_Q9NPC1,Q9NPC1,7,5,163,W,0.0025910586,0.007857732,-0.1300792694091797,0.5228119180633147,0.6151769087523278,False
WT_Q9NPC1,Q9NPC1,7,5,164,R,0.0035102975,0.02045284,-0.1300792694091797,0.6289571694599627,0.6401303538175047,False
WT_Q9NPC1,Q9NPC1,7,5,165,D,0.012514324,0.07585592,-0.1300792694091797,0.7192737430167598,0.6598696461824953,False
WT_Q9NPC1,Q9NPC1,7,5,166,R,0.007090321,0.03967335,-0.14183839162190756,0.6876163873370578,0.6959962756052142,False
WT_Q9NPC1,Q9NPC1,7,5,167,V,0.01936224,0.18014668,-0.17737793922424316,0.7406890130353817,0.7116387337057729,False
WT_Q9NPC1,Q9NPC1,7,5,168,C,0.005805661,0.08783403,-0.17737793922424316,0.7034450651769087,0.7073556797020484,False
WT_Q9NPC1,Q9NPC1,7,5,169,Q,0.009837126,0.061724335,-0.17737793922424316,0.7071694599627562,0.7144320297951583,False
WT_Q9NPC1,Q9NPC1,7,5,170,L,0.0059189657,0.06400989,-0.17737793922424316,0.6978584729981377,0.6842644320297951,False
WT_Q9NPC1,Q9NPC1,7,5,171,C,0.012791876,0.07774638,-0.13614988327026367,0.7229981378026071,0.6527932960893855,False
WT_Q9NPC1,Q9NPC1,7,5,172,H,0.0028595142,0.01371387,-0.10952520370483398,0.589851024208566,0.6408752327746741,False
WT_Q9NPC1,Q9NPC1,7,5,173,P,0.002042571,0.013215494,-0.10952520370483398,0.5460893854748603,0.6108938547486034,False
WT_Q9NPC1,Q9NPC1,7,5,174,S,0.002947762,0.05963475,-0.10952520370483398,0.6475791433891992,0.544413407821229,False
WT_Q9NPC1,Q9NPC1,7,5,175,P,0.0019369613,0.016119344,-0.10952520370483398,0.547951582867784,0.5220670391061453,False
WT_Q9NPC1,Q9NPC1,7,5,176,V,0.0010668851,0.009342676,-0.08088080088297527,0.3905959031657356,0.5445996275605214,False
WT_Q9NPC1,Q9NPC1,7,5,177,H,0.0013952176,0.011342733,-0.03864288330078125,0.47811918063314707,0.5028864059590317,False
WT_Q9NPC1,Q9NPC1,7,5,178,A,0.0044152285,0.032309983,-0.03864288330078125,0.6587523277467411,0.5023277467411545,False
WT_Q9NPC1,Q9NPC1,7,5,179,A,0.0016059434,0.006587099,-0.03864288330078125,0.4390130353817505,0.5453445065176908,False
WT_Q9NPC1,Q9NPC1,7,5,180,A,0.0030587343,0.0078086327,-0.03864288330078125,0.5451582867783985,0.5108938547486034,False
WT_Q9NPC1,Q9NPC1,7,5,181,H,0.0028508464,0.020219501,-0.044338385264078774,0.605679702048417,0.47700186219739293,False
WT_Q9NPC1,Q9NPC1,7,5,182,L,0.00084961025,0.0064324453,-0.03966069221496582,0.3058659217877095,0.492830540037244,False
WT_Q9NPC1,Q9NPC1,7,5,183,S,0.0019146263,0.008183389,-0.03966069221496582,0.48929236499068907,0.45689013035381754,False
WT_Q9NPC1,Q9NPC1,7,5,184,L,0.0018972979,0.010566148,-0.03966069221496582,0.5181564245810056,0.47141527001862205,False
WT_Q9NPC1,Q9NPC1,7,5,185,E,0.001611472,0.0037871408,-0.03966069221496582,0.3654562383612663,0.49152700186219744,False
WT_Q9NPC1,Q9NPC1,7,5,186,T,0.0048945695,0.04966233,-0.042470296223958336,0.6783054003724395,0.47960893854748604,False
WT_Q9NPC1,Q9NPC1,7,5,187,L,0.0010666774,0.0107308645,-0.051909446716308594,0.40642458100558665,0.44366852886405966,False
WT_Q9NPC1,Q9NPC1,7,5,188,T,0.0012027394,0.010095397,-0.051909446716308594,0.42970204841713217,0.5002793296089385,False
WT_Q9NPC1,Q9NPC1,7,5,189,A,0.0014774936,0.003455657,-0.051909446716308594,0.3384543761638734,0.4038175046554935,False
WT_Q9NPC1,Q9NPC1,7,5,190,F,0.0031010523,0.044879563,-0.051909446716308594,0.6485102420856611,0.39543761638733704,False
WT_Q9NPC1,Q9NPC1,7,5,191,V,0.0009777253,0.0020787923,-0.05748462677001953,0.19599627560521415,0.36992551210428304,False
WT_Q9NPC1,Q9NPC1,7,5,192,L,0.0011823113,0.005992572,-0.05836224555969238,0.36452513966480443,0.4466480446927374,False
WT_Q9NPC1,Q9NPC1,7,5,193,P,0.0012809542,0.0033348696,-0.05836224555969238,0.3021415270018622,0.37607076350093116,False
WT_Q9NPC1,Q9NPC1,7,5,194,F,0.01009908,0.10058365,-0.05836224555969238,0.7220670391061453,0.4572625698324023,False
WT_Q9NPC1,Q9NPC1,7,5,195,G,0.0012973091,0.0031327498,-0.05836224555969238,0.2956238361266294,0.463221601489758,False
WT_Q9NPC1,Q9NPC1,7,5,196,L,0.002872124,0.016747564,-0.06336450576782227,0.6019553072625698,0.437709497206704,False
WT_Q9NPC1,Q9NPC1,7,5,197,M,0.0015279246,0.004866624,-0.07100200653076172,0.3943202979515829,0.40642458100558665,False
WT_Q9NPC1,Q9NPC1,7,5,198,L,0.00081339525,0.002364004,-0.07100200653076172,0.17458100558659218,0.4904096834264432,False
WT_Q9NPC1,Q9NPC1,7,5,199,G,0.002396256,0.013462815,-0.07100200653076172,0.5656424581005587,0.45633147113594036,False
WT_Q9NPC1,Q9NPC1,7,5,200,C,0.0116410805,0.07434623,-0.07100200653076172,0.7155493482309124,0.50512104283054,False
WT_Q9NPC1,Q9NPC1,7,5,201,Y,0.001608449,0.006088735,-0.05132643381754557,0.43156424581005587,0.5734636871508381,False
WT_Q9NPC1,Q9NPC1,7,5,202,S,0.0039568353,0.023296386,-0.042672157287597656,0.638268156424581,0.5449720670391062,False
WT_Q9NPC1,Q9NPC1,7,5,203,V,0.002176686,0.008841329,-0.042672157287597656,0.5162942271880819,0.46135940409683424,False
WT_Q9NPC1,Q9NPC1,7,5,204,T,0.0013633478,0.007749078,-0.042672157287597656,0.4231843575418995,0.45186219739292366,False
WT_Q9NPC1,Q9NPC1,7,5,205,L,0.0010729529,0.0044092117,-0.042672157287597656,0.2974860335195531,0.3838919925512104,False
WT_Q9NPC1,Q9NPC1,7,5,206,A,0.0013077247,0.0058465987,-0.027074019114176433,0.3840782122905028,0.3317504655493483,False
WT_Q9NPC1,Q9NPC1,7,5,207,R,0.0011296159,0.004006545,-0.003926515579223633,0.2984171322160149,0.27905027932960896,False
WT_Q9NPC1,Q9NPC1,7,5,208,L,0.0011366594,0.0028695555,-0.003926515579223633,0.25558659217877094,0.289292364990689,False
WT_Q9NPC1,Q9NPC1,7,5,209,R,0.0008242296,0.0018856507,-0.003926515579223633,0.159683426443203,0.34702048417132214,False
WT_Q9NPC1,Q9NPC1,7,5,210,G,0.0011846394,0.0052288193,-0.003926515579223633,0.34869646182495345,0.34627560521415274,False
WT_Q9NPC1,Q9NPC1,7,5,211,A,0.005516845,0.03300411,-6.56445821126302e-05,0.6727188081936686,0.33864059590316575,False
WT_Q9NPC1,Q9NPC1,7,5,212,R,0.0010725559,0.0017610204,0.005889177322387695,0.2946927374301676,0.37644320297951583,False
WT_Q9NPC1,Q9NPC1,7,5,213,W,0.00062949007,0.0016994551,0.005889177322387695,0.21741154562383613,0.3762569832402235,False
WT_Q9NPC1,Q9NPC1,7,5,214,G,0.0008433737,0.004495451,0.005889177322387695,0.34869646182495345,0.3387337057728119,False
WT_Q9NPC1,Q9NPC1,7,5,215,S,0.0007341668,0.0050490657,0.005889177322387695,0.3477653631284916,0.3186219739292365,False
WT_Q9NPC1,Q9NPC1,7,5,216,G,0.001450945,0.00540665,0.006358782450358073,0.4851024208566108,0.31731843575418994,False
WT_Q9NPC1,Q9NPC1,7,5,217,R,0.0006118246,0.00072188256,0.0074770450592041016,0.19413407821229053,0.2951582867783985,False
WT_Q9NPC1,Q9NPC1,7,5,218,H,0.0005818473,0.0016022997,0.0074770450592041016,0.21089385474860337,0.331098696461825,False
WT_Q9NPC1,Q9NPC1,7,5,219,G,0.00068124477,0.0019639751,0.0074770450592041016,0.2378957169459963,0.278026070763501,False
WT_Q9NPC1,Q9NPC1,7,5,220,A,0.0015628863,0.0062613683,0.0074770450592041016,0.5274674115456238,0.30372439478584734,False
WT_Q9NPC1,Q9NPC1,7,5,221,R,0.0006856326,0.0012785759,0.009252230326334635,0.2197392923649907,0.38975791433891993,False
WT_Q9NPC1,Q9NPC1,7,5,222,V,0.0006999174,0.0039439765,0.010050296783447266,0.3226256983240223,0.4184357541899441,False
WT_Q9NPC1,Q9NPC1,7,5,223,G,0.001667383,0.022470145,0.010050296783447266,0.6410614525139665,0.43202979515828677,False
WT_Q9NPC1,Q9NPC1,7,5,224,R,0.0012024872,0.0030914352,0.010050296783447266,0.3812849162011173,0.44860335195530726,False
WT_Q9NPC1,Q9NPC1,7,5,225,L,0.0019665705,0.007838264,0.010050296783447266,0.595437616387337,0.48864059590316566,False
WT_Q9NPC1,Q9NPC1,7,5,226,V,0.0009360191,0.0019754164,0.011918067932128906,0.3026070763500931,0.45474860335195527,False
WT_Q9NPC1,Q9NPC1,7,5,227,S,0.0017968154,0.0046260934,0.014228105545043945,0.5228119180633147,0.4733705772811918,False
WT_Q9NPC1,Q9NPC1,7,5,228,A,0.0013765552,0.004257343,0.014228105545043945,0.4716014897579144,0.41899441340782123,False
WT_Q9NPC1,Q9NPC1,7,5,229,I,0.0012982065,0.0047435313,0.014228105545043945,0.4743947858472999,0.41973929236499075,False
WT_Q9NPC1,Q9NPC1,7,5,230,V,0.0010871186,0.0016854338,0.014228105545043945,0.3235567970204842,0.4067039106145252,False
WT_Q9NPC1,Q9NPC1,7,5,231,L,0.0010020027,0.0017640031,0.011855602264404297,0.3063314711359404,0.4134078212290503,False
WT_Q9NPC1,Q9NPC1,7,5,232,A,0.0013342042,0.0042102635,0.011382102966308594,0.45763500931098694,0.4279329608938548,False
WT_Q9NPC1,Q9NPC1,7,5,233,F,0.0012154356,0.007346102,0.011382102966308594,0.50512104283054,0.4839851024208566,False
WT_Q9NPC1,Q9NPC1,7,5,234,G,0.00145357,0.0075246505,0.011382102966308594,0.5470204841713222,0.5614525139664803,False
WT_Q9NPC1,Q9NPC1,7,5,235,L,0.0019523832,0.007975286,0.011382102966308594,0.6038175046554934,0.5633147113594041,False
WT_Q9NPC1,Q9NPC1,7,5,236,L,0.002924252,0.017147643,0.004827340443929036,0.6936685288640595,0.5469273743016758,False
WT_Q9NPC1,Q9NPC1,7,5,237,W,0.0018903877,0.0072250627,-0.0005857944488525391,0.46694599627560524,0.5342644320297951,False
WT_Q9NPC1,Q9NPC1,7,5,238,A,0.0015642609,0.0058672163,-0.0005857944488525391,0.42318435754189937,0.5476722532588454,False
WT_Q9NPC1,Q9NPC1,7,5,239,P,0.0025356964,0.0058944765,-0.0005857944488525391,0.48370577281191807,0.544413407821229,False
WT_Q9NPC1,Q9NPC1,7,5,240,Y,0.005794086,0.028291237,-0.0005857944488525391,0.6708566108007449,0.5028864059590317,False
WT_Q9NPC1,Q9NPC1,7,5,241,H,0.0068015633,0.031958014,-0.002989610036214193,0.6773743016759776,0.5274674115456237,False
WT_Q9NPC1,Q9NPC1,7,5,242,A,0.0012557014,0.0022579844,-0.008039712905883789,0.25931098696461824,0.5088454376163872,False
WT_Q9NPC1,Q9NPC1,7,5,243,V,0.0021652393,0.0112481965,-0.008039712905883789,0.5460893854748603,0.42299813780260703,False
WT_Q9NPC1,Q9NPC1,7,5,244,N,0.0012761322,0.0065728803,-0.008039712905883789,0.39059590316573556,0.3272811918063314,False
WT_Q9NPC1,Q9NPC1,7,5,245,L,0.00088988914,0.0038040082,-0.008039712905883789,0.24162011173184358,0.3650837988826815,False
WT_Q9NPC1,Q9NPC1,7,5,246,L,0.00086425757,0.002734011,-0.01030890146891276,0.19878957169459963,0.30046554934823094,False
WT_Q9NPC1,Q9NPC1,7,5,247,Q,0.0016797186,0.006713762,-0.011322259902954102,0.4483240223463687,0.24068901303538176,False
WT_Q9NPC1,Q9NPC1,7,5,248,A,0.0010032188,0.0027072253,-0.011322259902954102,0.22299813780260705,0.2319366852886406,False
WT_Q9NPC1,Q9NPC1,7,5,249,V,0.0005954546,0.0006743818,-0.011322259902954102,0.09171322160148976,0.2851955307262569,False
WT_Q9NPC1,Q9NPC1,7,5,250,A,0.0010305597,0.0018165162,-0.011322259902954102,0.19785847299813777,0.2907821229050279,False
WT_Q9NPC1,Q9NPC1,7,5,251,A,0.0015160205,0.009188714,-0.01111745834350586,0.46508379888268153,0.2792364990689013,False
WT_Q9NPC1,Q9NPC1,7,5,252,L,0.0013044134,0.0152907,-0.012777566909790039,0.4762569832402234,0.29245810055865923,False
WT_Q9NPC1,Q9NPC1,7,5,253,A,0.00080553605,0.002087578,-0.012777566909790039,0.16527001862197394,0.35409683426443206,False
WT_Q9NPC1,Q9NPC1,7,5,254,P,0.0007378874,0.002082089,-0.012777566909790039,0.15782122905027932,0.37132216014897573,False
WT_Q9NPC1,Q9NPC1,7,5,255,P,0.0014830123,0.015868688,-0.012777566909790039,0.506052141527002,0.4122905027932961,False
WT_Q9NPC1,Q9NPC1,7,5,256,E,0.0018094161,0.004881134,0.01970386505126953,0.5512104283054003,0.5093109869646183,False
WT_Q9NPC1,Q9NPC1,7,5,257,G,0.0015259379,0.0109586,0.03697943687438965,0.681098696461825,0.6195530726256984,False
WT_Q9NPC1,Q9NPC1,7,5,258,A,0.0020438852,0.005863007,0.03697943687438965,0.6503724394785847,0.5849162011173183,False
WT_Q9NPC1,Q9NPC1,7,5,259,L,0.0019468281,0.0104118,0.03697943687438965,0.7090316573556796,0.5675977653631284,False
WT_Q9NPC1,Q9NPC1,7,5,260,A,0.00083801395,0.0015078381,0.03697943687438965,0.3328677839851024,0.5169459962756051,False
WT_Q9NPC1,Q9NPC1,7,5,261,K,0.0012978246,0.0019712194,0.061018943786621094,0.46461824953445063,0.5210428305400372,False
WT_Q9NPC1,Q9NPC1,7,5,262,L,0.0009989332,0.0021506036,0.09688234329223633,0.4278398510242085,0.5355679702048417,False
WT_Q9NPC1,Q9NPC1,7,5,263,G,0.0012404539,0.010769013,0.09688234329223633,0.6708566108007449,0.6202979515828677,False
WT_Q9NPC1,Q9NPC1,7,5,264,G,0.0027511644,0.009772826,0.09688234329223633,0.7816573556797021,0.7206703910614525,True
WT_Q9NPC1,Q9NPC1,7,5,265,A,0.0026453107,0.008726685,0.09688234329223633,0.7565176908752328,0.7564245810055866,True
WT_Q9NPC1,Q9NPC1,7,5,266,G,0.032644812,0.14114036,0.10373544692993164,0.9664804469273743,0.7901303538175047,True
WT_Q9NPC1,Q9NPC1,7,5,267,Q,0.0012619831,0.0057924003,0.11326980590820312,0.606610800744879,0.7700186219739293,True
WT_Q9NPC1,Q9NPC1,7,5,268,A,0.0026695908,0.025259402,0.11326980590820312,0.8393854748603352,0.7217877094972068,True
WT_Q9NPC1,Q9NPC1,7,5,269,A,0.0023145564,0.0047052344,0.11326980590820312,0.681098696461825,0.6944134078212291,True
WT_Q9NPC1,Q9NPC1,7,5,270,R,0.0013155555,0.0025871831,0.11326980590820312,0.5153631284916201,0.7459962756052142,True
WT_Q9NPC1,Q9NPC1,7,5,271,A,0.0030372874,0.019862141,0.08017349243164062,0.829608938547486,0.6661080074487896,True
WT_Q9NPC1,Q9NPC1,7,5,272,G,0.003326436,0.036224436,0.06571125984191895,0.8645251396648045,0.6914338919925511,True
WT_Q9NPC1,Q9NPC1,7,5,273,T,0.0008982937,0.0032627443,0.06571125984191895,0.43994413407821226,0.7374301675977653,True
WT_Q9NPC1,Q9NPC1,7,5,274,T,0.0020002914,0.04166985,0.06571125984191895,0.807728119180633,0.7022346368715083,False
WT_Q9NPC1,Q9NPC1,7,5,275,A,0.002547279,0.008907557,0.06571125984191895,0.7453445065176908,0.5696461824953445,False
WT_Q9NPC1,Q9NPC1,7,5,276,L,0.0013113613,0.010684045,0.03906933466593424,0.653631284916201,0.6163873370577281,False
WT_Q9NPC1,Q9NPC1,7,5,277,A,0.0010466606,0.0018299347,-0.00011682510375976562,0.20158286778398513,0.5080074487895716,False
WT_Q9NPC1,Q9NPC1,7,5,278,F,0.004564231,0.04912728,-0.00011682510375976562,0.6736499068901303,0.42793296089385474,False
WT_Q9NPC1,Q9NPC1,7,5,279,F,0.0009451797,0.004136951,-0.00011682510375976562,0.26582867783985104,0.3972998137802607,False
WT_Q9NPC1,Q9NPC1,7,5,280,S,0.0014747614,0.003707893,-0.00011682510375976562,0.3449720670391061,0.4241154562383612,False
WT_Q9NPC1,Q9NPC1,7,5,281,S,0.0025267839,0.007022104,-0.003364404042561849,0.500465549348231,0.3378957169459963,False
WT_Q9NPC1,Q9NPC1,7,5,282,S,0.0012399794,0.0044680885,-0.012037038803100586,0.3356610800744879,0.3982309124767226,False
WT_Q9NPC1,Q9NPC1,7,5,283,V,0.0010619299,0.003055246,-0.012037038803100586,0.2425512104283054,0.38724394785847294,False
WT_Q9NPC1,Q9NPC1,7,5,284,N,0.0025722447,0.012236448,-0.012037038803100586,0.5675046554934823,0.3682495344506518,False
WT_Q9NPC1,Q9NPC1,7,5,285,P,0.0012379244,0.0032189863,-0.012037038803100586,0.2900372439478585,0.3879888268156425,False
WT_Q9NPC1,Q9NPC1,7,5,286,V,0.0013059829,0.007201009,-0.01867834726969401,0.4054934823091248,0.3814711359404097,False
WT_Q9NPC1,Q9NPC1,7,5,287,L,0.001814362,0.0057816734,-0.020910263061523438,0.43435754189944137,0.3354748603351955,False
WT_Q9NPC1,Q9NPC1,7,5,288,Y,0.00085495727,0.0030703906,-0.020910263061523438,0.20996275605214154,0.33026070763500937,False
WT_Q9NPC1,Q9NPC1,7,5,289,V,0.0014244007,0.0037121444,-0.020910263061523438,0.33752327746741156,0.3351024208566108,False
WT_Q9NPC1,Q9NPC1,7,5,290,F,0.0011211978,0.0031894105,-0.020910263061523438,0.2639664804469274,0.27532588454376167,False
WT_Q9NPC1,Q9NPC1,7,5,291,T,0.0011739293,0.010595945,-0.02273241678873698,0.42970204841713217,0.3123836126629423,False
WT_Q9NPC1,Q9NPC1,7,5,292,A,0.00075662136,0.0015289679,-0.02916884422302246,0.13547486033519554,0.39189944134078214,False
WT_Q9NPC1,Q9NPC1,7,5,293,G,0.0013178687,0.0062000826,-0.02916884422302246,0.39525139664804465,0.41871508379888267,False
WT_Q9NPC1,Q9NPC1,7,5,294,D,0.021880047,0.12901333,-0.02916884422302246,0.7351024208566108,0.40418994413407816,False
WT_Q9NPC1,Q9NPC1,7,5,295,L,0.0011549047,0.008398827,-0.02916884422302246,0.39804469273743015,0.3974860335195531,False
WT_Q9NPC1,Q9NPC1,7,5,296,L,0.0011206925,0.0063886773,-0.02142333984375,0.35707635009310995,0.34515828677839855,False
WT_Q9NPC1,Q9NPC1,7,5,297,P,0.0004609142,0.0014176236,-0.01615452766418457,0.10195530726256984,0.2920856610800745,False
WT_Q9NPC1,Q9NPC1,7,5,298,R,0.0006747172,0.0017970253,-0.01615452766418457,0.1336126629422719,0.31852886405959036,False
WT_Q9NPC1,Q9NPC1,7,5,299,A,0.001585022,0.008803634,-0.01615452766418457,0.46973929236499073,0.34869646182495345,False
WT_Q9NPC1,Q9NPC1,7,5,300,G,0.002137896,0.010048866,-0.01615452766418457,0.5302607076350093,0.38184357541899444,False
WT_Q9NPC1,Q9NPC1,7,5,301,P,0.0017276224,0.010893792,-0.024683634440104168,0.5079143389199254,0.47588454376163875,False
WT_Q9NPC1,Q9NPC1,7,5,302,R,0.0008021341,0.005213384,-0.02383708953857422,0.2676908752327747,0.4388268156424582,False
WT_Q9NPC1,Q9NPC1,7,5,303,F,0.0022028994,0.04029516,-0.02383708953857422,0.6038175046554936,0.42299813780260714,False
WT_Q9NPC1,Q9NPC1,7,5,304,L,0.0012111983,0.0032168557,-0.02383708953857422,0.2844506517690875,0.34385474860335197,False
WT_Q9NPC1,Q9NPC1,7,5,305,T,0.0014078339,0.009221263,-0.02383708953857422,0.4511173184357542,0.38817504655493484,False
WT_Q9NPC1,Q9NPC1,7,5,306,R,0.00068384083,0.0010197386,-0.026426951090494793,0.1121973929236499,0.326536312849162,False
WT_Q9NPC1,Q9NPC1,7,5,307,L,0.0019158372,0.008142947,-0.03667426109313965,0.48929236499068907,0.2898510242085661,False
WT_Q9NPC1,Q9NPC1,7,5,308,F,0.0011372532,0.003892233,-0.03667426109313965,0.2956238361266294,0.27551210428305406,False
WT_Q9NPC1,Q9NPC1,7,5,309,E,0.00048599334,0.0013327939,-0.03667426109313965,0.10102420856610801,0.3978584729981378,False
WT_Q9NPC1,Q9NPC1,7,5,310,G,0.0013757239,0.00512514,-0.03667426109313965,0.3794227188081936,0.35111731843575417,False
WT_Q9NPC1,Q9NPC1,7,5,311,S,0.012164458,0.099527694,-0.038405418395996094,0.7239292364990688,0.334729981378026,False
WT_Q9NPC1,Q9NPC1,7,5,312,G,0.0010062314,0.0035607715,-0.03673720359802246,0.25558659217877094,0.4015828677839851,False
WT_Q9NPC1,Q9NPC1,7,5,313,E,0.00073268387,0.0038114954,-0.03673720359802246,0.2136871508379888,0.38761638733705767,False
WT_Q9NPC1,Q9NPC1,7,5,314,A,0.0013756041,0.008389596,-0.03673720359802246,0.43528864059590316,0.27830540037243945,False
WT_Q9NPC1,Q9NPC1,7,5,315,R,0.0014623355,0.002818228,-0.03673720359802246,0.3095903165735568,0.25465549348230915,False
WT_Q9NPC1,Q9NPC1,7,5,316,G,0.00081324426,0.0025008188,-0.030779361724853516,0.17737430167597767,0.2548417132216015,False
WT_Q9NPC1,Q9NPC1,7,5,317,G,0.00067697174,0.0018623741,-0.030365705490112305,0.1373370577281192,0.2138733705772812,False
WT_Q9NPC1,Q9NPC1,7,5,318,G,0.000947348,0.0027448463,-0.030365705490112305,0.21461824953445066,0.245903165735568,False
WT_Q9NPC1,Q9NPC1,7,5,319,R,0.0012161392,0.001679267,-0.030365705490112305,0.2304469273743017,0.2587523277467412,False
WT_Q9NPC1,Q9NPC1,7,5,320,S,0.0014707652,0.009997903,-0.030365705490112305,0.46973929236499073,0.33621973929236504,False
WT_Q9NPC1,Q9NPC1,7,5,321,R,0.0013369143,0.0013155915,-0.015093167622884115,0.24162011173184358,0.4261638733705773,False
WT_Q9NPC1,Q9NPC1,7,5,322,E,0.0022055898,0.009242719,-0.0017058849334716797,0.5246741154562383,0.49096834264432027,False
WT_Q9NPC1,Q9NPC1,7,5,323,G,0.0032968484,0.06600709,-0.0017058849334716797,0.6643389199255121,0.509217877094972,False
WT_Q9NPC1,Q9NPC1,7,5,324,T,0.0027446982,0.009493949,-0.0017058849334716797,0.5544692737430168,0.5549348230912476,False
WT_Q9NPC1,Q9NPC1,7,5,325,M,0.003028332,0.009242781,-0.0017058849334716797,0.5609869646182495,0.6147113594040968,False
WT_Q9NPC1,Q9NPC1,7,5,326,E,0.0016111395,0.0038220019,0.00970602035522461,0.4702048417132216,0.6040968342644321,False
WT_Q9NPC1,Q9NPC1,7,5,327,L,0.004067437,0.040337544,0.023990869522094727,0.8235567970204842,0.6264432029795158,False
WT_Q9NPC1,Q9NPC1,7,5,328,R,0.003079955,0.0038205634,0.023990869522094727,0.611266294227188,0.6355679702048418,False
WT_Q9NPC1,Q9NPC1,7,5,329,T,0.002652145,0.006634363,0.023990869522094727,0.6662011173184358,0.7104283054003725,False
WT_Q9NPC1,Q9NPC1,7,5,330,T,0.0018798838,0.005956184,0.023990869522094727,0.606610800744879,0.6739292364990689,False
WT_Q9NPC1,Q9NPC1,7,5,331,P,0.009246769,0.025415177,0.02594296137491862,0.8445065176908751,0.71731843575419,False
WT_Q9NPC1,Q9NPC1,7,5,332,Q,0.0028317156,0.0046031317,0.031188488006591797,0.6410614525139665,0.7171322160148975,False
WT_Q9NPC1,Q9NPC1,7,5,333,L,0.0073975353,0.016148668,0.031188488006591797,0.8282122905027932,0.7093109869646181,False
WT_Q9NPC1,Q9NPC1,7,5,334,K,0.0034274082,0.0046380446,0.031188488006591797,0.6652700186219739,0.6338919925512104,False
WT_Q9NPC1,Q9NPC1,7,5,335,V,0.0023639845,0.0031856108,0.031188488006591797,0.5675046554934823,0.6348230912476722,False
WT_Q9NPC1,Q9NPC1,7,5,336,V,0.001851921,0.0016237615,0.02447621027628581,0.46741154562383613,0.5921787709497206,False
WT_Q9NPC1,Q9NPC1,7,5,337,G,0.0042019836,0.00483805,0.020449399948120117,0.6457169459962756,0.5674115456238361,False
WT_Q9NPC1,Q9NPC1,7,5,338,Q,0.0033287776,0.0041896813,0.020449399948120117,0.6149906890130353,0.5869646182495345,False
WT_Q9NPC1,Q9NPC1,7,5,339,G,0.0019910296,0.003905044,0.020449399948120117,0.5414338919925512,0.6361266294227188,False
WT_Q9NPC1,Q9NPC1,7,5,340,R,0.004481701,0.005581058,0.020449399948120117,0.6652700186219739,0.6251396648044693,False
WT_Q9NPC1,Q9NPC1,7,5,341,G,0.0035911065,0.009628309,0.017340819040934246,0.713221601489758,0.6039106145251397,False
WT_Q9NPC1,Q9NPC1,7,5,342,N,0.0028106654,0.005054436,0.011087656021118164,0.590782122905028,0.6541899441340784,False
WT_Q9NPC1,Q9NPC1,7,5,343,G,0.0026441023,0.003060286,0.011087656021118164,0.5088454376163875,0.6415270018621975,False
WT_Q9NPC1,Q9NPC1,7,5,344,D,0.010904515,0.02580867,0.011087656021118164,0.7928305400372441,0.6074487895716947,False
WT_Q9NPC1,Q9NPC1,7,5,345,P,0.0040636915,0.004447327,0.011087656021118164,0.6019553072625698,0.5941340782122906,False
WT_Q9NPC1,Q9NPC1,7,5,346,G,0.002047779,0.005514788,0.004995505015055339,0.542830540037244,0.5986033519553073,False
WT_Q9NPC1,Q9NPC1,7,5,347,G,0.001876072,0.0056460965,0.0019674301147460938,0.5242085661080075,0.5511173184357542,False
WT_Q9NPC1,Q9NPC1,7,5,348,G,0.0019669258,0.0054582553,0.0012350082397460938,0.5311918063314711,0.5608007448789571,False
WT_Q9NPC1,Q9NPC1,7,5,349,M,0.0034568566,0.003970942,0.0012350082397460938,0.5554003724394786,0.5780260707635009,False
WT_Q9NPC1,Q9NPC1,7,5,350,E,0.004926686,0.0073270574,0.0012350082397460938,0.6503724394785847,0.5892923649906889,False
WT_Q9NPC1,Q9NPC1,7,5,351,K,0.004049618,0.0066089015,0.0012350082397460938,0.6289571694599627,0.5879888268156425,False
WT_Q9NPC1,Q9NPC1,7,5,352,D,0.0059161684,0.007504066,-0.0037093162536621094,0.5805400372439479,0.5853817504655494,False
WT_Q9NPC1,Q9NPC1,7,5,353,G,0.002726354,0.0075163185,-0.0037093162536621094,0.5246741154562383,0.5859404096834264,False
WT_Q9NPC1,Q9NPC1,7,5,354,P,0.0056275874,0.0056367465,-0.0037093162536621094,0.542364990689013,0.58780260707635,False
WT_Q9NPC1,Q9NPC1,7,5,355,E,0.008291669,0.015353232,-0.0037093162536621094,0.6531657355679702,0.5868715083798882,False
WT_Q9NPC1,Q9NPC1,7,5,356,W,0.0048011816,0.01707391,-0.0037093162536621094,0.638268156424581,0.5682495344506517,False
WT_Q9NPC1,Q9NPC1,7,5,357,D,0.0027082816,0.012146633,-0.00022983551025390625,0.5758845437616387,0.5747206703910615,False
WT_Q9NPC1,Q9NPC1,7,5,358,L,0.0021892665,0.0044138012,-0.00022983551025390625,0.43156424581005587,0.5485723153320918,False
