id,uniprot_id,stage2_rank,residue_index,aa,attention
WT_Q9HCT0,Q9HCT0,1,1,M,0.0024904879
WT_Q9HCT0,Q9HCT0,1,2,R,0.010768822
WT_Q9HCT0,Q9HCT0,1,3,R,0.00574656
WT_Q9HCT0,Q9HCT0,1,4,R,0.009388931
WT_Q9HCT0,Q9HCT0,1,5,L,0.0049278126
WT_Q9HCT0,Q9HCT0,1,6,W,0.008027805
WT_Q9HCT0,Q9HCT0,1,7,L,0.006951935
WT_Q9HCT0,Q9HCT0,1,8,G,0.012732244
WT_Q9HCT0,Q9HCT0,1,9,L,0.015968405
WT_Q9HCT0,Q9HCT0,1,10,A,0.019781165
WT_Q9HCT0,Q9HCT0,1,11,W,0.010096438
WT_Q9HCT0,Q9HCT0,1,12,L,0.0061336895
WT_Q9HCT0,Q9HCT0,1,13,L,0.0069652284
WT_Q9HCT0,Q9HCT0,1,14,L,0.006327522
WT_Q9HCT0,Q9HCT0,1,15,A,0.007772859
WT_Q9HCT0,Q9HCT0,1,16,R,0.0062123546
WT_Q9HCT0,Q9HCT0,1,17,A,0.0065444587
WT_Q9HCT0,Q9HCT0,1,18,P,0.0047554444
WT_Q9HCT0,Q9HCT0,1,19,D,0.0034062667
WT_Q9HCT0,Q9HCT0,1,20,A,0.0056873923
WT_Q9HCT0,Q9HCT0,1,21,A,0.0045652874
WT_Q9HCT0,Q9HCT0,1,22,G,0.0018779668
WT_Q9HCT0,Q9HCT0,1,23,T,0.008318543
WT_Q9HCT0,Q9HCT0,1,24,P,0.0063070445
WT_Q9HCT0,Q9HCT0,1,25,S,0.0032359571
WT_Q9HCT0,Q9HCT0,1,26,A,0.02720993
WT_Q9HCT0,Q9HCT0,1,27,S,0.004770624
WT_Q9HCT0,Q9HCT0,1,28,R,0.004656283
WT_Q9HCT0,Q9HCT0,1,29,G,0.006195163
WT_Q9HCT0,Q9HCT0,1,30,P,0.006925931
WT_Q9HCT0,Q9HCT0,1,31,R,0.0032099683
WT_Q9HCT0,Q9HCT0,1,32,S,0.0028246464
WT_Q9HCT0,Q9HCT0,1,33,Y,0.0034667964
WT_Q9HCT0,Q9HCT0,1,34,P,0.008285411
WT_Q9HCT0,Q9HCT0,1,35,H,0.010875876
WT_Q9HCT0,Q9HCT0,1,36,L,0.0022605185
WT_Q9HCT0,Q9HCT0,1,37,E,0.00094791566
WT_Q9HCT0,Q9HCT0,1,38,G,0.0011571741
WT_Q9HCT0,Q9HCT0,1,39,D,0.0031242257
WT_Q9HCT0,Q9HCT0,1,40,V,0.0018600709
WT_Q9HCT0,Q9HCT0,1,41,R,0.0018015892
WT_Q9HCT0,Q9HCT0,1,42,W,0.0042652506
WT_Q9HCT0,Q9HCT0,1,43,R,0.001450688
WT_Q9HCT0,Q9HCT0,1,44,R,0.0016818967
WT_Q9HCT0,Q9HCT0,1,45,L,0.002958883
WT_Q9HCT0,Q9HCT0,1,46,F,0.0043456266
WT_Q9HCT0,Q9HCT0,1,47,S,0.006167876
WT_Q9HCT0,Q9HCT0,1,48,S,0.0030063302
WT_Q9HCT0,Q9HCT0,1,49,T,0.01800039
WT_Q9HCT0,Q9HCT0,1,50,H,0.002751821
WT_Q9HCT0,Q9HCT0,1,51,F,0.008616391
WT_Q9HCT0,Q9HCT0,1,52,F,0.029570665
WT_Q9HCT0,Q9HCT0,1,53,L,0.0027529944
WT_Q9HCT0,Q9HCT0,1,54,R,0.008239319
WT_Q9HCT0,Q9HCT0,1,55,V,0.0031965885
WT_Q9HCT0,Q9HCT0,1,56,D,0.050880108
WT_Q9HCT0,Q9HCT0,1,57,P,0.0026193787
WT_Q9HCT0,Q9HCT0,1,58,G,0.0035100507
WT_Q9HCT0,Q9HCT0,1,59,G,0.0019061206
WT_Q9HCT0,Q9HCT0,1,60,R,0.0029787733
WT_Q9HCT0,Q9HCT0,1,61,V,0.004018623
WT_Q9HCT0,Q9HCT0,1,62,Q,0.0033135135
WT_Q9HCT0,Q9HCT0,1,63,G,0.0033139368
WT_Q9HCT0,Q9HCT0,1,64,T,0.0031967817
WT_Q9HCT0,Q9HCT0,1,65,R,0.002452237
WT_Q9HCT0,Q9HCT0,1,66,W,0.005722254
WT_Q9HCT0,Q9HCT0,1,67,R,0.002692837
WT_Q9HCT0,Q9HCT0,1,68,H,0.018318241
WT_Q9HCT0,Q9HCT0,1,69,G,0.012190272
WT_Q9HCT0,Q9HCT0,1,70,Q,0.0024690344
WT_Q9HCT0,Q9HCT0,1,71,D,0.0049641044
WT_Q9HCT0,Q9HCT0,1,72,S,0.0054882704
WT_Q9HCT0,Q9HCT0,1,73,I,0.001363655
WT_Q9HCT0,Q9HCT0,1,74,L,0.0016106297
WT_Q9HCT0,Q9HCT0,1,75,E,0.0019042864
WT_Q9HCT0,Q9HCT0,1,76,I,0.0015755729
WT_Q9HCT0,Q9HCT0,1,77,R,0.002184353
WT_Q9HCT0,Q9HCT0,1,78,S,0.0016761373
WT_Q9HCT0,Q9HCT0,1,79,V,0.0032438147
WT_Q9HCT0,Q9HCT0,1,80,H,0.004557748
WT_Q9HCT0,Q9HCT0,1,81,V,0.0023316778
WT_Q9HCT0,Q9HCT0,1,82,G,0.0023042285
WT_Q9HCT0,Q9HCT0,1,83,V,0.0061040632
WT_Q9HCT0,Q9HCT0,1,84,V,0.0013577519
WT_Q9HCT0,Q9HCT0,1,85,V,0.0028453206
WT_Q9HCT0,Q9HCT0,1,86,I,0.0016555701
WT_Q9HCT0,Q9HCT0,1,87,K,0.004566834
WT_Q9HCT0,Q9HCT0,1,88,A,0.003270462
WT_Q9HCT0,Q9HCT0,1,89,V,0.004130959
WT_Q9HCT0,Q9HCT0,1,90,S,0.0054909787
WT_Q9HCT0,Q9HCT0,1,91,S,0.014924175
WT_Q9HCT0,Q9HCT0,1,92,G,0.008057055
WT_Q9HCT0,Q9HCT0,1,93,F,0.004393445
WT_Q9HCT0,Q9HCT0,1,94,Y,0.0063448395
WT_Q9HCT0,Q9HCT0,1,95,V,0.0065201204
WT_Q9HCT0,Q9HCT0,1,96,A,0.0045812316
WT_Q9HCT0,Q9HCT0,1,97,M,0.003125209
WT_Q9HCT0,Q9HCT0,1,98,N,0.010644388
WT_Q9HCT0,Q9HCT0,1,99,R,0.0013481559
WT_Q9HCT0,Q9HCT0,1,100,R,0.003904909
WT_Q9HCT0,Q9HCT0,1,101,G,0.0020573465
WT_Q9HCT0,Q9HCT0,1,102,R,0.010828683
WT_Q9HCT0,Q9HCT0,1,103,L,0.0046934052
WT_Q9HCT0,Q9HCT0,1,104,Y,0.0053885467
WT_Q9HCT0,Q9HCT0,1,105,G,0.0034711678
WT_Q9HCT0,Q9HCT0,1,106,S,0.015519471
WT_Q9HCT0,Q9HCT0,1,107,R,0.0056989784
WT_Q9HCT0,Q9HCT0,1,108,L,0.004067661
WT_Q9HCT0,Q9HCT0,1,109,Y,0.0058039487
WT_Q9HCT0,Q9HCT0,1,110,T,0.009588591
WT_Q9HCT0,Q9HCT0,1,111,V,0.004380531
WT_Q9HCT0,Q9HCT0,1,112,D,0.007862996
WT_Q9HCT0,Q9HCT0,1,113,C,0.010382239
WT_Q9HCT0,Q9HCT0,1,114,R,0.0020365992
WT_Q9HCT0,Q9HCT0,1,115,F,0.0029248886
WT_Q9HCT0,Q9HCT0,1,116,R,0.0024730028
WT_Q9HCT0,Q9HCT0,1,117,E,0.0029984338
WT_Q9HCT0,Q9HCT0,1,118,R,0.0020392197
WT_Q9HCT0,Q9HCT0,1,119,I,0.0018070868
WT_Q9HCT0,Q9HCT0,1,120,E,0.0019119313
WT_Q9HCT0,Q9HCT0,1,121,E,0.0012033279
WT_Q9HCT0,Q9HCT0,1,122,N,0.005737437
WT_Q9HCT0,Q9HCT0,1,123,G,0.0014525666
WT_Q9HCT0,Q9HCT0,1,124,H,0.002893393
WT_Q9HCT0,Q9HCT0,1,125,N,0.0036767256
WT_Q9HCT0,Q9HCT0,1,126,T,0.0018753621
WT_Q9HCT0,Q9HCT0,1,127,Y,0.0023154898
WT_Q9HCT0,Q9HCT0,1,128,A,0.0031865137
WT_Q9HCT0,Q9HCT0,1,129,S,0.0042724437
WT_Q9HCT0,Q9HCT0,1,130,Q,0.0062621925
WT_Q9HCT0,Q9HCT0,1,131,R,0.002657455
WT_Q9HCT0,Q9HCT0,1,132,W,0.010630472
WT_Q9HCT0,Q9HCT0,1,133,R,0.0035578643
WT_Q9HCT0,Q9HCT0,1,134,R,0.0062048826
WT_Q9HCT0,Q9HCT0,1,135,R,0.005237872
WT_Q9HCT0,Q9HCT0,1,136,G,0.00423591
WT_Q9HCT0,Q9HCT0,1,137,Q,0.0024198443
WT_Q9HCT0,Q9HCT0,1,138,P,0.009369694
WT_Q9HCT0,Q9HCT0,1,139,M,0.0025251005
WT_Q9HCT0,Q9HCT0,1,140,F,0.005921429
WT_Q9HCT0,Q9HCT0,1,141,L,0.008947152
WT_Q9HCT0,Q9HCT0,1,142,A,0.009287185
WT_Q9HCT0,Q9HCT0,1,143,L,0.0072084125
WT_Q9HCT0,Q9HCT0,1,144,D,0.007745785
WT_Q9HCT0,Q9HCT0,1,145,R,0.0018273058
WT_Q9HCT0,Q9HCT0,1,146,R,0.0039284676
WT_Q9HCT0,Q9HCT0,1,147,G,0.0019266556
WT_Q9HCT0,Q9HCT0,1,148,G,0.005670253
WT_Q9HCT0,Q9HCT0,1,149,P,0.007174228
WT_Q9HCT0,Q9HCT0,1,150,R,0.0036887361
WT_Q9HCT0,Q9HCT0,1,151,P,0.009535287
WT_Q9HCT0,Q9HCT0,1,152,G,0.002832936
WT_Q9HCT0,Q9HCT0,1,153,G,0.008225354
WT_Q9HCT0,Q9HCT0,1,154,R,0.0021881491
WT_Q9HCT0,Q9HCT0,1,155,T,0.007837817
WT_Q9HCT0,Q9HCT0,1,156,R,0.0033593879
WT_Q9HCT0,Q9HCT0,1,157,R,0.0034261593
WT_Q9HCT0,Q9HCT0,1,158,Y,0.003866369
WT_Q9HCT0,Q9HCT0,1,159,H,0.0089897225
WT_Q9HCT0,Q9HCT0,1,160,L,0.009495224
WT_Q9HCT0,Q9HCT0,1,161,S,0.0043459847
WT_Q9HCT0,Q9HCT0,1,162,A,0.003356577
WT_Q9HCT0,Q9HCT0,1,163,H,0.020396404
WT_Q9HCT0,Q9HCT0,1,164,F,0.0076397047
WT_Q9HCT0,Q9HCT0,1,165,L,0.0017585828
WT_Q9HCT0,Q9HCT0,1,166,P,0.0026257276
WT_Q9HCT0,Q9HCT0,1,167,V,0.006802147
WT_Q9HCT0,Q9HCT0,1,168,L,0.0031975014
WT_Q9HCT0,Q9HCT0,1,169,V,0.002794652
WT_Q9HCT0,Q9HCT0,1,170,S,0.02073185
WT_Q13319,Q13319,2,1,M,0.0010169205
WT_Q13319,Q13319,2,2,G,0.0066938405
WT_Q13319,Q13319,2,3,T,0.0049384944
WT_Q13319,Q13319,2,4,V,0.005934973
WT_Q13319,Q13319,2,5,L,0.005328655
WT_Q13319,Q13319,2,6,S,0.0015942664
WT_Q13319,Q13319,2,7,L,0.0018310634
WT_Q13319,Q13319,2,8,S,0.0038640883
WT_Q13319,Q13319,2,9,P,0.0013884057
WT_Q13319,Q13319,2,10,A,0.0013118237
WT_Q13319,Q13319,2,11,S,0.0014034134
WT_Q13319,Q13319,2,12,S,0.0016287431
WT_Q13319,Q13319,2,13,A,0.0017292367
WT_Q13319,Q13319,2,14,K,0.00091162964
WT_Q13319,Q13319,2,15,G,0.0014078496
WT_Q13319,Q13319,2,16,R,0.0014025373
WT_Q13319,Q13319,2,17,R,0.0011562251
WT_Q13319,Q13319,2,18,P,0.0015037258
WT_Q13319,Q13319,2,19,G,0.0009113042
WT_Q13319,Q13319,2,20,G,0.0010907777
WT_Q13319,Q13319,2,21,L,0.0009073348
WT_Q13319,Q13319,2,22,P,0.0021111805
WT_Q13319,Q13319,2,23,E,0.0013618604
WT_Q13319,Q13319,2,24,E,0.0016495534
WT_Q13319,Q13319,2,25,K,0.0029971872
WT_Q13319,Q13319,2,26,K,0.0025212148
WT_Q13319,Q13319,2,27,K,0.002212431
WT_Q13319,Q13319,2,28,A,0.0035878592
WT_Q13319,Q13319,2,29,P,0.0022759347
WT_Q13319,Q13319,2,30,P,0.0018877118
WT_Q13319,Q13319,2,31,A,0.0011135419
WT_Q13319,Q13319,2,32,G,0.0012610877
WT_Q13319,Q13319,2,33,D,0.002155464
WT_Q13319,Q13319,2,34,E,0.001690155
WT_Q13319,Q13319,2,35,A,0.0012100877
WT_Q13319,Q13319,2,36,L,0.0017212112
WT_Q13319,Q13319,2,37,G,0.0009045417
WT_Q13319,Q13319,2,38,G,0.0012005236
WT_Q13319,Q13319,2,39,Y,0.0017003834
WT_Q13319,Q13319,2,40,G,0.0012258572
WT_Q13319,Q13319,2,41,A,0.0011424101
WT_Q13319,Q13319,2,42,P,0.00096200546
WT_Q13319,Q13319,2,43,P,0.0014453706
WT_Q13319,Q13319,2,44,V,0.0011133734
WT_Q13319,Q13319,2,45,G,0.0015719582
WT_Q13319,Q13319,2,46,K,0.0016338809
WT_Q13319,Q13319,2,47,G,0.00095527485
WT_Q13319,Q13319,2,48,G,0.0015089154
WT_Q13319,Q13319,2,49,K,0.0010661939
WT_Q13319,Q13319,2,50,G,0.0012710163
WT_Q13319,Q13319,2,51,E,0.001493076
WT_Q13319,Q13319,2,52,S,0.0012879944
WT_Q13319,Q13319,2,53,R,0.0024627964
WT_Q13319,Q13319,2,54,L,0.0012325926
WT_Q13319,Q13319,2,55,K,0.0022616324
WT_Q13319,Q13319,2,56,R,0.003206246
WT_Q13319,Q13319,2,57,P,0.004442627
WT_Q13319,Q13319,2,58,S,0.0020762517
WT_Q13319,Q13319,2,59,V,0.002698714
WT_Q13319,Q13319,2,60,L,0.0034402404
WT_Q13319,Q13319,2,61,I,0.0037707186
WT_Q13319,Q13319,2,62,S,0.0053938394
WT_Q13319,Q13319,2,63,A,0.023377536
WT_Q13319,Q13319,2,64,L,0.0030409226
WT_Q13319,Q13319,2,65,T,0.022787137
WT_Q13319,Q13319,2,66,W,0.0055010146
WT_Q13319,Q13319,2,67,K,0.002588455
WT_Q13319,Q13319,2,68,R,0.0031615356
WT_Q13319,Q13319,2,69,L,0.0017390184
WT_Q13319,Q13319,2,70,V,0.0015124097
WT_Q13319,Q13319,2,71,A,0.0022153433
WT_Q13319,Q13319,2,72,A,0.0017370658
WT_Q13319,Q13319,2,73,S,0.0036219785
WT_Q13319,Q13319,2,74,A,0.0016507441
WT_Q13319,Q13319,2,75,K,0.0030982078
WT_Q13319,Q13319,2,76,K,0.003178226
WT_Q13319,Q13319,2,77,K,0.002670993
WT_Q13319,Q13319,2,78,K,0.002517552
WT_Q13319,Q13319,2,79,G,0.0018171238
WT_Q13319,Q13319,2,80,S,0.0028745874
WT_Q13319,Q13319,2,81,K,0.0041109677
WT_Q13319,Q13319,2,82,K,0.0017595366
WT_Q13319,Q13319,2,83,V,0.0012462324
WT_Q13319,Q13319,2,84,T,0.0020485295
WT_Q13319,Q13319,2,85,P,0.0017453054
WT_Q13319,Q13319,2,86,K,0.0038557288
WT_Q13319,Q13319,2,87,P,0.0014650446
WT_Q13319,Q13319,2,88,A,0.0022269387
WT_Q13319,Q13319,2,89,S,0.0028259682
WT_Q13319,Q13319,2,90,T,0.0019579525
WT_Q13319,Q13319,2,91,G,0.0011173767
WT_Q13319,Q13319,2,92,P,0.0021585214
WT_Q13319,Q13319,2,93,D,0.0011579216
WT_Q13319,Q13319,2,94,P,0.0015721301
WT_Q13319,Q13319,2,95,L,0.0016385976
WT_Q13319,Q13319,2,96,V,0.0013408479
WT_Q13319,Q13319,2,97,Q,0.0026700152
WT_Q13319,Q13319,2,98,Q,0.0018774007
WT_Q13319,Q13319,2,99,R,0.0067323274
WT_Q13319,Q13319,2,100,N,0.003007057
WT_Q13319,Q13319,2,101,R,0.0069069755
WT_Q13319,Q13319,2,102,E,0.0025390673
WT_Q13319,Q13319,2,103,N,0.0024850639
WT_Q13319,Q13319,2,104,L,0.004687193
WT_Q13319,Q13319,2,105,L,0.0021518522
WT_Q13319,Q13319,2,106,R,0.0045125126
WT_Q13319,Q13319,2,107,K,0.0025929122
WT_Q13319,Q13319,2,108,G,0.0014076196
WT_Q13319,Q13319,2,109,R,0.0023377144
WT_Q13319,Q13319,2,110,D,0.0018901946
WT_Q13319,Q13319,2,111,P,0.0010159501
WT_Q13319,Q13319,2,112,P,0.0011415969
WT_Q13319,Q13319,2,113,D,0.00145541
WT_Q13319,Q13319,2,114,G,0.0014166231
WT_Q13319,Q13319,2,115,G,0.0011379159
WT_Q13319,Q13319,2,116,G,0.0011657026
WT_Q13319,Q13319,2,117,T,0.0024781649
WT_Q13319,Q13319,2,118,A,0.0013560322
WT_Q13319,Q13319,2,119,K,0.0013353297
WT_Q13319,Q13319,2,120,P,0.001512927
WT_Q13319,Q13319,2,121,L,0.0016675553
WT_Q13319,Q13319,2,122,A,0.0022459764
WT_Q13319,Q13319,2,123,V,0.0010199733
WT_Q13319,Q13319,2,124,P,0.001959173
WT_Q13319,Q13319,2,125,V,0.0010693193
WT_Q13319,Q13319,2,126,P,0.0014042266
WT_Q13319,Q13319,2,127,T,0.002067206
WT_Q13319,Q13319,2,128,V,0.0012787802
WT_Q13319,Q13319,2,129,P,0.0014159181
WT_Q13319,Q13319,2,130,A,0.0021549233
WT_Q13319,Q13319,2,131,A,0.0020899863
WT_Q13319,Q13319,2,132,A,0.0023357093
WT_Q13319,Q13319,2,133,A,0.001955799
WT_Q13319,Q13319,2,134,T,0.002004128
WT_Q13319,Q13319,2,135,C,0.0021425812
WT_Q13319,Q13319,2,136,E,0.0055522043
WT_Q13319,Q13319,2,137,P,0.00081208296
WT_Q13319,Q13319,2,138,P,0.0010695584
WT_Q13319,Q13319,2,139,S,0.0015003782
WT_Q13319,Q13319,2,140,G,0.0008188401
WT_Q13319,Q13319,2,141,G,0.0008939512
WT_Q13319,Q13319,2,142,S,0.0018205041
WT_Q13319,Q13319,2,143,A,0.0012335327
WT_Q13319,Q13319,2,144,A,0.0014163461
WT_Q13319,Q13319,2,145,A,0.0013361151
WT_Q13319,Q13319,2,146,Q,0.0025038605
WT_Q13319,Q13319,2,147,P,0.0008553755
WT_Q13319,Q13319,2,148,P,0.0012566599
WT_Q13319,Q13319,2,149,G,0.0008446728
WT_Q13319,Q13319,2,150,S,0.0016034134
WT_Q13319,Q13319,2,151,G,0.0011335826
WT_Q13319,Q13319,2,152,G,0.0012160017
WT_Q13319,Q13319,2,153,G,0.0013904638
WT_Q13319,Q13319,2,154,K,0.0029754955
WT_Q13319,Q13319,2,155,P,0.0012883364
WT_Q13319,Q13319,2,156,P,0.0015799418
WT_Q13319,Q13319,2,157,P,0.002366767
WT_Q13319,Q13319,2,158,P,0.0019380834
WT_Q13319,Q13319,2,159,P,0.001371807
WT_Q13319,Q13319,2,160,P,0.0011776073
WT_Q13319,Q13319,2,161,P,0.00096768787
WT_Q13319,Q13319,2,162,A,0.0029169056
WT_Q13319,Q13319,2,163,P,0.0009903735
WT_Q13319,Q13319,2,164,Q,0.0012004002
WT_Q13319,Q13319,2,165,V,0.0013251196
WT_Q13319,Q13319,2,166,A,0.0015890518
WT_Q13319,Q13319,2,167,P,0.0008642248
WT_Q13319,Q13319,2,168,P,0.00095265236
WT_Q13319,Q13319,2,169,V,0.0016780405
WT_Q13319,Q13319,2,170,P,0.00088512077
WT_Q13319,Q13319,2,171,G,0.0008812629
WT_Q13319,Q13319,2,172,G,0.0015221033
WT_Q13319,Q13319,2,173,S,0.003575079
WT_Q13319,Q13319,2,174,P,0.0013233569
WT_Q13319,Q13319,2,175,R,0.0008490938
WT_Q13319,Q13319,2,176,R,0.0010706047
WT_Q13319,Q13319,2,177,V,0.0020815139
WT_Q13319,Q13319,2,178,I,0.00091532024
WT_Q13319,Q13319,2,179,V,0.0015082755
WT_Q13319,Q13319,2,180,Q,0.0019962017
WT_Q13319,Q13319,2,181,A,0.0016891826
WT_Q13319,Q13319,2,182,S,0.0017549462
WT_Q13319,Q13319,2,183,T,0.0022500893
WT_Q13319,Q13319,2,184,G,0.0012024053
WT_Q13319,Q13319,2,185,E,0.0010134837
WT_Q13319,Q13319,2,186,L,0.0007887903
WT_Q13319,Q13319,2,187,L,0.0010265926
WT_Q13319,Q13319,2,188,R,0.0016409593
WT_Q13319,Q13319,2,189,C,0.002619967
WT_Q13319,Q13319,2,190,L,0.0008458013
WT_Q13319,Q13319,2,191,G,0.0017272265
WT_Q13319,Q13319,2,192,D,0.037327223
WT_Q13319,Q13319,2,193,F,0.0020818978
WT_Q13319,Q13319,2,194,V,0.0014966644
WT_Q13319,Q13319,2,195,C,0.005656912
WT_Q13319,Q13319,2,196,R,0.001262078
WT_Q13319,Q13319,2,197,R,0.0011739134
WT_Q13319,Q13319,2,198,C,0.01013722
WT_Q13319,Q13319,2,199,Y,0.004495426
WT_Q13319,Q13319,2,200,R,0.0007178858
WT_Q13319,Q13319,2,201,L,0.0007559698
WT_Q13319,Q13319,2,202,K,0.00079954945
WT_Q13319,Q13319,2,203,E,0.0010835323
WT_Q13319,Q13319,2,204,L,0.00094511267
WT_Q13319,Q13319,2,205,S,0.0026070152
WT_Q13319,Q13319,2,206,P,0.0029093598
WT_Q13319,Q13319,2,207,G,0.0013436932
WT_Q13319,Q13319,2,208,E,0.0017476646
WT_Q13319,Q13319,2,209,L,0.0034309332
WT_Q13319,Q13319,2,210,V,0.0014196713
WT_Q13319,Q13319,2,211,G,0.012590556
WT_Q13319,Q13319,2,212,W,0.0023976853
WT_Q13319,Q13319,2,213,F,0.0029962887
WT_Q13319,Q13319,2,214,R,0.0007763398
WT_Q13319,Q13319,2,215,G,0.0054965625
WT_Q13319,Q13319,2,216,V,0.0012154172
WT_Q13319,Q13319,2,217,D,0.0047786995
WT_Q13319,Q13319,2,218,R,0.0008031717
WT_Q13319,Q13319,2,219,S,0.03448526
WT_Q13319,Q13319,2,220,L,0.0020871232
WT_Q13319,Q13319,2,221,L,0.0011938752
WT_Q13319,Q13319,2,222,L,0.002408068
WT_Q13319,Q13319,2,223,Q,0.0009947415
WT_Q13319,Q13319,2,224,G,0.0015267604
WT_Q13319,Q13319,2,225,W,0.004344339
WT_Q13319,Q13319,2,226,Q,0.0020055012
WT_Q13319,Q13319,2,227,D,0.0019128722
WT_Q13319,Q13319,2,228,Q,0.0013705025
WT_Q13319,Q13319,2,229,A,0.0014688914
WT_Q13319,Q13319,2,230,F,0.0013998006
WT_Q13319,Q13319,2,231,I,0.00072568835
WT_Q13319,Q13319,2,232,T,0.0024784477
WT_Q13319,Q13319,2,233,P,0.004258473
WT_Q13319,Q13319,2,234,A,0.002573845
WT_Q13319,Q13319,2,235,N,0.0050872033
WT_Q13319,Q13319,2,236,L,0.0020891207
WT_Q13319,Q13319,2,237,V,0.0018667582
WT_Q13319,Q13319,2,238,F,0.0011972309
WT_Q13319,Q13319,2,239,V,0.0005754663
WT_Q13319,Q13319,2,240,Y,0.0019672632
WT_Q13319,Q13319,2,241,L,0.0024031848
WT_Q13319,Q13319,2,242,L,0.0019521681
WT_Q13319,Q13319,2,243,C,0.0022989614
WT_Q13319,Q13319,2,244,R,0.0008864987
WT_Q13319,Q13319,2,245,E,0.0020958527
WT_Q13319,Q13319,2,246,S,0.0015043757
WT_Q13319,Q13319,2,247,L,0.0017097541
WT_Q13319,Q13319,2,248,R,0.0009102659
WT_Q13319,Q13319,2,249,G,0.0009715698
WT_Q13319,Q13319,2,250,D,0.0018049895
WT_Q13319,Q13319,2,251,E,0.0010237051
WT_Q13319,Q13319,2,252,L,0.0033127668
WT_Q13319,Q13319,2,253,A,0.0013119384
WT_Q13319,Q13319,2,254,S,0.0013208168
WT_Q13319,Q13319,2,255,A,0.016738206
WT_Q13319,Q13319,2,256,A,0.0046286467
WT_Q13319,Q13319,2,257,E,0.0037627763
WT_Q13319,Q13319,2,258,L,0.002879968
WT_Q13319,Q13319,2,259,Q,0.0015315175
WT_Q13319,Q13319,2,260,A,0.0017593997
WT_Q13319,Q13319,2,261,A,0.0032461237
WT_Q13319,Q13319,2,262,F,0.0023009158
WT_Q13319,Q13319,2,263,L,0.008404929
WT_Q13319,Q13319,2,264,T,0.0046858336
WT_Q13319,Q13319,2,265,C,0.05165023
WT_Q13319,Q13319,2,266,L,0.008907515
WT_Q13319,Q13319,2,267,Y,0.001941243
WT_Q13319,Q13319,2,268,L,0.004477677
WT_Q13319,Q13319,2,269,A,0.0021994552
WT_Q13319,Q13319,2,270,Y,0.008380639
WT_Q13319,Q13319,2,271,S,0.013129004
WT_Q13319,Q13319,2,272,Y,0.0014358094
WT_Q13319,Q13319,2,273,M,0.00075252
WT_Q13319,Q13319,2,274,G,0.001526524
WT_Q13319,Q13319,2,275,N,0.0011094875
WT_Q13319,Q13319,2,276,E,0.00079507375
WT_Q13319,Q13319,2,277,I,0.002465034
WT_Q13319,Q13319,2,278,S,0.0042359233
WT_Q13319,Q13319,2,279,Y,0.0049195644
WT_Q13319,Q13319,2,280,P,0.0038080316
WT_Q13319,Q13319,2,281,L,0.0022761582
WT_Q13319,Q13319,2,282,K,0.00055795355
WT_Q13319,Q13319,2,283,P,0.0021592523
WT_Q13319,Q13319,2,284,F,0.0012144786
WT_Q13319,Q13319,2,285,L,0.0014973892
WT_Q13319,Q13319,2,286,V,0.0010650137
WT_Q13319,Q13319,2,287,E,0.00081300724
WT_Q13319,Q13319,2,288,P,0.00058915094
WT_Q13319,Q13319,2,289,D,0.0024696847
WT_Q13319,Q13319,2,290,K,0.00065254746
WT_Q13319,Q13319,2,291,E,0.0018705991
WT_Q13319,Q13319,2,292,R,0.00082841265
WT_Q13319,Q13319,2,293,F,0.0030086879
WT_Q13319,Q13319,2,294,W,0.0019380102
WT_Q13319,Q13319,2,295,Q,0.00069144485
WT_Q13319,Q13319,2,296,R,0.00065749773
WT_Q13319,Q13319,2,297,C,0.008102734
WT_Q13319,Q13319,2,298,L,0.0013378153
WT_Q13319,Q13319,2,299,R,0.000911678
WT_Q13319,Q13319,2,300,L,0.0024490291
WT_Q13319,Q13319,2,301,I,0.0014488965
WT_Q13319,Q13319,2,302,Q,0.0010453998
WT_Q13319,Q13319,2,303,R,0.0011051891
WT_Q13319,Q13319,2,304,L,0.0032403504
WT_Q13319,Q13319,2,305,S,0.0055695623
WT_Q13319,Q13319,2,306,P,0.0062971613
WT_Q13319,Q13319,2,307,Q,0.0026677153
WT_Q13319,Q13319,2,308,M,0.00097441557
WT_Q13319,Q13319,2,309,L,0.0016996805
WT_Q13319,Q13319,2,310,R,0.000956379
WT_Q13319,Q13319,2,311,L,0.0013837379
WT_Q13319,Q13319,2,312,N,0.0044171945
WT_Q13319,Q13319,2,313,A,0.00097443763
WT_Q13319,Q13319,2,314,D,0.0046000355
WT_Q13319,Q13319,2,315,P,0.0019184704
WT_Q13319,Q13319,2,316,H,0.03627378
WT_Q13319,Q13319,2,317,F,0.0014640391
WT_Q13319,Q13319,2,318,F,0.0029319874
WT_Q13319,Q13319,2,319,T,0.001631773
WT_Q13319,Q13319,2,320,Q,0.001971086
WT_Q13319,Q13319,2,321,V,0.0005915445
WT_Q13319,Q13319,2,322,F,0.0033809904
WT_Q13319,Q13319,2,323,Q,0.001330224
WT_Q13319,Q13319,2,324,D,0.0021331836
WT_Q13319,Q13319,2,325,L,0.0011202728
WT_Q13319,Q13319,2,326,K,0.000647659
WT_Q13319,Q13319,2,327,N,0.0010433813
WT_Q13319,Q13319,2,328,E,0.0012357053
WT_Q13319,Q13319,2,329,G,0.0021620141
WT_Q13319,Q13319,2,330,E,0.0009511629
WT_Q13319,Q13319,2,331,A,0.0009041769
WT_Q13319,Q13319,2,332,A,0.0013068279
WT_Q13319,Q13319,2,333,A,0.0007204182
WT_Q13319,Q13319,2,334,S,0.0009137286
WT_Q13319,Q13319,2,335,G,0.0007660634
WT_Q13319,Q13319,2,336,G,0.0007883165
WT_Q13319,Q13319,2,337,G,0.0009996432
WT_Q13319,Q13319,2,338,P,0.00080835837
WT_Q13319,Q13319,2,339,P,0.0007896272
WT_Q13319,Q13319,2,340,S,0.0009780985
WT_Q13319,Q13319,2,341,G,0.00078843284
WT_Q13319,Q13319,2,342,G,0.0010148446
WT_Q13319,Q13319,2,343,A,0.0014241866
WT_Q13319,Q13319,2,344,P,0.0012389913
WT_Q13319,Q13319,2,345,A,0.0014466753
WT_Q13319,Q13319,2,346,A,0.0022194711
WT_Q13319,Q13319,2,347,S,0.0022229683
WT_Q13319,Q13319,2,348,S,0.0016563416
WT_Q13319,Q13319,2,349,A,0.0013184713
WT_Q13319,Q13319,2,350,A,0.0010831055
WT_Q13319,Q13319,2,351,R,0.0017189084
WT_Q13319,Q13319,2,352,D,0.0014123468
WT_Q13319,Q13319,2,353,S,0.0023832438
WT_Q13319,Q13319,2,354,C,0.0020024877
WT_Q13319,Q13319,2,355,A,0.001468923
WT_Q13319,Q13319,2,356,A,0.0012181407
WT_Q13319,Q13319,2,357,G,0.0018066413
WT_Q13319,Q13319,2,358,T,0.0036200664
WT_Q13319,Q13319,2,359,K,0.002251117
WT_Q13319,Q13319,2,360,H,0.0017402761
WT_Q13319,Q13319,2,361,W,0.0024698991
WT_Q13319,Q13319,2,362,T,0.0049163494
WT_Q13319,Q13319,2,363,M,0.004736893
WT_Q13319,Q13319,2,364,N,0.0031873619
WT_Q13319,Q13319,2,365,L,0.0030365179
WT_Q13319,Q13319,2,366,D,0.00430215
WT_Q13319,Q13319,2,367,R,0.0037094622
WT_P50579,P50579,3,1,M,0.0005651746
WT_P50579,P50579,3,2,A,0.0008308664
WT_P50579,P50579,3,3,G,0.0043733725
WT_P50579,P50579,3,4,V,0.0013420242
WT_P50579,P50579,3,5,E,0.00071621034
WT_P50579,P50579,3,6,E,0.0007853037
WT_P50579,P50579,3,7,V,0.0009548461
WT_P50579,P50579,3,8,A,0.0017202086
WT_P50579,P50579,3,9,A,0.004886689
WT_P50579,P50579,3,10,S,0.0013932871
WT_P50579,P50579,3,11,G,0.0020197083
WT_P50579,P50579,3,12,S,0.0021670426
WT_P50579,P50579,3,13,H,0.0012018
WT_P50579,P50579,3,14,L,0.00396797
WT_P50579,P50579,3,15,N,0.0013911322
WT_P50579,P50579,3,16,G,0.002160242
WT_P50579,P50579,3,17,D,0.0019933847
WT_P50579,P50579,3,18,L,0.0023948073
WT_P50579,P50579,3,19,D,0.0012958195
WT_P50579,P50579,3,20,P,0.0033636605
WT_P50579,P50579,3,21,D,0.0009134621
WT_P50579,P50579,3,22,D,0.0014088355
WT_P50579,P50579,3,23,R,0.0032461446
WT_P50579,P50579,3,24,E,0.00085219025
WT_P50579,P50579,3,25,E,0.00073033816
WT_P50579,P50579,3,26,G,0.0012430509
WT_P50579,P50579,3,27,A,0.002093147
WT_P50579,P50579,3,28,A,0.00475527
WT_P50579,P50579,3,29,S,0.0018946724
WT_P50579,P50579,3,30,T,0.0009646332
WT_P50579,P50579,3,31,A,0.001000753
WT_P50579,P50579,3,32,E,0.0015264766
WT_P50579,P50579,3,33,E,0.0013271306
WT_P50579,P50579,3,34,A,0.0011676829
WT_P50579,P50579,3,35,A,0.00147837
WT_P50579,P50579,3,36,K,0.0017474862
WT_P50579,P50579,3,37,K,0.0013575499
WT_P50579,P50579,3,38,K,0.0012702999
WT_P50579,P50579,3,39,R,0.0011047085
WT_P50579,P50579,3,40,R,0.0012086369
WT_P50579,P50579,3,41,K,0.0011586075
WT_P50579,P50579,3,42,K,0.0008482481
WT_P50579,P50579,3,43,K,0.0009549909
WT_P50579,P50579,3,44,K,0.0010195209
WT_P50579,P50579,3,45,S,0.0012968379
WT_P50579,P50579,3,46,K,0.00076968566
WT_P50579,P50579,3,47,G,0.0009240234
WT_P50579,P50579,3,48,P,0.00084424147
WT_P50579,P50579,3,49,S,0.0012166585
WT_P50579,P50579,3,50,A,0.0021052836
WT_P50579,P50579,3,51,A,0.0016589736
WT_P50579,P50579,3,52,G,0.001248142
WT_P50579,P50579,3,53,E,0.0031928236
WT_P50579,P50579,3,54,Q,0.0010588404
WT_P50579,P50579,3,55,E,0.001487058
WT_P50579,P50579,3,56,P,0.0010238625
WT_P50579,P50579,3,57,D,0.0016322943
WT_P50579,P50579,3,58,K,0.0016430789
WT_P50579,P50579,3,59,E,0.0017217546
WT_P50579,P50579,3,60,S,0.0011002865
WT_P50579,P50579,3,61,G,0.0012779855
WT_P50579,P50579,3,62,A,0.0012710943
WT_P50579,P50579,3,63,S,0.0012052386
WT_P50579,P50579,3,64,V,0.0010983302
WT_P50579,P50579,3,65,D,0.00085461116
WT_P50579,P50579,3,66,E,0.0007444991
WT_P50579,P50579,3,67,V,0.0023202887
WT_P50579,P50579,3,68,A,0.0022368554
WT_P50579,P50579,3,69,R,0.0012481114
WT_P50579,P50579,3,70,Q,0.00094434846
WT_P50579,P50579,3,71,L,0.004455938
WT_P50579,P50579,3,72,E,0.0011246251
WT_P50579,P50579,3,73,R,0.0010851031
WT_P50579,P50579,3,74,S,0.0035310588
WT_P50579,P50579,3,75,A,0.0018513328
WT_P50579,P50579,3,76,L,0.00120311
WT_P50579,P50579,3,77,E,0.0009535374
WT_P50579,P50579,3,78,D,0.0011171614
WT_P50579,P50579,3,79,K,0.001630879
WT_P50579,P50579,3,80,E,0.0011952083
WT_P50579,P50579,3,81,R,0.0021769684
WT_P50579,P50579,3,82,D,0.0014504943
WT_P50579,P50579,3,83,E,0.0018876329
WT_P50579,P50579,3,84,D,0.0017523657
WT_P50579,P50579,3,85,D,0.0017559582
WT_P50579,P50579,3,86,E,0.0014082734
WT_P50579,P50579,3,87,D,0.0015617003
WT_P50579,P50579,3,88,G,0.0031938278
WT_P50579,P50579,3,89,D,0.0017172978
WT_P50579,P50579,3,90,G,0.0021050037
WT_P50579,P50579,3,91,D,0.0014213605
WT_P50579,P50579,3,92,G,0.0019412447
WT_P50579,P50579,3,93,D,0.0017619743
WT_P50579,P50579,3,94,G,0.0011800786
WT_P50579,P50579,3,95,A,0.0014343596
WT_P50579,P50579,3,96,T,0.0012741787
WT_P50579,P50579,3,97,G,0.0008341683
WT_P50579,P50579,3,98,K,0.0019030839
WT_P50579,P50579,3,99,K,0.0013319642
WT_P50579,P50579,3,100,K,0.00093245175
WT_P50579,P50579,3,101,K,0.0009887471
WT_P50579,P50579,3,102,K,0.0010139117
WT_P50579,P50579,3,103,K,0.0012927669
WT_P50579,P50579,3,104,K,0.0018326016
WT_P50579,P50579,3,105,K,0.0021366172
WT_P50579,P50579,3,106,K,0.001598496
WT_P50579,P50579,3,107,R,0.0023613751
WT_P50579,P50579,3,108,G,0.0007844167
WT_P50579,P50579,3,109,P,0.0010038193
WT_P50579,P50579,3,110,K,0.0014665282
WT_P50579,P50579,3,111,V,0.0010860058
WT_P50579,P50579,3,112,Q,0.0011336425
WT_P50579,P50579,3,113,T,0.001860515
WT_P50579,P50579,3,114,D,0.010510386
WT_P50579,P50579,3,115,P,0.0013333642
WT_P50579,P50579,3,116,P,0.0009509751
WT_P50579,P50579,3,117,S,0.0012601746
WT_P50579,P50579,3,118,V,0.0012686999
WT_P50579,P50579,3,119,P,0.0011101698
WT_P50579,P50579,3,120,I,0.0011667635
WT_P50579,P50579,3,121,C,0.0018927288
WT_P50579,P50579,3,122,D,0.00083474274
WT_P50579,P50579,3,123,L,0.0017311889
WT_P50579,P50579,3,124,Y,0.002187964
WT_P50579,P50579,3,125,P,0.0013039773
WT_P50579,P50579,3,126,N,0.00083974114
WT_P50579,P50579,3,127,G,0.0016201846
WT_P50579,P50579,3,128,V,0.0011852003
WT_P50579,P50579,3,129,F,0.0017863053
WT_P50579,P50579,3,130,P,0.0030092518
WT_P50579,P50579,3,131,K,0.0010099105
WT_P50579,P50579,3,132,G,0.0018108696
WT_P50579,P50579,3,133,Q,0.0016160568
WT_P50579,P50579,3,134,E,0.0015398288
WT_P50579,P50579,3,135,C,0.0027832678
WT_P50579,P50579,3,136,E,0.0019955316
WT_P50579,P50579,3,137,Y,0.0018690053
WT_P50579,P50579,3,138,P,0.00239101
WT_P50579,P50579,3,139,P,0.0017057041
WT_P50579,P50579,3,140,T,0.0024510322
WT_P50579,P50579,3,141,Q,0.0020932355
WT_P50579,P50579,3,142,D,0.0011404405
WT_P50579,P50579,3,143,G,0.0018941697
WT_P50579,P50579,3,144,R,0.0013802501
WT_P50579,P50579,3,145,T,0.0015492261
WT_P50579,P50579,3,146,A,0.0012274126
WT_P50579,P50579,3,147,A,0.0012158784
WT_P50579,P50579,3,148,W,0.0015743751
WT_P50579,P50579,3,149,R,0.0029900651
WT_P50579,P50579,3,150,T,0.001231687
WT_P50579,P50579,3,151,T,0.0014789626
WT_P50579,P50579,3,152,S,0.0013824067
WT_P50579,P50579,3,153,E,0.00090156525
WT_P50579,P50579,3,154,E,0.0009609066
WT_P50579,P50579,3,155,K,0.0018071361
WT_P50579,P50579,3,156,K,0.0012371651
WT_P50579,P50579,3,157,A,0.0007592097
WT_P50579,P50579,3,158,L,0.0010473122
WT_P50579,P50579,3,159,D,0.0021862064
WT_P50579,P50579,3,160,Q,0.0037396946
WT_P50579,P50579,3,161,A,0.0011684857
WT_P50579,P50579,3,162,S,0.0019824815
WT_P50579,P50579,3,163,E,0.0009410326
WT_P50579,P50579,3,164,E,0.00055395975
WT_P50579,P50579,3,165,I,0.001976279
WT_P50579,P50579,3,166,W,0.0014438595
WT_P50579,P50579,3,167,N,0.00071304064
WT_P50579,P50579,3,168,D,0.0006673214
WT_P50579,P50579,3,169,F,0.00203915
WT_P50579,P50579,3,170,R,0.0011263577
WT_P50579,P50579,3,171,E,0.0010391643
WT_P50579,P50579,3,172,A,0.00081565767
WT_P50579,P50579,3,173,A,0.0011922069
WT_P50579,P50579,3,174,E,0.0011756155
WT_P50579,P50579,3,175,A,0.0025348344
WT_P50579,P50579,3,176,H,0.008737722
WT_P50579,P50579,3,177,R,0.00045595702
WT_P50579,P50579,3,178,Q,0.0003940152
WT_P50579,P50579,3,179,V,0.00072516024
WT_P50579,P50579,3,180,R,0.0003503563
WT_P50579,P50579,3,181,K,0.00046957962
WT_P50579,P50579,3,182,Y,0.0018055883
WT_P50579,P50579,3,183,V,0.00046253053
WT_P50579,P50579,3,184,M,0.0014397246
WT_P50579,P50579,3,185,S,0.00043477246
WT_P50579,P50579,3,186,W,0.0011276708
WT_P50579,P50579,3,187,I,0.000584298
WT_P50579,P50579,3,188,K,0.00049974304
WT_P50579,P50579,3,189,P,0.0014875946
WT_P50579,P50579,3,190,G,0.0006221738
WT_P50579,P50579,3,191,M,0.0014939064
WT_P50579,P50579,3,192,T,0.00039090498
WT_P50579,P50579,3,193,M,0.00089268724
WT_P50579,P50579,3,194,I,0.008069104
WT_P50579,P50579,3,195,E,0.0009906229
WT_P50579,P50579,3,196,I,0.0008055745
WT_P50579,P50579,3,197,C,0.0018254
WT_P50579,P50579,3,198,E,0.0009060977
WT_P50579,P50579,3,199,K,0.0007785664
WT_P50579,P50579,3,200,L,0.0012174359
WT_P50579,P50579,3,201,E,0.00067094597
WT_P50579,P50579,3,202,D,0.0011765453
WT_P50579,P50579,3,203,C,0.00173157
WT_P50579,P50579,3,204,S,0.01350248
WT_P50579,P50579,3,205,R,0.0006327474
WT_P50579,P50579,3,206,K,0.0017729193
WT_P50579,P50579,3,207,L,0.0032503463
WT_P50579,P50579,3,208,I,0.0013621064
WT_P50579,P50579,3,209,K,0.0006830046
WT_P50579,P50579,3,210,E,0.0015300949
WT_P50579,P50579,3,211,N,0.0007647226
WT_P50579,P50579,3,212,G,0.000923043
WT_P50579,P50579,3,213,L,0.0011082235
WT_P50579,P50579,3,214,N,0.00093298574
WT_P50579,P50579,3,215,A,0.0007559359
WT_P50579,P50579,3,216,G,0.0007733473
WT_P50579,P50579,3,217,L,0.008226377
WT_P50579,P50579,3,218,A,0.0009735675
WT_P50579,P50579,3,219,F,0.0031349473
WT_P50579,P50579,3,220,P,0.0012946015
WT_P50579,P50579,3,221,T,0.0009059667
WT_P50579,P50579,3,222,G,0.0014706516
WT_P50579,P50579,3,223,C,0.0104387775
WT_P50579,P50579,3,224,S,0.009587204
WT_P50579,P50579,3,225,L,0.0008828599
WT_P50579,P50579,3,226,N,0.0005943865
WT_P50579,P50579,3,227,N,0.0030827126
WT_P50579,P50579,3,228,C,0.0020941568
WT_P50579,P50579,3,229,A,0.0009845668
WT_P50579,P50579,3,230,A,0.0015192983
WT_P50579,P50579,3,231,H,0.0052374788
WT_P50579,P50579,3,232,Y,0.0033858668
WT_P50579,P50579,3,233,T,0.008879442
WT_P50579,P50579,3,234,P,0.00091795606
WT_P50579,P50579,3,235,N,0.0059489077
WT_P50579,P50579,3,236,A,0.0013806986
WT_P50579,P50579,3,237,G,0.00068645773
WT_P50579,P50579,3,238,D,0.00054246344
WT_P50579,P50579,3,239,T,0.0014943461
WT_P50579,P50579,3,240,T,0.0009240142
WT_P50579,P50579,3,241,V,0.0010853152
WT_P50579,P50579,3,242,L,0.0011504708
WT_P50579,P50579,3,243,Q,0.00080647663
WT_P50579,P50579,3,244,Y,0.003403305
WT_P50579,P50579,3,245,D,0.0018033345
WT_P50579,P50579,3,246,D,0.0008739166
WT_P50579,P50579,3,247,I,0.0003754575
WT_P50579,P50579,3,248,C,0.0069759646
WT_P50579,P50579,3,249,K,0.0059683328
WT_P50579,P50579,3,250,I,0.0015807683
WT_P50579,P50579,3,251,D,0.004303584
WT_P50579,P50579,3,252,F,0.004284356
WT_P50579,P50579,3,253,G,0.0028672984
WT_P50579,P50579,3,254,T,0.0012303996
WT_P50579,P50579,3,255,H,0.028025221
WT_P50579,P50579,3,256,I,0.0012748757
WT_P50579,P50579,3,257,S,0.0022347763
WT_P50579,P50579,3,258,G,0.0010322309
WT_P50579,P50579,3,259,R,0.0010739428
WT_P50579,P50579,3,260,I,0.0075500617
WT_P50579,P50579,3,261,I,0.003095608
WT_P50579,P50579,3,262,D,0.004943807
WT_P50579,P50579,3,263,C,0.011267756
WT_P50579,P50579,3,264,A,0.0013140129
WT_P50579,P50579,3,265,F,0.0026447761
WT_P50579,P50579,3,266,T,0.0018108919
WT_P50579,P50579,3,267,V,0.0017779445
WT_P50579,P50579,3,268,T,0.0035527165
WT_P50579,P50579,3,269,F,0.0011228916
WT_P50579,P50579,3,270,N,0.00047461098
WT_P50579,P50579,3,271,P,0.00068731245
WT_P50579,P50579,3,272,K,0.0004997475
WT_P50579,P50579,3,273,Y,0.0067428583
WT_P50579,P50579,3,274,D,0.00069355645
WT_P50579,P50579,3,275,T,0.01417511
WT_P50579,P50579,3,276,L,0.0007008806
WT_P50579,P50579,3,277,L,0.000525292
WT_P50579,P50579,3,278,K,0.00080224394
WT_P50579,P50579,3,279,A,0.0010240423
WT_P50579,P50579,3,280,V,0.00061294687
WT_P50579,P50579,3,281,K,0.0007630178
WT_P50579,P50579,3,282,D,0.0014465088
WT_P50579,P50579,3,283,A,0.0010687859
WT_P50579,P50579,3,284,T,0.0014100354
WT_P50579,P50579,3,285,N,0.00065945374
WT_P50579,P50579,3,286,T,0.0006210964
WT_P50579,P50579,3,287,G,0.00070164853
WT_P50579,P50579,3,288,I,0.00058609404
WT_P50579,P50579,3,289,K,0.00053415314
WT_P50579,P50579,3,290,C,0.0016516594
WT_P50579,P50579,3,291,A,0.00090927613
WT_P50579,P50579,3,292,G,0.00060897187
WT_P50579,P50579,3,293,I,0.0011987266
WT_P50579,P50579,3,294,D,0.0028400908
WT_P50579,P50579,3,295,V,0.0006812399
WT_P50579,P50579,3,296,R,0.00050344487
WT_P50579,P50579,3,297,L,0.0015569011
WT_P50579,P50579,3,298,C,0.016900873
WT_P50579,P50579,3,299,D,0.0063799154
WT_P50579,P50579,3,300,V,0.0023787112
WT_P50579,P50579,3,301,G,0.001657265
WT_P50579,P50579,3,302,E,0.0015584285
WT_P50579,P50579,3,303,A,0.0007489385
WT_P50579,P50579,3,304,I,0.0009999949
WT_P50579,P50579,3,305,Q,0.0007957163
WT_P50579,P50579,3,306,E,0.00039495467
WT_P50579,P50579,3,307,V,0.00039341114
WT_P50579,P50579,3,308,M,0.0034482046
WT_P50579,P50579,3,309,E,0.00040999593
WT_P50579,P50579,3,310,S,0.0011856713
WT_P50579,P50579,3,311,Y,0.0011227066
WT_P50579,P50579,3,312,E,0.0005056008
WT_P50579,P50579,3,313,V,0.00032767616
WT_P50579,P50579,3,314,E,0.0010010937
WT_P50579,P50579,3,315,I,0.0028615831
WT_P50579,P50579,3,316,D,0.0019163912
WT_P50579,P50579,3,317,G,0.00089003873
WT_P50579,P50579,3,318,K,0.000708937
WT_P50579,P50579,3,319,T,0.0017794422
WT_P50579,P50579,3,320,Y,0.0016516758
WT_P50579,P50579,3,321,Q,0.005041166
WT_P50579,P50579,3,322,V,0.0007848642
WT_P50579,P50579,3,323,K,0.001155528
WT_P50579,P50579,3,324,P,0.007878403
WT_P50579,P50579,3,325,I,0.0009414627
WT_P50579,P50579,3,326,R,0.0024981408
WT_P50579,P50579,3,327,N,0.00077488733
WT_P50579,P50579,3,328,L,0.0022717656
WT_P50579,P50579,3,329,N,0.0015917019
WT_P50579,P50579,3,330,G,0.0017291909
WT_P50579,P50579,3,331,H,0.0024931903
WT_P50579,P50579,3,332,S,0.0021249836
WT_P50579,P50579,3,333,I,0.0011639054
WT_P50579,P50579,3,334,G,0.0012654201
WT_P50579,P50579,3,335,Q,0.0011317123
WT_P50579,P50579,3,336,Y,0.0019376235
WT_P50579,P50579,3,337,R,0.0010531396
WT_P50579,P50579,3,338,I,0.00088618207
WT_P50579,P50579,3,339,H,0.0021309953
WT_P50579,P50579,3,340,A,0.0013561988
WT_P50579,P50579,3,341,G,0.0009031149
WT_P50579,P50579,3,342,K,0.00041537543
WT_P50579,P50579,3,343,T,0.0026036922
WT_P50579,P50579,3,344,V,0.0004664562
WT_P50579,P50579,3,345,P,0.0010884921
WT_P50579,P50579,3,346,I,0.0035306027
WT_P50579,P50579,3,347,V,0.0019442199
WT_P50579,P50579,3,348,K,0.0015373621
WT_P50579,P50579,3,349,G,0.0027846321
WT_P50579,P50579,3,350,G,0.0011314193
WT_P50579,P50579,3,351,E,0.00045260388
WT_P50579,P50579,3,352,A,0.00055766007
WT_P50579,P50579,3,353,T,0.0019691992
WT_P50579,P50579,3,354,R,0.0011898268
WT_P50579,P50579,3,355,M,0.00055586745
WT_P50579,P50579,3,356,E,0.001656143
WT_P50579,P50579,3,357,E,0.00056480744
WT_P50579,P50579,3,358,G,0.00055653736
WT_P50579,P50579,3,359,E,0.0020365166
WT_P50579,P50579,3,360,V,0.0005422819
WT_P50579,P50579,3,361,Y,0.00416978
WT_P50579,P50579,3,362,A,0.0016460976
WT_P50579,P50579,3,363,I,0.0015213456
WT_P50579,P50579,3,364,E,0.0011909622
WT_P50579,P50579,3,365,T,0.0016350228
WT_P50579,P50579,3,366,F,0.0026921432
WT_P50579,P50579,3,367,G,0.0014676529
WT_P50579,P50579,3,368,S,0.0018541154
WT_P50579,P50579,3,369,T,0.00146791
WT_P50579,P50579,3,370,G,0.0003554717
WT_P50579,P50579,3,371,K,0.00235431
WT_P50579,P50579,3,372,G,0.0007582445
WT_P50579,P50579,3,373,V,0.0006638962
WT_P50579,P50579,3,374,V,0.001239988
WT_P50579,P50579,3,375,H,0.0012032246
WT_P50579,P50579,3,376,D,0.0009845898
WT_P50579,P50579,3,377,D,0.0019475594
WT_P50579,P50579,3,378,M,0.00068157574
WT_P50579,P50579,3,379,E,0.0016208155
WT_P50579,P50579,3,380,C,0.007868324
WT_P50579,P50579,3,381,S,0.038680904
WT_P50579,P50579,3,382,H,0.009673424
WT_P50579,P50579,3,383,Y,0.0029441298
WT_P50579,P50579,3,384,M,0.0022045602
WT_P50579,P50579,3,385,K,0.001434329
WT_P50579,P50579,3,386,N,0.0019363449
WT_P50579,P50579,3,387,F,0.0032350954
WT_P50579,P50579,3,388,D,0.004196072
WT_P50579,P50579,3,389,V,0.0008607365
WT_P50579,P50579,3,390,G,0.0010155173
WT_P50579,P50579,3,391,H,0.002124222
WT_P50579,P50579,3,392,V,0.0015228802
WT_P50579,P50579,3,393,P,0.0019151036
WT_P50579,P50579,3,394,I,0.0013714097
WT_P50579,P50579,3,395,R,0.0004766743
WT_P50579,P50579,3,396,L,0.00106539
WT_P50579,P50579,3,397,P,0.00076261983
WT_P50579,P50579,3,398,R,0.0012864266
WT_P50579,P50579,3,399,T,0.0016944743
WT_P50579,P50579,3,400,K,0.0005550883
WT_P50579,P50579,3,401,H,0.00088169443
WT_P50579,P50579,3,402,L,0.0013232692
WT_P50579,P50579,3,403,L,0.0043239845
WT_P50579,P50579,3,404,N,0.0014184739
WT_P50579,P50579,3,405,V,0.0038415554
WT_P50579,P50579,3,406,I,0.0011227054
WT_P50579,P50579,3,407,N,0.0026424462
WT_P50579,P50579,3,408,E,0.00091132935
WT_P50579,P50579,3,409,N,0.0007655681
WT_P50579,P50579,3,410,F,0.0008809447
WT_P50579,P50579,3,411,G,0.00074429036
WT_P50579,P50579,3,412,T,0.00240966
WT_P50579,P50579,3,413,L,0.0021417015
WT_P50579,P50579,3,414,A,0.004229914
WT_P50579,P50579,3,415,F,0.0013232455
WT_P50579,P50579,3,416,C,0.00276732
WT_P50579,P50579,3,417,R,0.0013692407
WT_P50579,P50579,3,418,R,0.0003940308
WT_P50579,P50579,3,419,W,0.004520596
WT_P50579,P50579,3,420,L,0.0007613551
WT_P50579,P50579,3,421,D,0.0015395324
WT_P50579,P50579,3,422,R,0.00074370793
WT_P50579,P50579,3,423,L,0.0007081237
WT_P50579,P50579,3,424,G,0.0017456043
WT_P50579,P50579,3,425,E,0.002669923
WT_P50579,P50579,3,426,S,0.0016512844
WT_P50579,P50579,3,427,K,0.0005857232
WT_P50579,P50579,3,428,Y,0.0016612589
WT_P50579,P50579,3,429,L,0.0009552807
WT_P50579,P50579,3,430,M,0.001813135
WT_P50579,P50579,3,431,A,0.0014676669
WT_P50579,P50579,3,432,L,0.0014991293
WT_P50579,P50579,3,433,K,0.000740509
WT_P50579,P50579,3,434,N,0.0008806297
WT_P50579,P50579,3,435,L,0.0011180438
WT_P50579,P50579,3,436,C,0.001584403
WT_P50579,P50579,3,437,D,0.0010986427
WT_P50579,P50579,3,438,L,0.0011658091
WT_P50579,P50579,3,439,G,0.0009422945
WT_P50579,P50579,3,440,I,0.00053660746
WT_P50579,P50579,3,441,V,0.0010052497
WT_P50579,P50579,3,442,D,0.005719153
WT_P50579,P50579,3,443,P,0.0014653867
WT_P50579,P50579,3,444,Y,0.0050134296
WT_P50579,P50579,3,445,P,0.0024954278
WT_P50579,P50579,3,446,P,0.00130679
WT_P50579,P50579,3,447,L,0.0014047354
WT_P50579,P50579,3,448,C,0.011287318
WT_P50579,P50579,3,449,D,0.0010155545
WT_P50579,P50579,3,450,I,0.002182524
WT_P50579,P50579,3,451,K,0.0012381168
WT_P50579,P50579,3,452,G,0.000994907
WT_P50579,P50579,3,453,S,0.0017268929
WT_P50579,P50579,3,454,Y,0.00375075
WT_P50579,P50579,3,455,T,0.0013379515
WT_P50579,P50579,3,456,A,0.0015682768
WT_P50579,P50579,3,457,Q,0.0039138487
WT_P50579,P50579,3,458,F,0.0065331133
WT_P50579,P50579,3,459,E,0.00081751985
WT_P50579,P50579,3,460,H,0.02918674
WT_P50579,P50579,3,461,T,0.0046746396
WT_P50579,P50579,3,462,I,0.00089482364
WT_P50579,P50579,3,463,L,0.0025013792
WT_P50579,P50579,3,464,L,0.0034797362
WT_P50579,P50579,3,465,R,0.0014187051
WT_P50579,P50579,3,466,P,0.001885344
WT_P50579,P50579,3,467,T,0.0018409728
WT_P50579,P50579,3,468,C,0.0014206789
WT_P50579,P50579,3,469,K,0.005952531
WT_P50579,P50579,3,470,E,0.0015455218
WT_P50579,P50579,3,471,V,0.001125846
WT_P50579,P50579,3,472,V,0.001585077
WT_P50579,P50579,3,473,S,0.0011763639
WT_P50579,P50579,3,474,R,0.0009532163
WT_P50579,P50579,3,475,G,0.00068246404
WT_P50579,P50579,3,476,D,0.0026122658
WT_P50579,P50579,3,477,D,0.0022330997
WT_P50579,P50579,3,478,Y,0.0009604738
WT_P50579-3,P50579-3,4,1,M,0.00060879585
WT_P50579-3,P50579-3,4,2,A,0.0009999857
WT_P50579-3,P50579-3,4,3,G,0.006114619
WT_P50579-3,P50579-3,4,4,V,0.0012845104
WT_P50579-3,P50579-3,4,5,E,0.00080284267
WT_P50579-3,P50579-3,4,6,E,0.00084014784
WT_P50579-3,P50579-3,4,7,V,0.0009185039
WT_P50579-3,P50579-3,4,8,A,0.0018391424
WT_P50579-3,P50579-3,4,9,A,0.0058269007
WT_P50579-3,P50579-3,4,10,S,0.0014322102
WT_P50579-3,P50579-3,4,11,G,0.0016978688
WT_P50579-3,P50579-3,4,12,S,0.0024357627
WT_P50579-3,P50579-3,4,13,H,0.0012025879
WT_P50579-3,P50579-3,4,14,L,0.0044887336
WT_P50579-3,P50579-3,4,15,N,0.001415741
WT_P50579-3,P50579-3,4,16,G,0.0023349344
WT_P50579-3,P50579-3,4,17,D,0.0027005768
WT_P50579-3,P50579-3,4,18,L,0.0027296992
WT_P50579-3,P50579-3,4,19,D,0.0016318784
WT_P50579-3,P50579-3,4,20,P,0.0031408418
WT_P50579-3,P50579-3,4,21,D,0.00083349744
WT_P50579-3,P50579-3,4,22,D,0.0013942855
WT_P50579-3,P50579-3,4,23,R,0.0030206325
WT_P50579-3,P50579-3,4,24,E,0.00088046206
WT_P50579-3,P50579-3,4,25,E,0.0007613039
WT_P50579-3,P50579-3,4,26,G,0.0013025994
WT_P50579-3,P50579-3,4,27,A,0.0024659121
WT_P50579-3,P50579-3,4,28,A,0.0055912607
WT_P50579-3,P50579-3,4,29,S,0.0021946148
WT_P50579-3,P50579-3,4,30,T,0.0010776871
WT_P50579-3,P50579-3,4,31,A,0.0011363528
WT_P50579-3,P50579-3,4,32,E,0.0016105088
WT_P50579-3,P50579-3,4,33,E,0.0013568484
WT_P50579-3,P50579-3,4,34,A,0.0012952803
WT_P50579-3,P50579-3,4,35,A,0.0016030371
WT_P50579-3,P50579-3,4,36,K,0.0019101435
WT_P50579-3,P50579-3,4,37,K,0.001522033
WT_P50579-3,P50579-3,4,38,K,0.0013155728
WT_P50579-3,P50579-3,4,39,R,0.001253077
WT_P50579-3,P50579-3,4,40,R,0.0012743911
WT_P50579-3,P50579-3,4,41,K,0.0010903553
WT_P50579-3,P50579-3,4,42,K,0.00082404254
WT_P50579-3,P50579-3,4,43,K,0.00097602606
WT_P50579-3,P50579-3,4,44,K,0.001048918
WT_P50579-3,P50579-3,4,45,S,0.0013118587
WT_P50579-3,P50579-3,4,46,K,0.00082441146
WT_P50579-3,P50579-3,4,47,G,0.0009063932
WT_P50579-3,P50579-3,4,48,P,0.00089125644
WT_P50579-3,P50579-3,4,49,S,0.0013039282
WT_P50579-3,P50579-3,4,50,A,0.002195066
WT_P50579-3,P50579-3,4,51,A,0.0016322478
WT_P50579-3,P50579-3,4,52,G,0.001289772
WT_P50579-3,P50579-3,4,53,E,0.0030167517
WT_P50579-3,P50579-3,4,54,Q,0.0010899983
WT_P50579-3,P50579-3,4,55,E,0.0014668041
WT_P50579-3,P50579-3,4,56,P,0.0010453991
WT_P50579-3,P50579-3,4,57,D,0.0018375731
WT_P50579-3,P50579-3,4,58,K,0.001657224
WT_P50579-3,P50579-3,4,59,E,0.0016763869
WT_P50579-3,P50579-3,4,60,S,0.0011714593
WT_P50579-3,P50579-3,4,61,G,0.0013145156
WT_P50579-3,P50579-3,4,62,A,0.0013121633
WT_P50579-3,P50579-3,4,63,S,0.0011820353
WT_P50579-3,P50579-3,4,64,V,0.0011222623
WT_P50579-3,P50579-3,4,65,D,0.00093408045
WT_P50579-3,P50579-3,4,66,E,0.0007053864
WT_P50579-3,P50579-3,4,67,V,0.0022318573
WT_P50579-3,P50579-3,4,68,A,0.0017926292
WT_P50579-3,P50579-3,4,69,R,0.0013015163
WT_P50579-3,P50579-3,4,70,Q,0.000941687
WT_P50579-3,P50579-3,4,71,L,0.0049682558
WT_P50579-3,P50579-3,4,72,E,0.0011201871
WT_P50579-3,P50579-3,4,73,R,0.0010485254
WT_P50579-3,P50579-3,4,74,S,0.0041271634
WT_P50579-3,P50579-3,4,75,A,0.0019276734
WT_P50579-3,P50579-3,4,76,L,0.0014253483
WT_P50579-3,P50579-3,4,77,E,0.0012665603
WT_P50579-3,P50579-3,4,78,D,0.001220868
WT_P50579-3,P50579-3,4,79,K,0.0016825863
WT_P50579-3,P50579-3,4,80,E,0.0010936813
WT_P50579-3,P50579-3,4,81,R,0.0022405754
WT_P50579-3,P50579-3,4,82,D,0.0013118057
WT_P50579-3,P50579-3,4,83,E,0.0019192178
WT_P50579-3,P50579-3,4,84,D,0.0016456611
WT_P50579-3,P50579-3,4,85,D,0.0016850712
WT_P50579-3,P50579-3,4,86,E,0.0016003592
WT_P50579-3,P50579-3,4,87,D,0.0014521043
WT_P50579-3,P50579-3,4,88,G,0.003092907
WT_P50579-3,P50579-3,4,89,D,0.0013563057
WT_P50579-3,P50579-3,4,90,G,0.0021385814
WT_P50579-3,P50579-3,4,91,D,0.0011376183
WT_P50579-3,P50579-3,4,92,G,0.0021499954
WT_P50579-3,P50579-3,4,93,D,0.0015976037
WT_P50579-3,P50579-3,4,94,G,0.0012032981
WT_P50579-3,P50579-3,4,95,A,0.0014158395
WT_P50579-3,P50579-3,4,96,T,0.0013401733
WT_P50579-3,P50579-3,4,97,G,0.00081759255
WT_P50579-3,P50579-3,4,98,K,0.0018170733
WT_P50579-3,P50579-3,4,99,K,0.0010443334
WT_P50579-3,P50579-3,4,100,K,0.0009879146
WT_P50579-3,P50579-3,4,101,K,0.0010519719
WT_P50579-3,P50579-3,4,102,K,0.0011700543
WT_P50579-3,P50579-3,4,103,K,0.0015471665
WT_P50579-3,P50579-3,4,104,K,0.0019445096
WT_P50579-3,P50579-3,4,105,K,0.0027423047
WT_P50579-3,P50579-3,4,106,K,0.0021994186
WT_P50579-3,P50579-3,4,107,R,0.003519942
WT_P50579-3,P50579-3,4,108,G,0.0014924426
WT_P50579-3,P50579-3,4,109,R,0.0027764079
WT_P50579-3,P50579-3,4,110,Q,0.0017690485
WT_P50579-3,P50579-3,4,111,E,0.0017388663
WT_P50579-3,P50579-3,4,112,C,0.0021306647
WT_P50579-3,P50579-3,4,113,E,0.005792484
WT_P50579-3,P50579-3,4,114,Y,0.001323681
WT_P50579-3,P50579-3,4,115,P,0.0026364871
WT_P50579-3,P50579-3,4,116,P,0.0014705588
WT_P50579-3,P50579-3,4,117,T,0.002241461
WT_P50579-3,P50579-3,4,118,Q,0.0030293101
WT_P50579-3,P50579-3,4,119,D,0.0014557961
WT_P50579-3,P50579-3,4,120,G,0.002819285
WT_P50579-3,P50579-3,4,121,R,0.0013558075
WT_P50579-3,P50579-3,4,122,T,0.0017019653
WT_P50579-3,P50579-3,4,123,A,0.0011558117
WT_P50579-3,P50579-3,4,124,A,0.0012728621
WT_P50579-3,P50579-3,4,125,W,0.0017044765
WT_P50579-3,P50579-3,4,126,R,0.0025420417
WT_P50579-3,P50579-3,4,127,T,0.0013218557
WT_P50579-3,P50579-3,4,128,T,0.0014562359
WT_P50579-3,P50579-3,4,129,S,0.00141922
WT_P50579-3,P50579-3,4,130,E,0.0009124582
WT_P50579-3,P50579-3,4,131,E,0.0010594038
WT_P50579-3,P50579-3,4,132,K,0.0019108553
WT_P50579-3,P50579-3,4,133,K,0.0013410319
WT_P50579-3,P50579-3,4,134,A,0.0009403091
WT_P50579-3,P50579-3,4,135,L,0.0010539887
WT_P50579-3,P50579-3,4,136,D,0.0024130791
WT_P50579-3,P50579-3,4,137,Q,0.0045695663
WT_P50579-3,P50579-3,4,138,A,0.0010470698
WT_P50579-3,P50579-3,4,139,S,0.0021909373
WT_P50579-3,P50579-3,4,140,E,0.00095550914
WT_P50579-3,P50579-3,4,141,E,0.00059331366
WT_P50579-3,P50579-3,4,142,I,0.0022824416
WT_P50579-3,P50579-3,4,143,W,0.0015659734
WT_P50579-3,P50579-3,4,144,N,0.00072752236
WT_P50579-3,P50579-3,4,145,D,0.00074507284
WT_P50579-3,P50579-3,4,146,F,0.0022725388
WT_P50579-3,P50579-3,4,147,R,0.0012376584
WT_P50579-3,P50579-3,4,148,E,0.0011632021
WT_P50579-3,P50579-3,4,149,A,0.000866377
WT_P50579-3,P50579-3,4,150,A,0.0012169735
WT_P50579-3,P50579-3,4,151,E,0.0010465791
WT_P50579-3,P50579-3,4,152,A,0.0026053863
WT_P50579-3,P50579-3,4,153,H,0.010709872
WT_P50579-3,P50579-3,4,154,R,0.00049155403
WT_P50579-3,P50579-3,4,155,Q,0.00042931785
WT_P50579-3,P50579-3,4,156,V,0.00077208603
WT_P50579-3,P50579-3,4,157,R,0.000368987
WT_P50579-3,P50579-3,4,158,K,0.00046753316
WT_P50579-3,P50579-3,4,159,Y,0.0020541628
WT_P50579-3,P50579-3,4,160,V,0.00047052104
WT_P50579-3,P50579-3,4,161,M,0.0016752922
WT_P50579-3,P50579-3,4,162,S,0.00046178006
WT_P50579-3,P50579-3,4,163,W,0.001132572
WT_P50579-3,P50579-3,4,164,I,0.0006045055
WT_P50579-3,P50579-3,4,165,K,0.0005332808
WT_P50579-3,P50579-3,4,166,P,0.0015480223
WT_P50579-3,P50579-3,4,167,G,0.00064432004
WT_P50579-3,P50579-3,4,168,M,0.0016000608
WT_P50579-3,P50579-3,4,169,T,0.0004149868
WT_P50579-3,P50579-3,4,170,M,0.00093399134
WT_P50579-3,P50579-3,4,171,I,0.007420126
WT_P50579-3,P50579-3,4,172,E,0.0010395979
WT_P50579-3,P50579-3,4,173,I,0.0008140627
WT_P50579-3,P50579-3,4,174,C,0.0017160574
WT_P50579-3,P50579-3,4,175,E,0.0008981832
WT_P50579-3,P50579-3,4,176,K,0.00079202
WT_P50579-3,P50579-3,4,177,L,0.0010902439
WT_P50579-3,P50579-3,4,178,E,0.0006739992
WT_P50579-3,P50579-3,4,179,D,0.0011130967
WT_P50579-3,P50579-3,4,180,C,0.0016878536
WT_P50579-3,P50579-3,4,181,S,0.014106959
WT_P50579-3,P50579-3,4,182,R,0.0007166942
WT_P50579-3,P50579-3,4,183,K,0.0018985486
WT_P50579-3,P50579-3,4,184,L,0.0034079256
WT_P50579-3,P50579-3,4,185,I,0.001472698
WT_P50579-3,P50579-3,4,186,K,0.00071123306
WT_P50579-3,P50579-3,4,187,E,0.001689497
WT_P50579-3,P50579-3,4,188,N,0.0008006896
WT_P50579-3,P50579-3,4,189,G,0.0009363471
WT_P50579-3,P50579-3,4,190,L,0.0012734382
WT_P50579-3,P50579-3,4,191,N,0.0008596284
WT_P50579-3,P50579-3,4,192,A,0.000786292
WT_P50579-3,P50579-3,4,193,G,0.0008330373
WT_P50579-3,P50579-3,4,194,L,0.008952547
WT_P50579-3,P50579-3,4,195,A,0.001036635
WT_P50579-3,P50579-3,4,196,F,0.0028983674
WT_P50579-3,P50579-3,4,197,P,0.0012596574
WT_P50579-3,P50579-3,4,198,T,0.0009077707
WT_P50579-3,P50579-3,4,199,G,0.0014252906
WT_P50579-3,P50579-3,4,200,C,0.0107560055
WT_P50579-3,P50579-3,4,201,S,0.009816866
WT_P50579-3,P50579-3,4,202,L,0.00091880595
WT_P50579-3,P50579-3,4,203,N,0.0006101986
WT_P50579-3,P50579-3,4,204,N,0.0032460897
WT_P50579-3,P50579-3,4,205,C,0.0023307065
WT_P50579-3,P50579-3,4,206,A,0.0010727551
WT_P50579-3,P50579-3,4,207,A,0.0015320182
WT_P50579-3,P50579-3,4,208,H,0.005862156
WT_P50579-3,P50579-3,4,209,Y,0.003831174
WT_P50579-3,P50579-3,4,210,T,0.00872189
WT_P50579-3,P50579-3,4,211,P,0.00089888717
WT_P50579-3,P50579-3,4,212,N,0.0060793357
WT_P50579-3,P50579-3,4,213,A,0.0013464561
WT_P50579-3,P50579-3,4,214,G,0.0007536062
WT_P50579-3,P50579-3,4,215,D,0.000567806
WT_P50579-3,P50579-3,4,216,T,0.0016191704
WT_P50579-3,P50579-3,4,217,T,0.0009926612
WT_P50579-3,P50579-3,4,218,V,0.0011899539
WT_P50579-3,P50579-3,4,219,L,0.0012132385
WT_P50579-3,P50579-3,4,220,Q,0.0008269931
WT_P50579-3,P50579-3,4,221,Y,0.003414306
WT_P50579-3,P50579-3,4,222,D,0.0017048636
WT_P50579-3,P50579-3,4,223,D,0.00082715484
WT_P50579-3,P50579-3,4,224,I,0.00037376492
WT_P50579-3,P50579-3,4,225,C,0.0076711588
WT_P50579-3,P50579-3,4,226,K,0.006114346
WT_P50579-3,P50579-3,4,227,I,0.0018074181
WT_P50579-3,P50579-3,4,228,D,0.004471662
WT_P50579-3,P50579-3,4,229,F,0.0042575044
WT_P50579-3,P50579-3,4,230,G,0.0023068166
WT_P50579-3,P50579-3,4,231,T,0.0012535168
WT_P50579-3,P50579-3,4,232,H,0.026435409
WT_P50579-3,P50579-3,4,233,I,0.0013744788
WT_P50579-3,P50579-3,4,234,S,0.002154627
WT_P50579-3,P50579-3,4,235,G,0.0010617741
WT_P50579-3,P50579-3,4,236,R,0.0011159808
WT_P50579-3,P50579-3,4,237,I,0.007979136
WT_P50579-3,P50579-3,4,238,I,0.003024691
WT_P50579-3,P50579-3,4,239,D,0.0049768863
WT_P50579-3,P50579-3,4,240,C,0.012575868
WT_P50579-3,P50579-3,4,241,A,0.0012805375
WT_P50579-3,P50579-3,4,242,F,0.0027152435
WT_P50579-3,P50579-3,4,243,T,0.0017618906
WT_P50579-3,P50579-3,4,244,V,0.0016955988
WT_P50579-3,P50579-3,4,245,T,0.0032386826
WT_P50579-3,P50579-3,4,246,F,0.0011155739
WT_P50579-3,P50579-3,4,247,N,0.00049324933
WT_P50579-3,P50579-3,4,248,P,0.0007109603
WT_P50579-3,P50579-3,4,249,K,0.000520515
WT_P50579-3,P50579-3,4,250,Y,0.005540185
WT_P50579-3,P50579-3,4,251,D,0.00071426504
WT_P50579-3,P50579-3,4,252,T,0.014227484
WT_P50579-3,P50579-3,4,253,L,0.0007236499
WT_P50579-3,P50579-3,4,254,L,0.0005325412
WT_P50579-3,P50579-3,4,255,K,0.00085013884
WT_P50579-3,P50579-3,4,256,A,0.001034794
WT_P50579-3,P50579-3,4,257,V,0.00062802027
WT_P50579-3,P50579-3,4,258,K,0.0007429899
WT_P50579-3,P50579-3,4,259,D,0.001484459
WT_P50579-3,P50579-3,4,260,A,0.0011016635
WT_P50579-3,P50579-3,4,261,T,0.0015199613
WT_P50579-3,P50579-3,4,262,N,0.0006664254
WT_P50579-3,P50579-3,4,263,T,0.0006345297
WT_P50579-3,P50579-3,4,264,G,0.00074887957
WT_P50579-3,P50579-3,4,265,I,0.00061610684
WT_P50579-3,P50579-3,4,266,K,0.0005473946
WT_P50579-3,P50579-3,4,267,C,0.0017078533
WT_P50579-3,P50579-3,4,268,A,0.0009640348
WT_P50579-3,P50579-3,4,269,G,0.0006400415
WT_P50579-3,P50579-3,4,270,I,0.0013040636
WT_P50579-3,P50579-3,4,271,D,0.0028520722
WT_P50579-3,P50579-3,4,272,V,0.000734522
WT_P50579-3,P50579-3,4,273,R,0.0005277651
WT_P50579-3,P50579-3,4,274,L,0.0015087046
WT_P50579-3,P50579-3,4,275,C,0.016606966
WT_P50579-3,P50579-3,4,276,D,0.0068467576
WT_P50579-3,P50579-3,4,277,V,0.0023677803
WT_P50579-3,P50579-3,4,278,G,0.0017901587
WT_P50579-3,P50579-3,4,279,E,0.0015072133
WT_P50579-3,P50579-3,4,280,A,0.0007390879
WT_P50579-3,P50579-3,4,281,I,0.0010209221
WT_P50579-3,P50579-3,4,282,Q,0.0008593474
WT_P50579-3,P50579-3,4,283,E,0.00040465273
WT_P50579-3,P50579-3,4,284,V,0.00040652297
WT_P50579-3,P50579-3,4,285,M,0.003171114
WT_P50579-3,P50579-3,4,286,E,0.00041982436
WT_P50579-3,P50579-3,4,287,S,0.0012047449
WT_P50579-3,P50579-3,4,288,Y,0.0011958892
WT_P50579-3,P50579-3,4,289,E,0.00050735095
WT_P50579-3,P50579-3,4,290,V,0.0003565108
WT_P50579-3,P50579-3,4,291,E,0.0010345106
WT_P50579-3,P50579-3,4,292,I,0.0031086444
WT_P50579-3,P50579-3,4,293,D,0.0019857662
WT_P50579-3,P50579-3,4,294,G,0.0008948097
WT_P50579-3,P50579-3,4,295,K,0.0007161043
WT_P50579-3,P50579-3,4,296,T,0.0018189024
WT_P50579-3,P50579-3,4,297,Y,0.0015996908
WT_P50579-3,P50579-3,4,298,Q,0.00539583
WT_P50579-3,P50579-3,4,299,V,0.00080311374
WT_P50579-3,P50579-3,4,300,K,0.0012203136
WT_P50579-3,P50579-3,4,301,P,0.007712496
WT_P50579-3,P50579-3,4,302,I,0.00093677605
WT_P50579-3,P50579-3,4,303,R,0.0027955996
WT_P50579-3,P50579-3,4,304,N,0.0007830159
WT_P50579-3,P50579-3,4,305,L,0.0023657382
WT_P50579-3,P50579-3,4,306,N,0.0016523185
WT_P50579-3,P50579-3,4,307,G,0.0017101818
WT_P50579-3,P50579-3,4,308,H,0.0025455866
WT_P50579-3,P50579-3,4,309,S,0.0023035542
WT_P50579-3,P50579-3,4,310,I,0.0011178808
WT_P50579-3,P50579-3,4,311,G,0.0013178721
WT_P50579-3,P50579-3,4,312,Q,0.0012383224
WT_P50579-3,P50579-3,4,313,Y,0.0020291233
WT_P50579-3,P50579-3,4,314,R,0.0011156992
WT_P50579-3,P50579-3,4,315,I,0.0009147736
WT_P50579-3,P50579-3,4,316,H,0.0021392968
WT_P50579-3,P50579-3,4,317,A,0.001419595
WT_P50579-3,P50579-3,4,318,G,0.00096079404
WT_P50579-3,P50579-3,4,319,K,0.0004382757
WT_P50579-3,P50579-3,4,320,T,0.0024501889
WT_P50579-3,P50579-3,4,321,V,0.0004790127
WT_P50579-3,P50579-3,4,322,P,0.0010889842
WT_P50579-3,P50579-3,4,323,I,0.0037387812
WT_P50579-3,P50579-3,4,324,V,0.0019857245
WT_P50579-3,P50579-3,4,325,K,0.001639174
WT_P50579-3,P50579-3,4,326,G,0.002739182
WT_P50579-3,P50579-3,4,327,G,0.0012773956
WT_P50579-3,P50579-3,4,328,E,0.00048067007
WT_P50579-3,P50579-3,4,329,A,0.00056882395
WT_P50579-3,P50579-3,4,330,T,0.0022422778
WT_P50579-3,P50579-3,4,331,R,0.0012453073
WT_P50579-3,P50579-3,4,332,M,0.0005730102
WT_P50579-3,P50579-3,4,333,E,0.0016713925
WT_P50579-3,P50579-3,4,334,E,0.00056661404
WT_P50579-3,P50579-3,4,335,G,0.0006079166
WT_P50579-3,P50579-3,4,336,E,0.0020716856
WT_P50579-3,P50579-3,4,337,V,0.00056081935
WT_P50579-3,P50579-3,4,338,Y,0.004315439
WT_P50579-3,P50579-3,4,339,A,0.0016408509
WT_P50579-3,P50579-3,4,340,I,0.001412058
WT_P50579-3,P50579-3,4,341,E,0.0011211074
WT_P50579-3,P50579-3,4,342,T,0.0017182317
WT_P50579-3,P50579-3,4,343,F,0.0027444079
WT_P50579-3,P50579-3,4,344,G,0.0014704177
WT_P50579-3,P50579-3,4,345,S,0.0018719741
WT_P50579-3,P50579-3,4,346,T,0.001570352
WT_P50579-3,P50579-3,4,347,G,0.00037040637
WT_P50579-3,P50579-3,4,348,K,0.0023240456
WT_P50579-3,P50579-3,4,349,G,0.00081557187
WT_P50579-3,P50579-3,4,350,V,0.0007017708
WT_P50579-3,P50579-3,4,351,V,0.0013992818
WT_P50579-3,P50579-3,4,352,H,0.0011981963
WT_P50579-3,P50579-3,4,353,D,0.0009934617
WT_P50579-3,P50579-3,4,354,D,0.0016492234
WT_P50579-3,P50579-3,4,355,M,0.0007404748
WT_P50579-3,P50579-3,4,356,E,0.0017661528
WT_P50579-3,P50579-3,4,357,C,0.0078055738
WT_P50579-3,P50579-3,4,358,S,0.038268883
WT_P50579-3,P50579-3,4,359,H,0.010043536
WT_P50579-3,P50579-3,4,360,Y,0.0030459631
WT_P50579-3,P50579-3,4,361,M,0.0022993288
WT_P50579-3,P50579-3,4,362,K,0.0015078719
WT_P50579-3,P50579-3,4,363,N,0.0019996164
WT_P50579-3,P50579-3,4,364,F,0.0033812816
WT_P50579-3,P50579-3,4,365,D,0.0044782003
WT_P50579-3,P50579-3,4,366,V,0.00094216864
WT_P50579-3,P50579-3,4,367,G,0.0010748756
WT_P50579-3,P50579-3,4,368,H,0.0022141617
WT_P50579-3,P50579-3,4,369,V,0.0016666979
WT_P50579-3,P50579-3,4,370,P,0.0019534712
WT_P50579-3,P50579-3,4,371,I,0.0014537041
WT_P50579-3,P50579-3,4,372,R,0.00050117716
WT_P50579-3,P50579-3,4,373,L,0.001165353
WT_P50579-3,P50579-3,4,374,P,0.00083007524
WT_P50579-3,P50579-3,4,375,R,0.0013302168
WT_P50579-3,P50579-3,4,376,T,0.001863982
WT_P50579-3,P50579-3,4,377,K,0.0005803686
WT_P50579-3,P50579-3,4,378,H,0.00091453275
WT_P50579-3,P50579-3,4,379,L,0.0013974936
WT_P50579-3,P50579-3,4,380,L,0.0045430223
WT_P50579-3,P50579-3,4,381,N,0.0014875066
WT_P50579-3,P50579-3,4,382,V,0.004003428
WT_P50579-3,P50579-3,4,383,I,0.001205445
WT_P50579-3,P50579-3,4,384,N,0.002871097
WT_P50579-3,P50579-3,4,385,E,0.0009155404
WT_P50579-3,P50579-3,4,386,N,0.00078561687
WT_P50579-3,P50579-3,4,387,F,0.0009260534
WT_P50579-3,P50579-3,4,388,G,0.0007853219
WT_P50579-3,P50579-3,4,389,T,0.0026381311
WT_P50579-3,P50579-3,4,390,L,0.0023658003
WT_P50579-3,P50579-3,4,391,A,0.0044182437
WT_P50579-3,P50579-3,4,392,F,0.0013495288
WT_P50579-3,P50579-3,4,393,C,0.0027955775
WT_P50579-3,P50579-3,4,394,R,0.0015414418
WT_P50579-3,P50579-3,4,395,R,0.0004085845
WT_P50579-3,P50579-3,4,396,W,0.004800153
WT_P50579-3,P50579-3,4,397,L,0.0007900732
WT_P50579-3,P50579-3,4,398,D,0.0018858315
WT_P50579-3,P50579-3,4,399,R,0.00077403884
WT_P50579-3,P50579-3,4,400,L,0.00073710113
WT_P50579-3,P50579-3,4,401,G,0.0019042095
WT_P50579-3,P50579-3,4,402,E,0.0025904435
WT_P50579-3,P50579-3,4,403,S,0.0016030315
WT_P50579-3,P50579-3,4,404,K,0.00061489356
WT_P50579-3,P50579-3,4,405,Y,0.0017353658
WT_P50579-3,P50579-3,4,406,L,0.0010127153
WT_P50579-3,P50579-3,4,407,M,0.0018603004
WT_P50579-3,P50579-3,4,408,A,0.0015477419
WT_P50579-3,P50579-3,4,409,L,0.0016159046
WT_P50579-3,P50579-3,4,410,K,0.0007554684
WT_P50579-3,P50579-3,4,411,N,0.00090870884
WT_P50579-3,P50579-3,4,412,L,0.0011998643
WT_P50579-3,P50579-3,4,413,C,0.0018291844
WT_P50579-3,P50579-3,4,414,D,0.0011487267
WT_P50579-3,P50579-3,4,415,L,0.0011482149
WT_P50579-3,P50579-3,4,416,G,0.0009549123
WT_P50579-3,P50579-3,4,417,I,0.000565338
WT_P50579-3,P50579-3,4,418,V,0.001062572
WT_P50579-3,P50579-3,4,419,D,0.005619489
WT_P50579-3,P50579-3,4,420,P,0.0015214267
WT_P50579-3,P50579-3,4,421,Y,0.005272867
WT_P50579-3,P50579-3,4,422,P,0.0028852473
WT_P50579-3,P50579-3,4,423,P,0.0013622053
WT_P50579-3,P50579-3,4,424,L,0.0014906456
WT_P50579-3,P50579-3,4,425,C,0.013169872
WT_P50579-3,P50579-3,4,426,D,0.0010870397
WT_P50579-3,P50579-3,4,427,I,0.0023444525
WT_P50579-3,P50579-3,4,428,K,0.001332104
WT_P50579-3,P50579-3,4,429,G,0.0009809065
WT_P50579-3,P50579-3,4,430,S,0.0017982735
WT_P50579-3,P50579-3,4,431,Y,0.0038738293
WT_P50579-3,P50579-3,4,432,T,0.001405762
WT_P50579-3,P50579-3,4,433,A,0.0016841978
WT_P50579-3,P50579-3,4,434,Q,0.004526642
WT_P50579-3,P50579-3,4,435,F,0.0062469672
WT_P50579-3,P50579-3,4,436,E,0.0008369548
WT_P50579-3,P50579-3,4,437,H,0.029328117
WT_P50579-3,P50579-3,4,438,T,0.0047425237
WT_P50579-3,P50579-3,4,439,I,0.0009272715
WT_P50579-3,P50579-3,4,440,L,0.0026294251
WT_P50579-3,P50579-3,4,441,L,0.004097347
WT_P50579-3,P50579-3,4,442,R,0.0014859585
WT_P50579-3,P50579-3,4,443,P,0.0019616182
WT_P50579-3,P50579-3,4,444,T,0.0019628815
WT_P50579-3,P50579-3,4,445,C,0.0015849601
WT_P50579-3,P50579-3,4,446,K,0.006265855
WT_P50579-3,P50579-3,4,447,E,0.0016605414
WT_P50579-3,P50579-3,4,448,V,0.0012083573
WT_P50579-3,P50579-3,4,449,V,0.0017033243
WT_P50579-3,P50579-3,4,450,S,0.0011907199
WT_P50579-3,P50579-3,4,451,R,0.0009983289
WT_P50579-3,P50579-3,4,452,G,0.00070548966
WT_P50579-3,P50579-3,4,453,D,0.0029347963
WT_P50579-3,P50579-3,4,454,D,0.0026331476
WT_P50579-3,P50579-3,4,455,Y,0.0010686003
WT_Q9NV96,Q9NV96,5,1,M,0.0012833367
WT_Q9NV96,Q9NV96,5,2,A,0.0028314365
WT_Q9NV96,Q9NV96,5,3,M,0.01767576
WT_Q9NV96,Q9NV96,5,4,N,0.003952852
WT_Q9NV96,Q9NV96,5,5,Y,0.005812322
WT_Q9NV96,Q9NV96,5,6,N,0.0062224735
WT_Q9NV96,Q9NV96,5,7,A,0.0036078866
WT_Q9NV96,Q9NV96,5,8,K,0.0065180343
WT_Q9NV96,Q9NV96,5,9,D,0.0092937285
WT_Q9NV96,Q9NV96,5,10,E,0.0033472197
WT_Q9NV96,Q9NV96,5,11,V,0.002320403
WT_Q9NV96,Q9NV96,5,12,D,0.0030429994
WT_Q9NV96,Q9NV96,5,13,G,0.0036647315
WT_Q9NV96,Q9NV96,5,14,G,0.0024977783
WT_Q9NV96,Q9NV96,5,15,P,0.0021904488
WT_Q9NV96,Q9NV96,5,16,P,0.0018802776
WT_Q9NV96,Q9NV96,5,17,C,0.0079525355
WT_Q9NV96,Q9NV96,5,18,A,0.0072026253
WT_Q9NV96,Q9NV96,5,19,P,0.0021975178
WT_Q9NV96,Q9NV96,5,20,G,0.0014126512
WT_Q9NV96,Q9NV96,5,21,G,0.0014022954
WT_Q9NV96,Q9NV96,5,22,T,0.0024845924
WT_Q9NV96,Q9NV96,5,23,A,0.002649192
WT_Q9NV96,Q9NV96,5,24,K,0.0013601914
WT_Q9NV96,Q9NV96,5,25,T,0.00405568
WT_Q9NV96,Q9NV96,5,26,R,0.0010266732
WT_Q9NV96,Q9NV96,5,27,R,0.0013946284
WT_Q9NV96,Q9NV96,5,28,P,0.0024378963
WT_Q9NV96,Q9NV96,5,29,D,0.0041955947
WT_Q9NV96,Q9NV96,5,30,N,0.0015412915
WT_Q9NV96,Q9NV96,5,31,T,0.0025289226
WT_Q9NV96,Q9NV96,5,32,A,0.0034526128
WT_Q9NV96,Q9NV96,5,33,F,0.012722559
WT_Q9NV96,Q9NV96,5,34,K,0.0010118332
WT_Q9NV96,Q9NV96,5,35,Q,0.0009619359
WT_Q9NV96,Q9NV96,5,36,Q,0.0012166118
WT_Q9NV96,Q9NV96,5,37,R,0.0010867802
WT_Q9NV96,Q9NV96,5,38,L,0.0016383554
WT_Q9NV96,Q9NV96,5,39,P,0.0043770303
WT_Q9NV96,Q9NV96,5,40,A,0.0014258398
WT_Q9NV96,Q9NV96,5,41,W,0.0021044647
WT_Q9NV96,Q9NV96,5,42,Q,0.0049561816
WT_Q9NV96,Q9NV96,5,43,P,0.0012376587
WT_Q9NV96,Q9NV96,5,44,I,0.0019937677
WT_Q9NV96,Q9NV96,5,45,L,0.0074561997
WT_Q9NV96,Q9NV96,5,46,T,0.0053032264
WT_Q9NV96,Q9NV96,5,47,A,0.0029084033
WT_Q9NV96,Q9NV96,5,48,G,0.007341855
WT_Q9NV96,Q9NV96,5,49,T,0.0024462473
WT_Q9NV96,Q9NV96,5,50,V,0.0006932362
WT_Q9NV96,Q9NV96,5,51,L,0.0025886418
WT_Q9NV96,Q9NV96,5,52,P,0.002305989
WT_Q9NV96,Q9NV96,5,53,I,0.0020999266
WT_Q9NV96,Q9NV96,5,54,F,0.0030001742
WT_Q9NV96,Q9NV96,5,55,F,0.007323123
WT_Q9NV96,Q9NV96,5,56,I,0.001298855
WT_Q9NV96,Q9NV96,5,57,I,0.00091786205
WT_Q9NV96,Q9NV96,5,58,G,0.001644177
WT_Q9NV96,Q9NV96,5,59,L,0.00050462637
WT_Q9NV96,Q9NV96,5,60,I,0.00034988357
WT_Q9NV96,Q9NV96,5,61,F,0.0022176031
WT_Q9NV96,Q9NV96,5,62,I,0.00092373067
WT_Q9NV96,Q9NV96,5,63,P,0.0016371419
WT_Q9NV96,Q9NV96,5,64,I,0.000367235
WT_Q9NV96,Q9NV96,5,65,G,0.0009160899
WT_Q9NV96,Q9NV96,5,66,I,0.00061446754
WT_Q9NV96,Q9NV96,5,67,G,0.0015488009
WT_Q9NV96,Q9NV96,5,68,I,0.00087046984
WT_Q9NV96,Q9NV96,5,69,F,0.00349764
WT_Q9NV96,Q9NV96,5,70,V,0.0013707926
WT_Q9NV96,Q9NV96,5,71,T,0.0022616584
WT_Q9NV96,Q9NV96,5,72,S,0.0018792773
WT_Q9NV96,Q9NV96,5,73,N,0.0019097717
WT_Q9NV96,Q9NV96,5,74,N,0.0008746759
WT_Q9NV96,Q9NV96,5,75,I,0.0009881565
WT_Q9NV96,Q9NV96,5,76,R,0.002100666
WT_Q9NV96,Q9NV96,5,77,E,0.00082204485
WT_Q9NV96,Q9NV96,5,78,I,0.001169198
WT_Q9NV96,Q9NV96,5,79,E,0.0026920275
WT_Q9NV96,Q9NV96,5,80,I,0.0011144812
WT_Q9NV96,Q9NV96,5,81,D,0.0011172888
WT_Q9NV96,Q9NV96,5,82,Y,0.00094583
WT_Q9NV96,Q9NV96,5,83,T,0.0025822497
WT_Q9NV96,Q9NV96,5,84,G,0.00061367376
WT_Q9NV96,Q9NV96,5,85,T,0.0016094266
WT_Q9NV96,Q9NV96,5,86,E,0.0010776394
WT_Q9NV96,Q9NV96,5,87,P,0.0010760612
WT_Q9NV96,Q9NV96,5,88,S,0.0014033149
WT_Q9NV96,Q9NV96,5,89,S,0.0014196024
WT_Q9NV96,Q9NV96,5,90,P,0.0014545008
WT_Q9NV96,Q9NV96,5,91,C,0.0024216317
WT_Q9NV96,Q9NV96,5,92,N,0.0018278358
WT_Q9NV96,Q9NV96,5,93,K,0.0014542737
WT_Q9NV96,Q9NV96,5,94,C,0.0031779252
WT_Q9NV96,Q9NV96,5,95,L,0.001745249
WT_Q9NV96,Q9NV96,5,96,S,0.00070993695
WT_Q9NV96,Q9NV96,5,97,P,0.0010283601
WT_Q9NV96,Q9NV96,5,98,D,0.00076349755
WT_Q9NV96,Q9NV96,5,99,V,0.0008199535
WT_Q9NV96,Q9NV96,5,100,T,0.0010637267
WT_Q9NV96,Q9NV96,5,101,P,0.00070933165
WT_Q9NV96,Q9NV96,5,102,C,0.0024958963
WT_Q9NV96,Q9NV96,5,103,F,0.0022783903
WT_Q9NV96,Q9NV96,5,104,C,0.002532459
WT_Q9NV96,Q9NV96,5,105,T,0.0051023043
WT_Q9NV96,Q9NV96,5,106,I,0.0007425915
WT_Q9NV96,Q9NV96,5,107,N,0.004571532
WT_Q9NV96,Q9NV96,5,108,F,0.0015825321
WT_Q9NV96,Q9NV96,5,109,T,0.0025593308
WT_Q9NV96,Q9NV96,5,110,L,0.0005093069
WT_Q9NV96,Q9NV96,5,111,E,0.0013148581
WT_Q9NV96,Q9NV96,5,112,K,0.00095284334
WT_Q9NV96,Q9NV96,5,113,S,0.0038251253
WT_Q9NV96,Q9NV96,5,114,F,0.011437474
WT_Q9NV96,Q9NV96,5,115,E,0.00044979638
WT_Q9NV96,Q9NV96,5,116,G,0.002180146
WT_Q9NV96,Q9NV96,5,117,N,0.0010269972
WT_Q9NV96,Q9NV96,5,118,V,0.0005920795
WT_Q9NV96,Q9NV96,5,119,F,0.002990197
WT_Q9NV96,Q9NV96,5,120,M,0.0010387542
WT_Q9NV96,Q9NV96,5,121,Y,0.002775687
WT_Q9NV96,Q9NV96,5,122,Y,0.00666381
WT_Q9NV96,Q9NV96,5,123,G,0.003156533
WT_Q9NV96,Q9NV96,5,124,L,0.0012734586
WT_Q9NV96,Q9NV96,5,125,S,0.07016216
WT_Q9NV96,Q9NV96,5,126,N,0.0014920163
WT_Q9NV96,Q9NV96,5,127,F,0.0016526914
WT_Q9NV96,Q9NV96,5,128,Y,0.00719009
WT_Q9NV96,Q9NV96,5,129,Q,0.0016994933
WT_Q9NV96,Q9NV96,5,130,N,0.007932929
WT_Q9NV96,Q9NV96,5,131,H,0.02208697
WT_Q9NV96,Q9NV96,5,132,R,0.0007091644
WT_Q9NV96,Q9NV96,5,133,R,0.0020547542
WT_Q9NV96,Q9NV96,5,134,Y,0.0011900922
WT_Q9NV96,Q9NV96,5,135,V,0.00065334735
WT_Q9NV96,Q9NV96,5,136,K,0.0009215544
WT_Q9NV96,Q9NV96,5,137,S,0.0010927636
WT_Q9NV96,Q9NV96,5,138,R,0.00048339606
WT_Q9NV96,Q9NV96,5,139,D,0.0025372584
WT_Q9NV96,Q9NV96,5,140,D,0.0011985385
WT_Q9NV96,Q9NV96,5,141,S,0.0027562692
WT_Q9NV96,Q9NV96,5,142,Q,0.00058937684
WT_Q9NV96,Q9NV96,5,143,L,0.0069334093
WT_Q9NV96,Q9NV96,5,144,N,0.0013181554
WT_Q9NV96,Q9NV96,5,145,G,0.000543008
WT_Q9NV96,Q9NV96,5,146,D,0.0007599621
WT_Q9NV96,Q9NV96,5,147,S,0.0027428293
WT_Q9NV96,Q9NV96,5,148,S,0.001079052
WT_Q9NV96,Q9NV96,5,149,A,0.0010060689
WT_Q9NV96,Q9NV96,5,150,L,0.0014857121
WT_Q9NV96,Q9NV96,5,151,L,0.0005226759
WT_Q9NV96,Q9NV96,5,152,N,0.0013033238
WT_Q9NV96,Q9NV96,5,153,P,0.0013422227
WT_Q9NV96,Q9NV96,5,154,S,0.0027315333
WT_Q9NV96,Q9NV96,5,155,K,0.0005075066
WT_Q9NV96,Q9NV96,5,156,E,0.0045628226
WT_Q9NV96,Q9NV96,5,157,C,0.002149689
WT_Q9NV96,Q9NV96,5,158,E,0.0032548774
WT_Q9NV96,Q9NV96,5,159,P,0.001054262
WT_Q9NV96,Q9NV96,5,160,Y,0.0015831953
WT_Q9NV96,Q9NV96,5,161,R,0.0005257505
WT_Q9NV96,Q9NV96,5,162,R,0.002371483
WT_Q9NV96,Q9NV96,5,163,N,0.002202734
WT_Q9NV96,Q9NV96,5,164,E,0.0009986847
WT_Q9NV96,Q9NV96,5,165,D,0.0016970559
WT_Q9NV96,Q9NV96,5,166,K,0.002672768
WT_Q9NV96,Q9NV96,5,167,P,0.011179874
WT_Q9NV96,Q9NV96,5,168,I,0.0033828395
WT_Q9NV96,Q9NV96,5,169,A,0.0023143562
WT_Q9NV96,Q9NV96,5,170,P,0.0016011047
WT_Q9NV96,Q9NV96,5,171,C,0.010717001
WT_Q9NV96,Q9NV96,5,172,G,0.00085506897
WT_Q9NV96,Q9NV96,5,173,A,0.0010335759
WT_Q9NV96,Q9NV96,5,174,I,0.0024345827
WT_Q9NV96,Q9NV96,5,175,A,0.0006910659
WT_Q9NV96,Q9NV96,5,176,N,0.00227168
WT_Q9NV96,Q9NV96,5,177,S,0.0039691315
WT_Q9NV96,Q9NV96,5,178,M,0.0021453558
WT_Q9NV96,Q9NV96,5,179,F,0.0009571461
WT_Q9NV96,Q9NV96,5,180,N,0.0027274168
WT_Q9NV96,Q9NV96,5,181,D,0.0017763167
WT_Q9NV96,Q9NV96,5,182,T,0.0008307197
WT_Q9NV96,Q9NV96,5,183,L,0.0013502726
WT_Q9NV96,Q9NV96,5,184,E,0.0010268143
WT_Q9NV96,Q9NV96,5,185,L,0.0007758809
WT_Q9NV96,Q9NV96,5,186,F,0.004161454
WT_Q9NV96,Q9NV96,5,187,L,0.0027079338
WT_Q9NV96,Q9NV96,5,188,I,0.0043059164
WT_Q9NV96,Q9NV96,5,189,G,0.0014136697
WT_Q9NV96,Q9NV96,5,190,N,0.001768869
WT_Q9NV96,Q9NV96,5,191,D,0.0014353053
WT_Q9NV96,Q9NV96,5,192,S,0.0007914963
WT_Q9NV96,Q9NV96,5,193,Y,0.0016046936
WT_Q9NV96,Q9NV96,5,194,P,0.0011685822
WT_Q9NV96,Q9NV96,5,195,I,0.0012789951
WT_Q9NV96,Q9NV96,5,196,P,0.002095996
WT_Q9NV96,Q9NV96,5,197,I,0.0014094478
WT_Q9NV96,Q9NV96,5,198,A,0.0043862294
WT_Q9NV96,Q9NV96,5,199,L,0.021830263
WT_Q9NV96,Q9NV96,5,200,K,0.0061036916
WT_Q9NV96,Q9NV96,5,201,K,0.001072539
WT_Q9NV96,Q9NV96,5,202,K,0.0012118196
WT_Q9NV96,Q9NV96,5,203,G,0.0006770124
WT_Q9NV96,Q9NV96,5,204,I,0.0013888465
WT_Q9NV96,Q9NV96,5,205,A,0.002346627
WT_Q9NV96,Q9NV96,5,206,W,0.0010387924
WT_Q9NV96,Q9NV96,5,207,W,0.019223165
WT_Q9NV96,Q9NV96,5,208,T,0.0018492528
WT_Q9NV96,Q9NV96,5,209,D,0.0010246274
WT_Q9NV96,Q9NV96,5,210,K,0.0014149875
WT_Q9NV96,Q9NV96,5,211,N,0.005658343
WT_Q9NV96,Q9NV96,5,212,V,0.0014970393
WT_Q9NV96,Q9NV96,5,213,K,0.00057277986
WT_Q9NV96,Q9NV96,5,214,F,0.0017555195
WT_Q9NV96,Q9NV96,5,215,R,0.0006652078
WT_Q9NV96,Q9NV96,5,216,N,0.0013922113
WT_Q9NV96,Q9NV96,5,217,P,0.0026415498
WT_Q9NV96,Q9NV96,5,218,P,0.0013658337
WT_Q9NV96,Q9NV96,5,219,G,0.0013739029
WT_Q9NV96,Q9NV96,5,220,G,0.0024661007
WT_Q9NV96,Q9NV96,5,221,D,0.00076549227
WT_Q9NV96,Q9NV96,5,222,N,0.0010731162
WT_Q9NV96,Q9NV96,5,223,L,0.0017753104
WT_Q9NV96,Q9NV96,5,224,E,0.0010022396
WT_Q9NV96,Q9NV96,5,225,E,0.0013475216
WT_Q9NV96,Q9NV96,5,226,R,0.0036822075
WT_Q9NV96,Q9NV96,5,227,F,0.0023471275
WT_Q9NV96,Q9NV96,5,228,K,0.0013228566
WT_Q9NV96,Q9NV96,5,229,G,0.002715821
WT_Q9NV96,Q9NV96,5,230,T,0.0012353115
WT_Q9NV96,Q9NV96,5,231,T,0.0011454911
WT_Q9NV96,Q9NV96,5,232,K,0.00060071313
WT_Q9NV96,Q9NV96,5,233,P,0.0020936544
WT_Q9NV96,Q9NV96,5,234,V,0.0021950193
WT_Q9NV96,Q9NV96,5,235,N,0.0015090443
WT_Q9NV96,Q9NV96,5,236,W,0.0012791693
WT_Q9NV96,Q9NV96,5,237,L,0.0033028575
WT_Q9NV96,Q9NV96,5,238,K,0.00083753123
WT_Q9NV96,Q9NV96,5,239,P,0.0021495547
WT_Q9NV96,Q9NV96,5,240,V,0.0020318807
WT_Q9NV96,Q9NV96,5,241,Y,0.0024707841
WT_Q9NV96,Q9NV96,5,242,M,0.0010572224
WT_Q9NV96,Q9NV96,5,243,L,0.0015629042
WT_Q9NV96,Q9NV96,5,244,D,0.0011519257
WT_Q9NV96,Q9NV96,5,245,S,0.0018669763
WT_Q9NV96,Q9NV96,5,246,D,0.0014190468
WT_Q9NV96,Q9NV96,5,247,P,0.00061415933
WT_Q9NV96,Q9NV96,5,248,D,0.0016837096
WT_Q9NV96,Q9NV96,5,249,N,0.0014934641
WT_Q9NV96,Q9NV96,5,250,N,0.0011533811
WT_Q9NV96,Q9NV96,5,251,G,0.0011866158
WT_Q9NV96,Q9NV96,5,252,F,0.0025062654
WT_Q9NV96,Q9NV96,5,253,I,0.0017714244
WT_Q9NV96,Q9NV96,5,254,N,0.0020925803
WT_Q9NV96,Q9NV96,5,255,E,0.0024667692
WT_Q9NV96,Q9NV96,5,256,D,0.00653706
WT_Q9NV96,Q9NV96,5,257,F,0.0016349864
WT_Q9NV96,Q9NV96,5,258,I,0.0005461803
WT_Q9NV96,Q9NV96,5,259,V,0.0010839376
WT_Q9NV96,Q9NV96,5,260,W,0.0019774742
WT_Q9NV96,Q9NV96,5,261,M,0.0007744542
WT_Q9NV96,Q9NV96,5,262,R,0.0005723293
WT_Q9NV96,Q9NV96,5,263,T,0.003050508
WT_Q9NV96,Q9NV96,5,264,A,0.0018038169
WT_Q9NV96,Q9NV96,5,265,A,0.00089464174
WT_Q9NV96,Q9NV96,5,266,L,0.008604652
WT_Q9NV96,Q9NV96,5,267,P,0.0021741898
WT_Q9NV96,Q9NV96,5,268,T,0.007442593
WT_Q9NV96,Q9NV96,5,269,F,0.0017466355
WT_Q9NV96,Q9NV96,5,270,R,0.00072461256
WT_Q9NV96,Q9NV96,5,271,K,0.0013620405
WT_Q9NV96,Q9NV96,5,272,L,0.007310492
WT_Q9NV96,Q9NV96,5,273,Y,0.008622318
WT_Q9NV96,Q9NV96,5,274,R,0.00068020343
WT_Q9NV96,Q9NV96,5,275,L,0.0018741952
WT_Q9NV96,Q9NV96,5,276,I,0.0016130465
WT_Q9NV96,Q9NV96,5,277,E,0.0012354611
WT_Q9NV96,Q9NV96,5,278,R,0.0009198442
WT_Q9NV96,Q9NV96,5,279,K,0.001018689
WT_Q9NV96,Q9NV96,5,280,S,0.0011301187
WT_Q9NV96,Q9NV96,5,281,D,0.002044503
WT_Q9NV96,Q9NV96,5,282,L,0.0026986506
WT_Q9NV96,Q9NV96,5,283,H,0.0010347032
WT_Q9NV96,Q9NV96,5,284,P,0.0013473731
WT_Q9NV96,Q9NV96,5,285,T,0.0018071387
WT_Q9NV96,Q9NV96,5,286,L,0.000731283
WT_Q9NV96,Q9NV96,5,287,P,0.0012059505
WT_Q9NV96,Q9NV96,5,288,A,0.00066941587
WT_Q9NV96,Q9NV96,5,289,G,0.00082357414
WT_Q9NV96,Q9NV96,5,290,R,0.0037281886
WT_Q9NV96,Q9NV96,5,291,Y,0.0012698354
WT_Q9NV96,Q9NV96,5,292,S,0.0041249604
WT_Q9NV96,Q9NV96,5,293,L,0.0021266565
WT_Q9NV96,Q9NV96,5,294,N,0.005362278
WT_Q9NV96,Q9NV96,5,295,V,0.0016234092
WT_Q9NV96,Q9NV96,5,296,T,0.0071666776
WT_Q9NV96,Q9NV96,5,297,Y,0.0043640947
WT_Q9NV96,Q9NV96,5,298,N,0.0014424005
WT_Q9NV96,Q9NV96,5,299,Y,0.00085039926
WT_Q9NV96,Q9NV96,5,300,P,0.0072804526
WT_Q9NV96,Q9NV96,5,301,V,0.001178342
WT_Q9NV96,Q9NV96,5,302,H,0.001966994
WT_Q9NV96,Q9NV96,5,303,Y,0.0017558007
WT_Q9NV96,Q9NV96,5,304,F,0.00206415
WT_Q9NV96,Q9NV96,5,305,D,0.0036584707
WT_Q9NV96,Q9NV96,5,306,G,0.0006381323
WT_Q9NV96,Q9NV96,5,307,R,0.0016294693
WT_Q9NV96,Q9NV96,5,308,K,0.0006660498
WT_Q9NV96,Q9NV96,5,309,R,0.0029316004
WT_Q9NV96,Q9NV96,5,310,M,0.0011264456
WT_Q9NV96,Q9NV96,5,311,I,0.001862018
WT_Q9NV96,Q9NV96,5,312,L,0.0009772154
WT_Q9NV96,Q9NV96,5,313,S,0.00096205244
WT_Q9NV96,Q9NV96,5,314,T,0.004388598
WT_Q9NV96,Q9NV96,5,315,I,0.014205757
WT_Q9NV96,Q9NV96,5,316,S,0.0058509507
WT_Q9NV96,Q9NV96,5,317,W,0.0021964062
WT_Q9NV96,Q9NV96,5,318,M,0.001600474
WT_Q9NV96,Q9NV96,5,319,G,0.0007931219
WT_Q9NV96,Q9NV96,5,320,G,0.0005603084
WT_Q9NV96,Q9NV96,5,321,K,0.00061949383
WT_Q9NV96,Q9NV96,5,322,N,0.0018331745
WT_Q9NV96,Q9NV96,5,323,P,0.010371478
WT_Q9NV96,Q9NV96,5,324,F,0.0038305358
WT_Q9NV96,Q9NV96,5,325,L,0.00544275
WT_Q9NV96,Q9NV96,5,326,G,0.0005027127
WT_Q9NV96,Q9NV96,5,327,I,0.0010034299
WT_Q9NV96,Q9NV96,5,328,A,0.0010206273
WT_Q9NV96,Q9NV96,5,329,Y,0.0025532085
WT_Q9NV96,Q9NV96,5,330,I,0.001729518
WT_Q9NV96,Q9NV96,5,331,A,0.005803032
WT_Q9NV96,Q9NV96,5,332,V,0.0011416832
WT_Q9NV96,Q9NV96,5,333,G,0.0008239808
WT_Q9NV96,Q9NV96,5,334,S,0.0021316796
WT_Q9NV96,Q9NV96,5,335,I,0.0072030076
WT_Q9NV96,Q9NV96,5,336,S,0.006326238
WT_Q9NV96,Q9NV96,5,337,F,0.0022628051
WT_Q9NV96,Q9NV96,5,338,L,0.0017428459
WT_Q9NV96,Q9NV96,5,339,L,0.0021746526
WT_Q9NV96,Q9NV96,5,340,G,0.0028100528
WT_Q9NV96,Q9NV96,5,341,V,0.0008259117
WT_Q9NV96,Q9NV96,5,342,V,0.001198087
WT_Q9NV96,Q9NV96,5,343,L,0.0025879818
WT_Q9NV96,Q9NV96,5,344,L,0.0020737657
WT_Q9NV96,Q9NV96,5,345,V,0.0020861481
WT_Q9NV96,Q9NV96,5,346,I,0.0030853432
WT_Q9NV96,Q9NV96,5,347,N,0.0018335008
WT_Q9NV96,Q9NV96,5,348,H,0.0024691739
WT_Q9NV96,Q9NV96,5,349,K,0.0010137634
WT_Q9NV96,Q9NV96,5,350,Y,0.0022078268
WT_Q9NV96,Q9NV96,5,351,R,0.0021725327
WT_Q9NV96,Q9NV96,5,352,N,0.0014872138
WT_Q9NV96,Q9NV96,5,353,S,0.0023854512
WT_Q9NV96,Q9NV96,5,354,S,0.0022289515
WT_Q9NV96,Q9NV96,5,355,N,0.0025992075
WT_Q9NV96,Q9NV96,5,356,T,0.0057538603
WT_Q9NV96,Q9NV96,5,357,A,0.0023454465
WT_Q9NV96,Q9NV96,5,358,D,0.004865604
WT_Q9NV96,Q9NV96,5,359,I,0.005242682
WT_Q9NV96,Q9NV96,5,360,T,0.0026330277
WT_Q9NV96,Q9NV96,5,361,I,0.002527854
WT_P50579-2,P50579-2,6,1,M,0.00068825367
WT_P50579-2,P50579-2,6,2,A,0.0007957384
WT_P50579-2,P50579-2,6,3,G,0.0033215014
WT_P50579-2,P50579-2,6,4,V,0.0011913541
WT_P50579-2,P50579-2,6,5,E,0.0007084802
WT_P50579-2,P50579-2,6,6,E,0.00079373666
WT_P50579-2,P50579-2,6,7,V,0.0009308609
WT_P50579-2,P50579-2,6,8,A,0.0017326636
WT_P50579-2,P50579-2,6,9,A,0.005700022
WT_P50579-2,P50579-2,6,10,S,0.0013960453
WT_P50579-2,P50579-2,6,11,G,0.00155757
WT_P50579-2,P50579-2,6,12,S,0.0021073504
WT_P50579-2,P50579-2,6,13,H,0.0011376104
WT_P50579-2,P50579-2,6,14,L,0.0037367523
WT_P50579-2,P50579-2,6,15,N,0.0013474615
WT_P50579-2,P50579-2,6,16,G,0.0023608545
WT_P50579-2,P50579-2,6,17,D,0.0019616466
WT_P50579-2,P50579-2,6,18,L,0.0021582267
WT_P50579-2,P50579-2,6,19,D,0.0013321122
WT_P50579-2,P50579-2,6,20,P,0.0028177628
WT_P50579-2,P50579-2,6,21,D,0.0009261275
WT_P50579-2,P50579-2,6,22,D,0.0013141457
WT_P50579-2,P50579-2,6,23,R,0.0029159817
WT_P50579-2,P50579-2,6,24,E,0.0010135064
WT_P50579-2,P50579-2,6,25,E,0.00080100243
WT_P50579-2,P50579-2,6,26,G,0.0013108337
WT_P50579-2,P50579-2,6,27,A,0.002527558
WT_P50579-2,P50579-2,6,28,A,0.005684294
WT_P50579-2,P50579-2,6,29,S,0.0019190742
WT_P50579-2,P50579-2,6,30,T,0.00096884376
WT_P50579-2,P50579-2,6,31,A,0.0010423595
WT_P50579-2,P50579-2,6,32,E,0.001665233
WT_P50579-2,P50579-2,6,33,E,0.0012587735
WT_P50579-2,P50579-2,6,34,A,0.0010166985
WT_P50579-2,P50579-2,6,35,A,0.0012075013
WT_P50579-2,P50579-2,6,36,K,0.0015218202
WT_P50579-2,P50579-2,6,37,K,0.0016147862
WT_P50579-2,P50579-2,6,38,K,0.001278512
WT_P50579-2,P50579-2,6,39,R,0.001305431
WT_P50579-2,P50579-2,6,40,R,0.0011894865
WT_P50579-2,P50579-2,6,41,K,0.001064417
WT_P50579-2,P50579-2,6,42,K,0.0008322529
WT_P50579-2,P50579-2,6,43,K,0.0010123038
WT_P50579-2,P50579-2,6,44,K,0.0010218289
WT_P50579-2,P50579-2,6,45,S,0.0013989704
WT_P50579-2,P50579-2,6,46,K,0.0007837209
WT_P50579-2,P50579-2,6,47,G,0.00094871747
WT_P50579-2,P50579-2,6,48,P,0.00087161665
WT_P50579-2,P50579-2,6,49,S,0.0015488622
WT_P50579-2,P50579-2,6,50,A,0.0010801367
WT_P50579-2,P50579-2,6,51,G,0.001237413
WT_P50579-2,P50579-2,6,52,E,0.003115018
WT_P50579-2,P50579-2,6,53,Q,0.0012362355
WT_P50579-2,P50579-2,6,54,E,0.0024558378
WT_P50579-2,P50579-2,6,55,P,0.0011373009
WT_P50579-2,P50579-2,6,56,D,0.0026769007
WT_P50579-2,P50579-2,6,57,K,0.001891846
WT_P50579-2,P50579-2,6,58,E,0.0022307117
WT_P50579-2,P50579-2,6,59,S,0.0011173706
WT_P50579-2,P50579-2,6,60,G,0.001581769
WT_P50579-2,P50579-2,6,61,A,0.0012906016
WT_P50579-2,P50579-2,6,62,S,0.0011187826
WT_P50579-2,P50579-2,6,63,V,0.0010536779
WT_P50579-2,P50579-2,6,64,D,0.00096628064
WT_P50579-2,P50579-2,6,65,E,0.0007921958
WT_P50579-2,P50579-2,6,66,V,0.0023024878
WT_P50579-2,P50579-2,6,67,A,0.0014185673
WT_P50579-2,P50579-2,6,68,R,0.0013976509
WT_P50579-2,P50579-2,6,69,Q,0.0010737483
WT_P50579-2,P50579-2,6,70,L,0.004606234
WT_P50579-2,P50579-2,6,71,E,0.0014025893
WT_P50579-2,P50579-2,6,72,R,0.0011011318
WT_P50579-2,P50579-2,6,73,S,0.0035580024
WT_P50579-2,P50579-2,6,74,A,0.0016378883
WT_P50579-2,P50579-2,6,75,L,0.0009961074
WT_P50579-2,P50579-2,6,76,E,0.0012223354
WT_P50579-2,P50579-2,6,77,D,0.0012390595
WT_P50579-2,P50579-2,6,78,K,0.0019231944
WT_P50579-2,P50579-2,6,79,E,0.001313754
WT_P50579-2,P50579-2,6,80,R,0.002227855
WT_P50579-2,P50579-2,6,81,D,0.0012742957
WT_P50579-2,P50579-2,6,82,E,0.0012356532
WT_P50579-2,P50579-2,6,83,D,0.0014129592
WT_P50579-2,P50579-2,6,84,D,0.0020481693
WT_P50579-2,P50579-2,6,85,E,0.0017096167
WT_P50579-2,P50579-2,6,86,A,0.0016084836
WT_P50579-2,P50579-2,6,87,K,0.0028223486
WT_P50579-2,P50579-2,6,88,V,0.001207202
WT_P50579-2,P50579-2,6,89,Q,0.0012019711
WT_P50579-2,P50579-2,6,90,T,0.002842892
WT_P50579-2,P50579-2,6,91,D,0.008420716
WT_P50579-2,P50579-2,6,92,P,0.0018637803
WT_P50579-2,P50579-2,6,93,P,0.001364354
WT_P50579-2,P50579-2,6,94,S,0.0015871574
WT_P50579-2,P50579-2,6,95,V,0.0014100937
WT_P50579-2,P50579-2,6,96,P,0.0016450827
WT_P50579-2,P50579-2,6,97,I,0.0014880301
WT_P50579-2,P50579-2,6,98,C,0.0031244603
WT_P50579-2,P50579-2,6,99,D,0.0009146353
WT_P50579-2,P50579-2,6,100,L,0.0020213842
WT_P50579-2,P50579-2,6,101,Y,0.0021391641
WT_P50579-2,P50579-2,6,102,P,0.0016541961
WT_P50579-2,P50579-2,6,103,N,0.0009782176
WT_P50579-2,P50579-2,6,104,G,0.0021725972
WT_P50579-2,P50579-2,6,105,V,0.0010667922
WT_P50579-2,P50579-2,6,106,F,0.0018513142
WT_P50579-2,P50579-2,6,107,P,0.003108811
WT_P50579-2,P50579-2,6,108,K,0.0010695031
WT_P50579-2,P50579-2,6,109,G,0.001648132
WT_P50579-2,P50579-2,6,110,Q,0.0017090401
WT_P50579-2,P50579-2,6,111,E,0.0013202889
WT_P50579-2,P50579-2,6,112,C,0.0030818998
WT_P50579-2,P50579-2,6,113,E,0.002020764
WT_P50579-2,P50579-2,6,114,Y,0.0018454213
WT_P50579-2,P50579-2,6,115,P,0.0021381013
WT_P50579-2,P50579-2,6,116,P,0.0015478105
WT_P50579-2,P50579-2,6,117,T,0.0024720905
WT_P50579-2,P50579-2,6,118,Q,0.0020052157
WT_P50579-2,P50579-2,6,119,D,0.0013162595
WT_P50579-2,P50579-2,6,120,G,0.0020151641
WT_P50579-2,P50579-2,6,121,R,0.0015956697
WT_P50579-2,P50579-2,6,122,T,0.0016815416
WT_P50579-2,P50579-2,6,123,A,0.0013115042
WT_P50579-2,P50579-2,6,124,A,0.0012994641
WT_P50579-2,P50579-2,6,125,W,0.0018264753
WT_P50579-2,P50579-2,6,126,R,0.0035600779
WT_P50579-2,P50579-2,6,127,T,0.001402598
WT_P50579-2,P50579-2,6,128,T,0.0015942462
WT_P50579-2,P50579-2,6,129,S,0.0013688498
WT_P50579-2,P50579-2,6,130,E,0.00095341203
WT_P50579-2,P50579-2,6,131,E,0.001034688
WT_P50579-2,P50579-2,6,132,K,0.0018533649
WT_P50579-2,P50579-2,6,133,K,0.0011963827
WT_P50579-2,P50579-2,6,134,A,0.0008065313
WT_P50579-2,P50579-2,6,135,L,0.0010636247
WT_P50579-2,P50579-2,6,136,D,0.0023168668
WT_P50579-2,P50579-2,6,137,Q,0.0037163687
WT_P50579-2,P50579-2,6,138,A,0.0011394785
WT_P50579-2,P50579-2,6,139,S,0.002337715
WT_P50579-2,P50579-2,6,140,E,0.0011114414
WT_P50579-2,P50579-2,6,141,E,0.0006036293
WT_P50579-2,P50579-2,6,142,I,0.0020439012
WT_P50579-2,P50579-2,6,143,W,0.0015315163
WT_P50579-2,P50579-2,6,144,N,0.00074373116
WT_P50579-2,P50579-2,6,145,D,0.0007628613
WT_P50579-2,P50579-2,6,146,F,0.0021165344
WT_P50579-2,P50579-2,6,147,R,0.0012166004
WT_P50579-2,P50579-2,6,148,E,0.0011304835
WT_P50579-2,P50579-2,6,149,A,0.00087631564
WT_P50579-2,P50579-2,6,150,A,0.0012572134
WT_P50579-2,P50579-2,6,151,E,0.0011733406
WT_P50579-2,P50579-2,6,152,A,0.002462802
WT_P50579-2,P50579-2,6,153,H,0.010288156
WT_P50579-2,P50579-2,6,154,R,0.00047719033
WT_P50579-2,P50579-2,6,155,Q,0.00042109116
WT_P50579-2,P50579-2,6,156,V,0.0007867997
WT_P50579-2,P50579-2,6,157,R,0.0003684705
WT_P50579-2,P50579-2,6,158,K,0.0004787182
WT_P50579-2,P50579-2,6,159,Y,0.001803575
WT_P50579-2,P50579-2,6,160,V,0.00050044927
WT_P50579-2,P50579-2,6,161,M,0.001709244
WT_P50579-2,P50579-2,6,162,S,0.00048827584
WT_P50579-2,P50579-2,6,163,W,0.0012130209
WT_P50579-2,P50579-2,6,164,I,0.0006071648
WT_P50579-2,P50579-2,6,165,K,0.00053798413
WT_P50579-2,P50579-2,6,166,P,0.001461346
WT_P50579-2,P50579-2,6,167,G,0.00066564436
WT_P50579-2,P50579-2,6,168,M,0.0016271897
WT_P50579-2,P50579-2,6,169,T,0.000414279
WT_P50579-2,P50579-2,6,170,M,0.0009205103
WT_P50579-2,P50579-2,6,171,I,0.00960441
WT_P50579-2,P50579-2,6,172,E,0.0011155885
WT_P50579-2,P50579-2,6,173,I,0.000801959
WT_P50579-2,P50579-2,6,174,C,0.0019225993
WT_P50579-2,P50579-2,6,175,E,0.0009919275
WT_P50579-2,P50579-2,6,176,K,0.00077533076
WT_P50579-2,P50579-2,6,177,L,0.0012373542
WT_P50579-2,P50579-2,6,178,E,0.0007541495
WT_P50579-2,P50579-2,6,179,D,0.001429334
WT_P50579-2,P50579-2,6,180,C,0.0017923205
WT_P50579-2,P50579-2,6,181,S,0.01358391
WT_P50579-2,P50579-2,6,182,R,0.00068684015
WT_P50579-2,P50579-2,6,183,K,0.0018759526
WT_P50579-2,P50579-2,6,184,L,0.0033481156
WT_P50579-2,P50579-2,6,185,I,0.001417046
WT_P50579-2,P50579-2,6,186,K,0.0007319205
WT_P50579-2,P50579-2,6,187,E,0.0016916627
WT_P50579-2,P50579-2,6,188,N,0.0007993912
WT_P50579-2,P50579-2,6,189,G,0.00096393336
WT_P50579-2,P50579-2,6,190,L,0.0012569593
WT_P50579-2,P50579-2,6,191,N,0.0009437601
WT_P50579-2,P50579-2,6,192,A,0.0008048449
WT_P50579-2,P50579-2,6,193,G,0.00084355054
WT_P50579-2,P50579-2,6,194,L,0.008562106
WT_P50579-2,P50579-2,6,195,A,0.0010322463
WT_P50579-2,P50579-2,6,196,F,0.0033055323
WT_P50579-2,P50579-2,6,197,P,0.0013216373
WT_P50579-2,P50579-2,6,198,T,0.00091342226
WT_P50579-2,P50579-2,6,199,G,0.0013922487
WT_P50579-2,P50579-2,6,200,C,0.010547628
WT_P50579-2,P50579-2,6,201,S,0.010260682
WT_P50579-2,P50579-2,6,202,L,0.00089495804
WT_P50579-2,P50579-2,6,203,N,0.0006045739
WT_P50579-2,P50579-2,6,204,N,0.0032357841
WT_P50579-2,P50579-2,6,205,C,0.0021502648
WT_P50579-2,P50579-2,6,206,A,0.0010444574
WT_P50579-2,P50579-2,6,207,A,0.0015012078
WT_P50579-2,P50579-2,6,208,H,0.005565192
WT_P50579-2,P50579-2,6,209,Y,0.0037142632
WT_P50579-2,P50579-2,6,210,T,0.009506435
WT_P50579-2,P50579-2,6,211,P,0.0009503422
WT_P50579-2,P50579-2,6,212,N,0.0060398146
WT_P50579-2,P50579-2,6,213,A,0.0014024843
WT_P50579-2,P50579-2,6,214,G,0.00075265364
WT_P50579-2,P50579-2,6,215,D,0.0005562911
WT_P50579-2,P50579-2,6,216,T,0.0014606409
WT_P50579-2,P50579-2,6,217,T,0.00094937795
WT_P50579-2,P50579-2,6,218,V,0.0011210765
WT_P50579-2,P50579-2,6,219,L,0.0011081322
WT_P50579-2,P50579-2,6,220,Q,0.000854497
WT_P50579-2,P50579-2,6,221,Y,0.0033154115
WT_P50579-2,P50579-2,6,222,D,0.00179707
WT_P50579-2,P50579-2,6,223,D,0.0008824062
WT_P50579-2,P50579-2,6,224,I,0.00037712645
WT_P50579-2,P50579-2,6,225,C,0.00740228
WT_P50579-2,P50579-2,6,226,K,0.006136885
WT_P50579-2,P50579-2,6,227,I,0.0016549925
WT_P50579-2,P50579-2,6,228,D,0.004131491
WT_P50579-2,P50579-2,6,229,F,0.0042988113
WT_P50579-2,P50579-2,6,230,G,0.0028626688
WT_P50579-2,P50579-2,6,231,T,0.0011820542
WT_P50579-2,P50579-2,6,232,H,0.02543169
WT_P50579-2,P50579-2,6,233,I,0.0013124376
WT_P50579-2,P50579-2,6,234,S,0.002234923
WT_P50579-2,P50579-2,6,235,G,0.0011184127
WT_P50579-2,P50579-2,6,236,R,0.0011529669
WT_P50579-2,P50579-2,6,237,I,0.00762488
WT_P50579-2,P50579-2,6,238,I,0.003102326
WT_P50579-2,P50579-2,6,239,D,0.004601736
WT_P50579-2,P50579-2,6,240,C,0.01135153
WT_P50579-2,P50579-2,6,241,A,0.0013221963
WT_P50579-2,P50579-2,6,242,F,0.0030662646
WT_P50579-2,P50579-2,6,243,T,0.0017573488
WT_P50579-2,P50579-2,6,244,V,0.0018818554
WT_P50579-2,P50579-2,6,245,T,0.0035214166
WT_P50579-2,P50579-2,6,246,F,0.0011553969
WT_P50579-2,P50579-2,6,247,N,0.0004987463
WT_P50579-2,P50579-2,6,248,P,0.0007332455
WT_P50579-2,P50579-2,6,249,K,0.00050879165
WT_P50579-2,P50579-2,6,250,Y,0.00703162
WT_P50579-2,P50579-2,6,251,D,0.0007560481
WT_P50579-2,P50579-2,6,252,T,0.014633639
WT_P50579-2,P50579-2,6,253,L,0.000755989
WT_P50579-2,P50579-2,6,254,L,0.0005528374
WT_P50579-2,P50579-2,6,255,K,0.00085055176
WT_P50579-2,P50579-2,6,256,A,0.0010124962
WT_P50579-2,P50579-2,6,257,V,0.00063231826
WT_P50579-2,P50579-2,6,258,K,0.000781421
WT_P50579-2,P50579-2,6,259,D,0.001603113
WT_P50579-2,P50579-2,6,260,A,0.0010957869
WT_P50579-2,P50579-2,6,261,T,0.0014980015
WT_P50579-2,P50579-2,6,262,N,0.0006845841
WT_P50579-2,P50579-2,6,263,T,0.0006423559
WT_P50579-2,P50579-2,6,264,G,0.00076668675
WT_P50579-2,P50579-2,6,265,I,0.00059581635
WT_P50579-2,P50579-2,6,266,K,0.0005664715
WT_P50579-2,P50579-2,6,267,C,0.0017513059
WT_P50579-2,P50579-2,6,268,A,0.0009309343
WT_P50579-2,P50579-2,6,269,G,0.0006717766
WT_P50579-2,P50579-2,6,270,I,0.0013191149
WT_P50579-2,P50579-2,6,271,D,0.0030443314
WT_P50579-2,P50579-2,6,272,V,0.0007107875
WT_P50579-2,P50579-2,6,273,R,0.000529978
WT_P50579-2,P50579-2,6,274,L,0.0016087111
WT_P50579-2,P50579-2,6,275,C,0.018470598
WT_P50579-2,P50579-2,6,276,D,0.007720751
WT_P50579-2,P50579-2,6,277,V,0.0024242254
WT_P50579-2,P50579-2,6,278,G,0.0018066356
WT_P50579-2,P50579-2,6,279,E,0.0015954609
WT_P50579-2,P50579-2,6,280,A,0.00078207586
WT_P50579-2,P50579-2,6,281,I,0.0010425148
WT_P50579-2,P50579-2,6,282,Q,0.00086182135
WT_P50579-2,P50579-2,6,283,E,0.00040686352
WT_P50579-2,P50579-2,6,284,V,0.0004069655
WT_P50579-2,P50579-2,6,285,M,0.0035156305
WT_P50579-2,P50579-2,6,286,E,0.00044046825
WT_P50579-2,P50579-2,6,287,S,0.0013082902
WT_P50579-2,P50579-2,6,288,Y,0.0011780087
WT_P50579-2,P50579-2,6,289,E,0.0005060745
WT_P50579-2,P50579-2,6,290,V,0.0003443778
WT_P50579-2,P50579-2,6,291,E,0.0010105658
WT_P50579-2,P50579-2,6,292,I,0.0031370257
WT_P50579-2,P50579-2,6,293,D,0.0020173045
WT_P50579-2,P50579-2,6,294,G,0.00095468154
WT_P50579-2,P50579-2,6,295,K,0.0007443682
WT_P50579-2,P50579-2,6,296,T,0.0018723045
WT_P50579-2,P50579-2,6,297,Y,0.0017065315
WT_P50579-2,P50579-2,6,298,Q,0.0056632366
WT_P50579-2,P50579-2,6,299,V,0.0008193847
WT_P50579-2,P50579-2,6,300,K,0.001224142
WT_P50579-2,P50579-2,6,301,P,0.008093668
WT_P50579-2,P50579-2,6,302,I,0.0009513039
WT_P50579-2,P50579-2,6,303,R,0.0026637905
WT_P50579-2,P50579-2,6,304,N,0.00084152207
WT_P50579-2,P50579-2,6,305,L,0.002207234
WT_P50579-2,P50579-2,6,306,N,0.0016477888
WT_P50579-2,P50579-2,6,307,G,0.0017761749
WT_P50579-2,P50579-2,6,308,H,0.002541215
WT_P50579-2,P50579-2,6,309,S,0.0022077025
WT_P50579-2,P50579-2,6,310,I,0.0011701325
WT_P50579-2,P50579-2,6,311,G,0.001222563
WT_P50579-2,P50579-2,6,312,Q,0.0012262136
WT_P50579-2,P50579-2,6,313,Y,0.0019925593
WT_P50579-2,P50579-2,6,314,R,0.0011439709
WT_P50579-2,P50579-2,6,315,I,0.00094904995
WT_P50579-2,P50579-2,6,316,H,0.0020844233
WT_P50579-2,P50579-2,6,317,A,0.001576754
WT_P50579-2,P50579-2,6,318,G,0.0010006304
WT_P50579-2,P50579-2,6,319,K,0.00042837506
WT_P50579-2,P50579-2,6,320,T,0.0026577094
WT_P50579-2,P50579-2,6,321,V,0.00047492853
WT_P50579-2,P50579-2,6,322,P,0.0011079863
WT_P50579-2,P50579-2,6,323,I,0.003581175
WT_P50579-2,P50579-2,6,324,V,0.0019787417
WT_P50579-2,P50579-2,6,325,K,0.0017151382
WT_P50579-2,P50579-2,6,326,G,0.0028762792
WT_P50579-2,P50579-2,6,327,G,0.001260387
WT_P50579-2,P50579-2,6,328,E,0.00048456475
WT_P50579-2,P50579-2,6,329,A,0.0005935774
WT_P50579-2,P50579-2,6,330,T,0.00214928
WT_P50579-2,P50579-2,6,331,R,0.0012552134
WT_P50579-2,P50579-2,6,332,M,0.00057324447
WT_P50579-2,P50579-2,6,333,E,0.0016193193
WT_P50579-2,P50579-2,6,334,E,0.000575963
WT_P50579-2,P50579-2,6,335,G,0.0005850433
WT_P50579-2,P50579-2,6,336,E,0.0020274674
WT_P50579-2,P50579-2,6,337,V,0.0005694527
WT_P50579-2,P50579-2,6,338,Y,0.003768375
WT_P50579-2,P50579-2,6,339,A,0.0017006088
WT_P50579-2,P50579-2,6,340,I,0.0014869485
WT_P50579-2,P50579-2,6,341,E,0.0011388729
WT_P50579-2,P50579-2,6,342,T,0.0017572157
WT_P50579-2,P50579-2,6,343,F,0.002835191
WT_P50579-2,P50579-2,6,344,G,0.0014788613
WT_P50579-2,P50579-2,6,345,S,0.0019563127
WT_P50579-2,P50579-2,6,346,T,0.0015598411
WT_P50579-2,P50579-2,6,347,G,0.00037852608
WT_P50579-2,P50579-2,6,348,K,0.002627002
WT_P50579-2,P50579-2,6,349,G,0.000822778
WT_P50579-2,P50579-2,6,350,V,0.0007179453
WT_P50579-2,P50579-2,6,351,V,0.0013287661
WT_P50579-2,P50579-2,6,352,H,0.0011762466
WT_P50579-2,P50579-2,6,353,D,0.001038441
WT_P50579-2,P50579-2,6,354,D,0.0017648574
WT_P50579-2,P50579-2,6,355,M,0.0007097933
WT_P50579-2,P50579-2,6,356,E,0.0016647759
WT_P50579-2,P50579-2,6,357,C,0.0074625975
WT_P50579-2,P50579-2,6,358,S,0.037330557
WT_P50579-2,P50579-2,6,359,H,0.00992677
WT_P50579-2,P50579-2,6,360,Y,0.0030872158
WT_P50579-2,P50579-2,6,361,M,0.002424111
WT_P50579-2,P50579-2,6,362,K,0.0015586467
WT_P50579-2,P50579-2,6,363,N,0.0021227044
WT_P50579-2,P50579-2,6,364,F,0.00336452
WT_P50579-2,P50579-2,6,365,D,0.004448381
WT_P50579-2,P50579-2,6,366,V,0.000900923
WT_P50579-2,P50579-2,6,367,G,0.0010684517
WT_P50579-2,P50579-2,6,368,H,0.002332769
WT_P50579-2,P50579-2,6,369,V,0.0016141705
WT_P50579-2,P50579-2,6,370,P,0.0020401152
WT_P50579-2,P50579-2,6,371,I,0.001453965
WT_P50579-2,P50579-2,6,372,R,0.00049164344
WT_P50579-2,P50579-2,6,373,L,0.0011038721
WT_P50579-2,P50579-2,6,374,P,0.00082657154
WT_P50579-2,P50579-2,6,375,R,0.0014935865
WT_P50579-2,P50579-2,6,376,T,0.0017744434
WT_P50579-2,P50579-2,6,377,K,0.0005775265
WT_P50579-2,P50579-2,6,378,H,0.0009158916
WT_P50579-2,P50579-2,6,379,L,0.0013411925
WT_P50579-2,P50579-2,6,380,L,0.004570796
WT_P50579-2,P50579-2,6,381,N,0.0015300681
WT_P50579-2,P50579-2,6,382,V,0.0040794592
WT_P50579-2,P50579-2,6,383,I,0.001180051
WT_P50579-2,P50579-2,6,384,N,0.0026515923
WT_P50579-2,P50579-2,6,385,E,0.0009688227
WT_P50579-2,P50579-2,6,386,N,0.00080580695
WT_P50579-2,P50579-2,6,387,F,0.0009016084
WT_P50579-2,P50579-2,6,388,G,0.00080024556
WT_P50579-2,P50579-2,6,389,T,0.0024407175
WT_P50579-2,P50579-2,6,390,L,0.0023321782
WT_P50579-2,P50579-2,6,391,A,0.0047282004
WT_P50579-2,P50579-2,6,392,F,0.0013260114
WT_P50579-2,P50579-2,6,393,C,0.0027445485
WT_P50579-2,P50579-2,6,394,R,0.0014746537
WT_P50579-2,P50579-2,6,395,R,0.00042124052
WT_P50579-2,P50579-2,6,396,W,0.0045150723
WT_P50579-2,P50579-2,6,397,L,0.0007766718
WT_P50579-2,P50579-2,6,398,D,0.0017052907
WT_P50579-2,P50579-2,6,399,R,0.00078306714
WT_P50579-2,P50579-2,6,400,L,0.0007221033
WT_P50579-2,P50579-2,6,401,G,0.0018431562
WT_P50579-2,P50579-2,6,402,E,0.0028709925
WT_P50579-2,P50579-2,6,403,S,0.0016462739
WT_P50579-2,P50579-2,6,404,K,0.00062336953
WT_P50579-2,P50579-2,6,405,Y,0.0017007052
WT_P50579-2,P50579-2,6,406,L,0.0009667525
WT_P50579-2,P50579-2,6,407,M,0.0019604764
WT_P50579-2,P50579-2,6,408,A,0.001632685
WT_P50579-2,P50579-2,6,409,L,0.0015932661
WT_P50579-2,P50579-2,6,410,K,0.0007651517
WT_P50579-2,P50579-2,6,411,N,0.00094473123
WT_P50579-2,P50579-2,6,412,L,0.0011957153
WT_P50579-2,P50579-2,6,413,C,0.0016803287
WT_P50579-2,P50579-2,6,414,D,0.001180882
WT_P50579-2,P50579-2,6,415,L,0.0011771921
WT_P50579-2,P50579-2,6,416,G,0.0009848574
WT_P50579-2,P50579-2,6,417,I,0.0005583355
WT_P50579-2,P50579-2,6,418,V,0.0010125489
WT_P50579-2,P50579-2,6,419,D,0.0058174594
WT_P50579-2,P50579-2,6,420,P,0.0015761072
WT_P50579-2,P50579-2,6,421,Y,0.005229632
WT_P50579-2,P50579-2,6,422,P,0.0027841325
WT_P50579-2,P50579-2,6,423,P,0.0014044284
WT_P50579-2,P50579-2,6,424,L,0.0015303136
WT_P50579-2,P50579-2,6,425,C,0.011591682
WT_P50579-2,P50579-2,6,426,D,0.0010467079
WT_P50579-2,P50579-2,6,427,I,0.0021718594
WT_P50579-2,P50579-2,6,428,K,0.0013449055
WT_P50579-2,P50579-2,6,429,G,0.0010223653
WT_P50579-2,P50579-2,6,430,S,0.0018543871
WT_P50579-2,P50579-2,6,431,Y,0.0039459877
WT_P50579-2,P50579-2,6,432,T,0.0014017681
WT_P50579-2,P50579-2,6,433,A,0.0016231416
WT_P50579-2,P50579-2,6,434,Q,0.004176591
WT_P50579-2,P50579-2,6,435,F,0.006681688
WT_P50579-2,P50579-2,6,436,E,0.00084141403
WT_P50579-2,P50579-2,6,437,H,0.030461319
WT_P50579-2,P50579-2,6,438,T,0.004574803
WT_P50579-2,P50579-2,6,439,I,0.0009101326
WT_P50579-2,P50579-2,6,440,L,0.0026111314
WT_P50579-2,P50579-2,6,441,L,0.0034492984
WT_P50579-2,P50579-2,6,442,R,0.0014759848
WT_P50579-2,P50579-2,6,443,P,0.0018728477
WT_P50579-2,P50579-2,6,444,T,0.00201734
WT_P50579-2,P50579-2,6,445,C,0.0015516792
WT_P50579-2,P50579-2,6,446,K,0.0061267475
WT_P50579-2,P50579-2,6,447,E,0.001652262
WT_P50579-2,P50579-2,6,448,V,0.0011917832
WT_P50579-2,P50579-2,6,449,V,0.0017005345
WT_P50579-2,P50579-2,6,450,S,0.00120396
WT_P50579-2,P50579-2,6,451,R,0.000988316
WT_P50579-2,P50579-2,6,452,G,0.0007405804
WT_P50579-2,P50579-2,6,453,D,0.0028339876
WT_P50579-2,P50579-2,6,454,D,0.0024748913
WT_P50579-2,P50579-2,6,455,Y,0.0010487232
WT_Q9NPC1,Q9NPC1,7,1,M,0.0015005933
WT_Q9NPC1,Q9NPC1,7,2,S,0.0024251586
WT_Q9NPC1,Q9NPC1,7,3,V,0.0018926224
WT_Q9NPC1,Q9NPC1,7,4,C,0.005031151
WT_Q9NPC1,Q9NPC1,7,5,Y,0.0045115035
WT_Q9NPC1,Q9NPC1,7,6,R,0.0023325703
WT_Q9NPC1,Q9NPC1,7,7,P,0.002960042
WT_Q9NPC1,Q9NPC1,7,8,P,0.001893578
WT_Q9NPC1,Q9NPC1,7,9,G,0.0012557979
WT_Q9NPC1,Q9NPC1,7,10,N,0.0051442985
WT_Q9NPC1,Q9NPC1,7,11,E,0.00093015155
WT_Q9NPC1,Q9NPC1,7,12,T,0.0009885998
WT_Q9NPC1,Q9NPC1,7,13,L,0.0016544577
WT_Q9NPC1,Q9NPC1,7,14,L,0.0012087767
WT_Q9NPC1,Q9NPC1,7,15,S,0.0011004267
WT_Q9NPC1,Q9NPC1,7,16,W,0.0010802728
WT_Q9NPC1,Q9NPC1,7,17,K,0.0015472722
WT_Q9NPC1,Q9NPC1,7,18,T,0.0036687509
WT_Q9NPC1,Q9NPC1,7,19,S,0.001967429
WT_Q9NPC1,Q9NPC1,7,20,R,0.001233299
WT_Q9NPC1,Q9NPC1,7,21,A,0.0015458907
WT_Q9NPC1,Q9NPC1,7,22,T,0.0010793097
WT_Q9NPC1,Q9NPC1,7,23,G,0.0005801311
WT_Q9NPC1,Q9NPC1,7,24,T,0.003315678
WT_Q9NPC1,Q9NPC1,7,25,A,0.0010183126
WT_Q9NPC1,Q9NPC1,7,26,F,0.0012002166
WT_Q9NPC1,Q9NPC1,7,27,L,0.0006667246
WT_Q9NPC1,Q9NPC1,7,28,L,0.0008422852
WT_Q9NPC1,Q9NPC1,7,29,L,0.00037589838
WT_Q9NPC1,Q9NPC1,7,30,A,0.00085250096
WT_Q9NPC1,Q9NPC1,7,31,A,0.0011180732
WT_Q9NPC1,Q9NPC1,7,32,L,0.001068445
WT_Q9NPC1,Q9NPC1,7,33,L,0.0010893148
WT_Q9NPC1,Q9NPC1,7,34,G,0.00085273024
WT_Q9NPC1,Q9NPC1,7,35,L,0.00084940944
WT_Q9NPC1,Q9NPC1,7,36,P,0.004309702
WT_Q9NPC1,Q9NPC1,7,37,G,0.0010658258
WT_Q9NPC1,Q9NPC1,7,38,N,0.0015262787
WT_Q9NPC1,Q9NPC1,7,39,G,0.0010940045
WT_Q9NPC1,Q9NPC1,7,40,F,0.0016792986
WT_Q9NPC1,Q9NPC1,7,41,V,0.00084700773
WT_Q9NPC1,Q9NPC1,7,42,V,0.00066476496
WT_Q9NPC1,Q9NPC1,7,43,W,0.0017864944
WT_Q9NPC1,Q9NPC1,7,44,S,0.0017117932
WT_Q9NPC1,Q9NPC1,7,45,L,0.0014636158
WT_Q9NPC1,Q9NPC1,7,46,A,0.0012402779
WT_Q9NPC1,Q9NPC1,7,47,G,0.0006060204
WT_Q9NPC1,Q9NPC1,7,48,W,0.0007623568
WT_Q9NPC1,Q9NPC1,7,49,R,0.00054459414
WT_Q9NPC1,Q9NPC1,7,50,P,0.0008024152
WT_Q9NPC1,Q9NPC1,7,51,A,0.0007196824
WT_Q9NPC1,Q9NPC1,7,52,R,0.0004979275
WT_Q9NPC1,Q9NPC1,7,53,G,0.00060051546
WT_Q9NPC1,Q9NPC1,7,54,R,0.00058239995
WT_Q9NPC1,Q9NPC1,7,55,P,0.0018784321
WT_Q9NPC1,Q9NPC1,7,56,L,0.0009803834
WT_Q9NPC1,Q9NPC1,7,57,A,0.0013659154
WT_Q9NPC1,Q9NPC1,7,58,A,0.00096347317
WT_Q9NPC1,Q9NPC1,7,59,T,0.00068126386
WT_Q9NPC1,Q9NPC1,7,60,L,0.000915126
WT_Q9NPC1,Q9NPC1,7,61,V,0.00089420105
WT_Q9NPC1,Q9NPC1,7,62,L,0.0008582415
WT_Q9NPC1,Q9NPC1,7,63,H,0.0053867274
WT_Q9NPC1,Q9NPC1,7,64,L,0.0008716613
WT_Q9NPC1,Q9NPC1,7,65,A,0.001181734
WT_Q9NPC1,Q9NPC1,7,66,L,0.0008680947
WT_Q9NPC1,Q9NPC1,7,67,A,0.0013918179
WT_Q9NPC1,Q9NPC1,7,68,D,0.0020927505
WT_Q9NPC1,Q9NPC1,7,69,G,0.0010341528
WT_Q9NPC1,Q9NPC1,7,70,A,0.005482138
WT_Q9NPC1,Q9NPC1,7,71,V,0.00084470777
WT_Q9NPC1,Q9NPC1,7,72,L,0.06936488
WT_Q9NPC1,Q9NPC1,7,73,L,0.00083898235
WT_Q9NPC1,Q9NPC1,7,74,L,0.005872377
WT_Q9NPC1,Q9NPC1,7,75,T,0.008490987
WT_Q9NPC1,Q9NPC1,7,76,P,0.0010732089
WT_Q9NPC1,Q9NPC1,7,77,L,0.0010411645
WT_Q9NPC1,Q9NPC1,7,78,F,0.00146866
WT_Q9NPC1,Q9NPC1,7,79,V,0.0010205633
WT_Q9NPC1,Q9NPC1,7,80,A,0.0055742087
WT_Q9NPC1,Q9NPC1,7,81,F,0.004734025
WT_Q9NPC1,Q9NPC1,7,82,L,0.013681042
WT_Q9NPC1,Q9NPC1,7,83,T,0.0014535595
WT_Q9NPC1,Q9NPC1,7,84,R,0.0026859918
WT_Q9NPC1,Q9NPC1,7,85,Q,0.0018709523
WT_Q9NPC1,Q9NPC1,7,86,A,0.0031604178
WT_Q9NPC1,Q9NPC1,7,87,W,0.00093519816
WT_Q9NPC1,Q9NPC1,7,88,P,0.02245634
WT_Q9NPC1,Q9NPC1,7,89,L,0.015959302
WT_Q9NPC1,Q9NPC1,7,90,G,0.0025523072
WT_Q9NPC1,Q9NPC1,7,91,Q,0.00754865
WT_Q9NPC1,Q9NPC1,7,92,A,0.0021668198
WT_Q9NPC1,Q9NPC1,7,93,G,0.005314103
WT_Q9NPC1,Q9NPC1,7,94,C,0.010074119
WT_Q9NPC1,Q9NPC1,7,95,K,0.0027368246
WT_Q9NPC1,Q9NPC1,7,96,A,0.0020646418
WT_Q9NPC1,Q9NPC1,7,97,V,0.0009855428
WT_Q9NPC1,Q9NPC1,7,98,Y,0.0022589923
WT_Q9NPC1,Q9NPC1,7,99,Y,0.0026297455
WT_Q9NPC1,Q9NPC1,7,100,V,0.0007820138
WT_Q9NPC1,Q9NPC1,7,101,C,0.0014221139
WT_Q9NPC1,Q9NPC1,7,102,A,0.006816512
WT_Q9NPC1,Q9NPC1,7,103,L,0.0048612314
WT_Q9NPC1,Q9NPC1,7,104,S,0.00315283
WT_Q9NPC1,Q9NPC1,7,105,M,0.0013712075
WT_Q9NPC1,Q9NPC1,7,106,Y,0.0017930163
WT_Q9NPC1,Q9NPC1,7,107,A,0.0009228485
WT_Q9NPC1,Q9NPC1,7,108,S,0.001230025
WT_Q9NPC1,Q9NPC1,7,109,V,0.0006910601
WT_Q9NPC1,Q9NPC1,7,110,L,0.0030841508
WT_Q9NPC1,Q9NPC1,7,111,L,0.013993635
WT_Q9NPC1,Q9NPC1,7,112,T,0.0031652804
WT_Q9NPC1,Q9NPC1,7,113,G,0.002697529
WT_Q9NPC1,Q9NPC1,7,114,L,0.0030341966
WT_Q9NPC1,Q9NPC1,7,115,L,0.0010003073
WT_Q9NPC1,Q9NPC1,7,116,S,0.000997401
WT_Q9NPC1,Q9NPC1,7,117,L,0.0010747092
WT_Q9NPC1,Q9NPC1,7,118,Q,0.0070018107
WT_Q9NPC1,Q9NPC1,7,119,R,0.0012555897
WT_Q9NPC1,Q9NPC1,7,120,C,0.00362457
WT_Q9NPC1,Q9NPC1,7,121,L,0.00087399874
WT_Q9NPC1,Q9NPC1,7,122,A,0.0008945698
WT_Q9NPC1,Q9NPC1,7,123,V,0.0011423635
WT_Q9NPC1,Q9NPC1,7,124,T,0.0011291172
WT_Q9NPC1,Q9NPC1,7,125,R,0.0015588853
WT_Q9NPC1,Q9NPC1,7,126,P,0.0011694877
WT_Q9NPC1,Q9NPC1,7,127,F,0.009436253
WT_Q9NPC1,Q9NPC1,7,128,L,0.00094562664
WT_Q9NPC1,Q9NPC1,7,129,A,0.012750119
WT_Q9NPC1,Q9NPC1,7,130,P,0.0005384465
WT_Q9NPC1,Q9NPC1,7,131,R,0.0004566681
WT_Q9NPC1,Q9NPC1,7,132,L,0.00082301756
WT_Q9NPC1,Q9NPC1,7,133,R,0.0006838196
WT_Q9NPC1,Q9NPC1,7,134,S,0.00079971884
WT_Q9NPC1,Q9NPC1,7,135,P,0.00094257
WT_Q9NPC1,Q9NPC1,7,136,A,0.001388602
WT_Q9NPC1,Q9NPC1,7,137,L,0.0020700865
WT_Q9NPC1,Q9NPC1,7,138,A,0.0007358254
WT_Q9NPC1,Q9NPC1,7,139,R,0.0006056185
WT_Q9NPC1,Q9NPC1,7,140,R,0.0006303725
WT_Q9NPC1,Q9NPC1,7,141,L,0.0022410962
WT_Q9NPC1,Q9NPC1,7,142,L,0.0026503922
WT_Q9NPC1,Q9NPC1,7,143,L,0.001459416
WT_Q9NPC1,Q9NPC1,7,144,A,0.001148699
WT_Q9NPC1,Q9NPC1,7,145,V,0.00064862234
WT_Q9NPC1,Q9NPC1,7,146,W,0.0009782398
WT_Q9NPC1,Q9NPC1,7,147,L,0.0011384705
WT_Q9NPC1,Q9NPC1,7,148,A,0.002289671
WT_Q9NPC1,Q9NPC1,7,149,A,0.0022335963
WT_Q9NPC1,Q9NPC1,7,150,L,0.0011607385
WT_Q9NPC1,Q9NPC1,7,151,L,0.0017982014
WT_Q9NPC1,Q9NPC1,7,152,L,0.0018487745
WT_Q9NPC1,Q9NPC1,7,153,A,0.001508487
WT_Q9NPC1,Q9NPC1,7,154,V,0.0012918364
WT_Q9NPC1,Q9NPC1,7,155,P,0.0011372409
WT_Q9NPC1,Q9NPC1,7,156,A,0.0031377985
WT_Q9NPC1,Q9NPC1,7,157,A,0.0027886208
WT_Q9NPC1,Q9NPC1,7,158,V,0.0019311806
WT_Q9NPC1,Q9NPC1,7,159,Y,0.0020025058
WT_Q9NPC1,Q9NPC1,7,160,R,0.0015642548
WT_Q9NPC1,Q9NPC1,7,161,H,0.0019580072
WT_Q9NPC1,Q9NPC1,7,162,L,0.003283823
WT_Q9NPC1,Q9NPC1,7,163,W,0.0025910586
WT_Q9NPC1,Q9NPC1,7,164,R,0.0035102975
WT_Q9NPC1,Q9NPC1,7,165,D,0.012514324
WT_Q9NPC1,Q9NPC1,7,166,R,0.007090321
WT_Q9NPC1,Q9NPC1,7,167,V,0.01936224
WT_Q9NPC1,Q9NPC1,7,168,C,0.005805661
WT_Q9NPC1,Q9NPC1,7,169,Q,0.009837126
WT_Q9NPC1,Q9NPC1,7,170,L,0.0059189657
WT_Q9NPC1,Q9NPC1,7,171,C,0.012791876
WT_Q9NPC1,Q9NPC1,7,172,H,0.0028595142
WT_Q9NPC1,Q9NPC1,7,173,P,0.002042571
WT_Q9NPC1,Q9NPC1,7,174,S,0.002947762
WT_Q9NPC1,Q9NPC1,7,175,P,0.0019369613
WT_Q9NPC1,Q9NPC1,7,176,V,0.0010668851
WT_Q9NPC1,Q9NPC1,7,177,H,0.0013952176
WT_Q9NPC1,Q9NPC1,7,178,A,0.0044152285
WT_Q9NPC1,Q9NPC1,7,179,A,0.0016059434
WT_Q9NPC1,Q9NPC1,7,180,A,0.0030587343
WT_Q9NPC1,Q9NPC1,7,181,H,0.0028508464
WT_Q9NPC1,Q9NPC1,7,182,L,0.00084961025
WT_Q9NPC1,Q9NPC1,7,183,S,0.0019146263
WT_Q9NPC1,Q9NPC1,7,184,L,0.0018972979
WT_Q9NPC1,Q9NPC1,7,185,E,0.001611472
WT_Q9NPC1,Q9NPC1,7,186,T,0.0048945695
WT_Q9NPC1,Q9NPC1,7,187,L,0.0010666774
WT_Q9NPC1,Q9NPC1,7,188,T,0.0012027394
WT_Q9NPC1,Q9NPC1,7,189,A,0.0014774936
WT_Q9NPC1,Q9NPC1,7,190,F,0.0031010523
WT_Q9NPC1,Q9NPC1,7,191,V,0.0009777253
WT_Q9NPC1,Q9NPC1,7,192,L,0.0011823113
WT_Q9NPC1,Q9NPC1,7,193,P,0.0012809542
WT_Q9NPC1,Q9NPC1,7,194,F,0.01009908
WT_Q9NPC1,Q9NPC1,7,195,G,0.0012973091
WT_Q9NPC1,Q9NPC1,7,196,L,0.002872124
WT_Q9NPC1,Q9NPC1,7,197,M,0.0015279246
WT_Q9NPC1,Q9NPC1,7,198,L,0.00081339525
WT_Q9NPC1,Q9NPC1,7,199,G,0.002396256
WT_Q9NPC1,Q9NPC1,7,200,C,0.0116410805
WT_Q9NPC1,Q9NPC1,7,201,Y,0.001608449
WT_Q9NPC1,Q9NPC1,7,202,S,0.0039568353
WT_Q9NPC1,Q9NPC1,7,203,V,0.002176686
WT_Q9NPC1,Q9NPC1,7,204,T,0.0013633478
WT_Q9NPC1,Q9NPC1,7,205,L,0.0010729529
WT_Q9NPC1,Q9NPC1,7,206,A,0.0013077247
WT_Q9NPC1,Q9NPC1,7,207,R,0.0011296159
WT_Q9NPC1,Q9NPC1,7,208,L,0.0011366594
WT_Q9NPC1,Q9NPC1,7,209,R,0.0008242296
WT_Q9NPC1,Q9NPC1,7,210,G,0.0011846394
WT_Q9NPC1,Q9NPC1,7,211,A,0.005516845
WT_Q9NPC1,Q9NPC1,7,212,R,0.0010725559
WT_Q9NPC1,Q9NPC1,7,213,W,0.00062949007
WT_Q9NPC1,Q9NPC1,7,214,G,0.0008433737
WT_Q9NPC1,Q9NPC1,7,215,S,0.0007341668
WT_Q9NPC1,Q9NPC1,7,216,G,0.001450945
WT_Q9NPC1,Q9NPC1,7,217,R,0.0006118246
WT_Q9NPC1,Q9NPC1,7,218,H,0.0005818473
WT_Q9NPC1,Q9NPC1,7,219,G,0.00068124477
WT_Q9NPC1,Q9NPC1,7,220,A,0.0015628863
WT_Q9NPC1,Q9NPC1,7,221,R,0.0006856326
WT_Q9NPC1,Q9NPC1,7,222,V,0.0006999174
WT_Q9NPC1,Q9NPC1,7,223,G,0.001667383
WT_Q9NPC1,Q9NPC1,7,224,R,0.0012024872
WT_Q9NPC1,Q9NPC1,7,225,L,0.0019665705
WT_Q9NPC1,Q9NPC1,7,226,V,0.0009360191
WT_Q9NPC1,Q9NPC1,7,227,S,0.0017968154
WT_Q9NPC1,Q9NPC1,7,228,A,0.0013765552
WT_Q9NPC1,Q9NPC1,7,229,I,0.0012982065
WT_Q9NPC1,Q9NPC1,7,230,V,0.0010871186
WT_Q9NPC1,Q9NPC1,7,231,L,0.0010020027
WT_Q9NPC1,Q9NPC1,7,232,A,0.0013342042
WT_Q9NPC1,Q9NPC1,7,233,F,0.0012154356
WT_Q9NPC1,Q9NPC1,7,234,G,0.00145357
WT_Q9NPC1,Q9NPC1,7,235,L,0.0019523832
WT_Q9NPC1,Q9NPC1,7,236,L,0.002924252
WT_Q9NPC1,Q9NPC1,7,237,W,0.0018903877
WT_Q9NPC1,Q9NPC1,7,238,A,0.0015642609
WT_Q9NPC1,Q9NPC1,7,239,P,0.0025356964
WT_Q9NPC1,Q9NPC1,7,240,Y,0.005794086
WT_Q9NPC1,Q9NPC1,7,241,H,0.0068015633
WT_Q9NPC1,Q9NPC1,7,242,A,0.0012557014
WT_Q9NPC1,Q9NPC1,7,243,V,0.0021652393
WT_Q9NPC1,Q9NPC1,7,244,N,0.0012761322
WT_Q9NPC1,Q9NPC1,7,245,L,0.00088988914
WT_Q9NPC1,Q9NPC1,7,246,L,0.00086425757
WT_Q9NPC1,Q9NPC1,7,247,Q,0.0016797186
WT_Q9NPC1,Q9NPC1,7,248,A,0.0010032188
WT_Q9NPC1,Q9NPC1,7,249,V,0.0005954546
WT_Q9NPC1,Q9NPC1,7,250,A,0.0010305597
WT_Q9NPC1,Q9NPC1,7,251,A,0.0015160205
WT_Q9NPC1,Q9NPC1,7,252,L,0.0013044134
WT_Q9NPC1,Q9NPC1,7,253,A,0.00080553605
WT_Q9NPC1,Q9NPC1,7,254,P,0.0007378874
WT_Q9NPC1,Q9NPC1,7,255,P,0.0014830123
WT_Q9NPC1,Q9NPC1,7,256,E,0.0018094161
WT_Q9NPC1,Q9NPC1,7,257,G,0.0015259379
WT_Q9NPC1,Q9NPC1,7,258,A,0.0020438852
WT_Q9NPC1,Q9NPC1,7,259,L,0.0019468281
WT_Q9NPC1,Q9NPC1,7,260,A,0.00083801395
WT_Q9NPC1,Q9NPC1,7,261,K,0.0012978246
WT_Q9NPC1,Q9NPC1,7,262,L,0.0009989332
WT_Q9NPC1,Q9NPC1,7,263,G,0.0012404539
WT_Q9NPC1,Q9NPC1,7,264,G,0.0027511644
WT_Q9NPC1,Q9NPC1,7,265,A,0.0026453107
WT_Q9NPC1,Q9NPC1,7,266,G,0.032644812
WT_Q9NPC1,Q9NPC1,7,267,Q,0.0012619831
WT_Q9NPC1,Q9NPC1,7,268,A,0.0026695908
WT_Q9NPC1,Q9NPC1,7,269,A,0.0023145564
WT_Q9NPC1,Q9NPC1,7,270,R,0.0013155555
WT_Q9NPC1,Q9NPC1,7,271,A,0.0030372874
WT_Q9NPC1,Q9NPC1,7,272,G,0.003326436
WT_Q9NPC1,Q9NPC1,7,273,T,0.0008982937
WT_Q9NPC1,Q9NPC1,7,274,T,0.0020002914
WT_Q9NPC1,Q9NPC1,7,275,A,0.002547279
WT_Q9NPC1,Q9NPC1,7,276,L,0.0013113613
WT_Q9NPC1,Q9NPC1,7,277,A,0.0010466606
WT_Q9NPC1,Q9NPC1,7,278,F,0.004564231
WT_Q9NPC1,Q9NPC1,7,279,F,0.0009451797
WT_Q9NPC1,Q9NPC1,7,280,S,0.0014747614
WT_Q9NPC1,Q9NPC1,7,281,S,0.0025267839
WT_Q9NPC1,Q9NPC1,7,282,S,0.0012399794
WT_Q9NPC1,Q9NPC1,7,283,V,0.0010619299
WT_Q9NPC1,Q9NPC1,7,284,N,0.0025722447
WT_Q9NPC1,Q9NPC1,7,285,P,0.0012379244
WT_Q9NPC1,Q9NPC1,7,286,V,0.0013059829
WT_Q9NPC1,Q9NPC1,7,287,L,0.001814362
WT_Q9NPC1,Q9NPC1,7,288,Y,0.00085495727
WT_Q9NPC1,Q9NPC1,7,289,V,0.0014244007
WT_Q9NPC1,Q9NPC1,7,290,F,0.0011211978
WT_Q9NPC1,Q9NPC1,7,291,T,0.0011739293
WT_Q9NPC1,Q9NPC1,7,292,A,0.00075662136
WT_Q9NPC1,Q9NPC1,7,293,G,0.0013178687
WT_Q9NPC1,Q9NPC1,7,294,D,0.021880047
WT_Q9NPC1,Q9NPC1,7,295,L,0.0011549047
WT_Q9NPC1,Q9NPC1,7,296,L,0.0011206925
WT_Q9NPC1,Q9NPC1,7,297,P,0.0004609142
WT_Q9NPC1,Q9NPC1,7,298,R,0.0006747172
WT_Q9NPC1,Q9NPC1,7,299,A,0.001585022
WT_Q9NPC1,Q9NPC1,7,300,G,0.002137896
WT_Q9NPC1,Q9NPC1,7,301,P,0.0017276224
WT_Q9NPC1,Q9NPC1,7,302,R,0.0008021341
WT_Q9NPC1,Q9NPC1,7,303,F,0.0022028994
WT_Q9NPC1,Q9NPC1,7,304,L,0.0012111983
WT_Q9NPC1,Q9NPC1,7,305,T,0.0014078339
WT_Q9NPC1,Q9NPC1,7,306,R,0.00068384083
WT_Q9NPC1,Q9NPC1,7,307,L,0.0019158372
WT_Q9NPC1,Q9NPC1,7,308,F,0.0011372532
WT_Q9NPC1,Q9NPC1,7,309,E,0.00048599334
WT_Q9NPC1,Q9NPC1,7,310,G,0.0013757239
WT_Q9NPC1,Q9NPC1,7,311,S,0.012164458
WT_Q9NPC1,Q9NPC1,7,312,G,0.0010062314
WT_Q9NPC1,Q9NPC1,7,313,E,0.00073268387
WT_Q9NPC1,Q9NPC1,7,314,A,0.0013756041
WT_Q9NPC1,Q9NPC1,7,315,R,0.0014623355
WT_Q9NPC1,Q9NPC1,7,316,G,0.00081324426
WT_Q9NPC1,Q9NPC1,7,317,G,0.00067697174
WT_Q9NPC1,Q9NPC1,7,318,G,0.000947348
WT_Q9NPC1,Q9NPC1,7,319,R,0.0012161392
WT_Q9NPC1,Q9NPC1,7,320,S,0.0014707652
WT_Q9NPC1,Q9NPC1,7,321,R,0.0013369143
WT_Q9NPC1,Q9NPC1,7,322,E,0.0022055898
WT_Q9NPC1,Q9NPC1,7,323,G,0.0032968484
WT_Q9NPC1,Q9NPC1,7,324,T,0.0027446982
WT_Q9NPC1,Q9NPC1,7,325,M,0.003028332
WT_Q9NPC1,Q9NPC1,7,326,E,0.0016111395
WT_Q9NPC1,Q9NPC1,7,327,L,0.004067437
WT_Q9NPC1,Q9NPC1,7,328,R,0.003079955
WT_Q9NPC1,Q9NPC1,7,329,T,0.002652145
WT_Q9NPC1,Q9NPC1,7,330,T,0.0018798838
WT_Q9NPC1,Q9NPC1,7,331,P,0.009246769
WT_Q9NPC1,Q9NPC1,7,332,Q,0.0028317156
WT_Q9NPC1,Q9NPC1,7,333,L,0.0073975353
WT_Q9NPC1,Q9NPC1,7,334,K,0.0034274082
WT_Q9NPC1,Q9NPC1,7,335,V,0.0023639845
WT_Q9NPC1,Q9NPC1,7,336,V,0.001851921
WT_Q9NPC1,Q9NPC1,7,337,G,0.0042019836
WT_Q9NPC1,Q9NPC1,7,338,Q,0.0033287776
WT_Q9NPC1,Q9NPC1,7,339,G,0.0019910296
WT_Q9NPC1,Q9NPC1,7,340,R,0.004481701
WT_Q9NPC1,Q9NPC1,7,341,G,0.0035911065
WT_Q9NPC1,Q9NPC1,7,342,N,0.0028106654
WT_Q9NPC1,Q9NPC1,7,343,G,0.0026441023
WT_Q9NPC1,Q9NPC1,7,344,D,0.010904515
WT_Q9NPC1,Q9NPC1,7,345,P,0.0040636915
WT_Q9NPC1,Q9NPC1,7,346,G,0.002047779
WT_Q9NPC1,Q9NPC1,7,347,G,0.001876072
WT_Q9NPC1,Q9NPC1,7,348,G,0.0019669258
WT_Q9NPC1,Q9NPC1,7,349,M,0.0034568566
WT_Q9NPC1,Q9NPC1,7,350,E,0.004926686
WT_Q9NPC1,Q9NPC1,7,351,K,0.004049618
WT_Q9NPC1,Q9NPC1,7,352,D,0.0059161684
WT_Q9NPC1,Q9NPC1,7,353,G,0.002726354
WT_Q9NPC1,Q9NPC1,7,354,P,0.0056275874
WT_Q9NPC1,Q9NPC1,7,355,E,0.008291669
WT_Q9NPC1,Q9NPC1,7,356,W,0.0048011816
WT_Q9NPC1,Q9NPC1,7,357,D,0.0027082816
WT_Q9NPC1,Q9NPC1,7,358,L,0.0021892665
Q8TF76_Q301L,Q8TF76,8,1,M,0.0003965035
Q8TF76_Q301L,Q8TF76,8,2,A,0.0015911015
Q8TF76_Q301L,Q8TF76,8,3,A,0.0019555495
Q8TF76_Q301L,Q8TF76,8,4,S,0.00083387416
Q8TF76_Q301L,Q8TF76,8,5,L,0.00043325158
Q8TF76_Q301L,Q8TF76,8,6,P,0.00055255095
Q8TF76_Q301L,Q8TF76,8,7,G,0.000396821
Q8TF76_Q301L,Q8TF76,8,8,P,0.00039448912
Q8TF76_Q301L,Q8TF76,8,9,G,0.00041784925
Q8TF76_Q301L,Q8TF76,8,10,S,0.0004486218
Q8TF76_Q301L,Q8TF76,8,11,R,0.00047407232
Q8TF76_Q301L,Q8TF76,8,12,L,0.00082383567
Q8TF76_Q301L,Q8TF76,8,13,F,0.00092812587
Q8TF76_Q301L,Q8TF76,8,14,R,0.000752416
Q8TF76_Q301L,Q8TF76,8,15,T,0.0011968482
Q8TF76_Q301L,Q8TF76,8,16,Y,0.0006518452
Q8TF76_Q301L,Q8TF76,8,17,G,0.0013242628
Q8TF76_Q301L,Q8TF76,8,18,A,0.0010011353
Q8TF76_Q301L,Q8TF76,8,19,A,0.00082107575
Q8TF76_Q301L,Q8TF76,8,20,D,0.00036709968
Q8TF76_Q301L,Q8TF76,8,21,G,0.00047219396
Q8TF76_Q301L,Q8TF76,8,22,R,0.00048378884
Q8TF76_Q301L,Q8TF76,8,23,R,0.0005592091
Q8TF76_Q301L,Q8TF76,8,24,Q,0.0004014229
Q8TF76_Q301L,Q8TF76,8,25,R,0.00051801465
Q8TF76_Q301L,Q8TF76,8,26,R,0.00066435256
Q8TF76_Q301L,Q8TF76,8,27,P,0.00057333976
Q8TF76_Q301L,Q8TF76,8,28,G,0.000487412
Q8TF76_Q301L,Q8TF76,8,29,R,0.0005123398
Q8TF76_Q301L,Q8TF76,8,30,E,0.0009787411
Q8TF76_Q301L,Q8TF76,8,31,A,0.0005689734
Q8TF76_Q301L,Q8TF76,8,32,A,0.00088641024
Q8TF76_Q301L,Q8TF76,8,33,Q,0.000511759
Q8TF76_Q301L,Q8TF76,8,34,W,0.0008879658
Q8TF76_Q301L,Q8TF76,8,35,F,0.0013790946
Q8TF76_Q301L,Q8TF76,8,36,P,0.00046868555
Q8TF76_Q301L,Q8TF76,8,37,P,0.00048446853
Q8TF76_Q301L,Q8TF76,8,38,Q,0.00040447165
Q8TF76_Q301L,Q8TF76,8,39,D,0.000707157
Q8TF76_Q301L,Q8TF76,8,40,R,0.0010472236
Q8TF76_Q301L,Q8TF76,8,41,R,0.0007113137
Q8TF76_Q301L,Q8TF76,8,42,R,0.0008782273
Q8TF76_Q301L,Q8TF76,8,43,F,0.000928907
Q8TF76_Q301L,Q8TF76,8,44,F,0.0005562093
Q8TF76_Q301L,Q8TF76,8,45,N,0.0019740337
Q8TF76_Q301L,Q8TF76,8,46,S,0.0009615095
Q8TF76_Q301L,Q8TF76,8,47,S,0.0009553701
Q8TF76_Q301L,Q8TF76,8,48,G,0.00048960914
Q8TF76_Q301L,Q8TF76,8,49,S,0.00082829065
Q8TF76_Q301L,Q8TF76,8,50,S,0.0007983904
Q8TF76_Q301L,Q8TF76,8,51,D,0.0004901576
Q8TF76_Q301L,Q8TF76,8,52,A,0.00074790925
Q8TF76_Q301L,Q8TF76,8,53,S,0.0007233952
Q8TF76_Q301L,Q8TF76,8,54,I,0.00044611449
Q8TF76_Q301L,Q8TF76,8,55,G,0.0005717534
Q8TF76_Q301L,Q8TF76,8,56,D,0.0008382003
Q8TF76_Q301L,Q8TF76,8,57,P,0.0005870605
Q8TF76_Q301L,Q8TF76,8,58,S,0.00032180132
Q8TF76_Q301L,Q8TF76,8,59,Q,0.0008893814
Q8TF76_Q301L,Q8TF76,8,60,S,0.00046018488
Q8TF76_Q301L,Q8TF76,8,61,D,0.00037069165
Q8TF76_Q301L,Q8TF76,8,62,D,0.00075491227
Q8TF76_Q301L,Q8TF76,8,63,P,0.0034630208
Q8TF76_Q301L,Q8TF76,8,64,D,0.00036243637
Q8TF76_Q301L,Q8TF76,8,65,D,0.0012448019
Q8TF76_Q301L,Q8TF76,8,66,P,0.005101052
Q8TF76_Q301L,Q8TF76,8,67,D,0.00044776272
Q8TF76_Q301L,Q8TF76,8,68,D,0.0012460331
Q8TF76_Q301L,Q8TF76,8,69,P,0.007397102
Q8TF76_Q301L,Q8TF76,8,70,D,0.0005051151
Q8TF76_Q301L,Q8TF76,8,71,F,0.0009331681
Q8TF76_Q301L,Q8TF76,8,72,P,0.0039283372
Q8TF76_Q301L,Q8TF76,8,73,G,0.0008683431
Q8TF76_Q301L,Q8TF76,8,74,S,0.0008390171
Q8TF76_Q301L,Q8TF76,8,75,P,0.00092925114
Q8TF76_Q301L,Q8TF76,8,76,V,0.00029908912
Q8TF76_Q301L,Q8TF76,8,77,R,0.0006686365
Q8TF76_Q301L,Q8TF76,8,78,R,0.00083161605
Q8TF76_Q301L,Q8TF76,8,79,R,0.00066188537
Q8TF76_Q301L,Q8TF76,8,80,R,0.00057818525
Q8TF76_Q301L,Q8TF76,8,81,R,0.00047419238
Q8TF76_Q301L,Q8TF76,8,82,R,0.00062413147
Q8TF76_Q301L,Q8TF76,8,83,P,0.00047510542
Q8TF76_Q301L,Q8TF76,8,84,G,0.00045244518
Q8TF76_Q301L,Q8TF76,8,85,G,0.0004405372
Q8TF76_Q301L,Q8TF76,8,86,R,0.0005671401
Q8TF76_Q301L,Q8TF76,8,87,V,0.000382463
Q8TF76_Q301L,Q8TF76,8,88,P,0.00062069827
Q8TF76_Q301L,Q8TF76,8,89,K,0.00047911986
Q8TF76_Q301L,Q8TF76,8,90,D,0.009124176
Q8TF76_Q301L,Q8TF76,8,91,R,0.00035039082
Q8TF76_Q301L,Q8TF76,8,92,P,0.00064377143
Q8TF76_Q301L,Q8TF76,8,93,S,0.00045842677
Q8TF76_Q301L,Q8TF76,8,94,L,0.0009285047
Q8TF76_Q301L,Q8TF76,8,95,T,0.0005343256
Q8TF76_Q301L,Q8TF76,8,96,V,0.00044689942
Q8TF76_Q301L,Q8TF76,8,97,T,0.0017388616
Q8TF76_Q301L,Q8TF76,8,98,P,0.00059537985
Q8TF76_Q301L,Q8TF76,8,99,K,0.0004368352
Q8TF76_Q301L,Q8TF76,8,100,R,0.00050045614
Q8TF76_Q301L,Q8TF76,8,101,W,0.0013679215
Q8TF76_Q301L,Q8TF76,8,102,K,0.0036329564
Q8TF76_Q301L,Q8TF76,8,103,L,0.0007234587
Q8TF76_Q301L,Q8TF76,8,104,R,0.00045174357
Q8TF76_Q301L,Q8TF76,8,105,A,0.0029489533
Q8TF76_Q301L,Q8TF76,8,106,R,0.00030668883
Q8TF76_Q301L,Q8TF76,8,107,P,0.0005164768
Q8TF76_Q301L,Q8TF76,8,108,S,0.0005013527
Q8TF76_Q301L,Q8TF76,8,109,L,0.00065522874
Q8TF76_Q301L,Q8TF76,8,110,T,0.00059827365
Q8TF76_Q301L,Q8TF76,8,111,V,0.0005094923
Q8TF76_Q301L,Q8TF76,8,112,T,0.001152827
Q8TF76_Q301L,Q8TF76,8,113,P,0.00051956694
Q8TF76_Q301L,Q8TF76,8,114,R,0.00065984693
Q8TF76_Q301L,Q8TF76,8,115,R,0.00051605346
Q8TF76_Q301L,Q8TF76,8,116,L,0.000576073
Q8TF76_Q301L,Q8TF76,8,117,G,0.0011872565
Q8TF76_Q301L,Q8TF76,8,118,L,0.0006253141
Q8TF76_Q301L,Q8TF76,8,119,R,0.0005351941
Q8TF76_Q301L,Q8TF76,8,120,A,0.0020429979
Q8TF76_Q301L,Q8TF76,8,121,R,0.0002826651
Q8TF76_Q301L,Q8TF76,8,122,P,0.00048252541
Q8TF76_Q301L,Q8TF76,8,123,P,0.00082317984
Q8TF76_Q301L,Q8TF76,8,124,Q,0.00053490646
Q8TF76_Q301L,Q8TF76,8,125,K,0.0022000102
Q8TF76_Q301L,Q8TF76,8,126,C,0.0017321673
Q8TF76_Q301L,Q8TF76,8,127,S,0.0015608342
Q8TF76_Q301L,Q8TF76,8,128,T,0.00043881233
Q8TF76_Q301L,Q8TF76,8,129,P,0.0005695845
Q8TF76_Q301L,Q8TF76,8,130,C,0.0006310964
Q8TF76_Q301L,Q8TF76,8,131,G,0.00066967454
Q8TF76_Q301L,Q8TF76,8,132,P,0.0005985046
Q8TF76_Q301L,Q8TF76,8,133,L,0.00041403156
Q8TF76_Q301L,Q8TF76,8,134,R,0.0006025902
Q8TF76_Q301L,Q8TF76,8,135,L,0.0005599901
Q8TF76_Q301L,Q8TF76,8,136,P,0.000436958
Q8TF76_Q301L,Q8TF76,8,137,P,0.0004646808
Q8TF76_Q301L,Q8TF76,8,138,F,0.002088436
Q8TF76_Q301L,Q8TF76,8,139,P,0.0005428793
Q8TF76_Q301L,Q8TF76,8,140,S,0.0004527423
Q8TF76_Q301L,Q8TF76,8,141,R,0.0006185867
Q8TF76_Q301L,Q8TF76,8,142,D,0.00059827295
Q8TF76_Q301L,Q8TF76,8,143,S,0.0006245601
Q8TF76_Q301L,Q8TF76,8,144,G,0.000630973
Q8TF76_Q301L,Q8TF76,8,145,R,0.0007254866
Q8TF76_Q301L,Q8TF76,8,146,L,0.00039410844
Q8TF76_Q301L,Q8TF76,8,147,S,0.00028878934
Q8TF76_Q301L,Q8TF76,8,148,P,0.0007337517
Q8TF76_Q301L,Q8TF76,8,149,D,0.00042813696
Q8TF76_Q301L,Q8TF76,8,150,L,0.0004915747
Q8TF76_Q301L,Q8TF76,8,151,S,0.0006955974
Q8TF76_Q301L,Q8TF76,8,152,V,0.0004312141
Q8TF76_Q301L,Q8TF76,8,153,C,0.00084683974
Q8TF76_Q301L,Q8TF76,8,154,G,0.0007314813
Q8TF76_Q301L,Q8TF76,8,155,Q,0.000509757
Q8TF76_Q301L,Q8TF76,8,156,P,0.00044727884
Q8TF76_Q301L,Q8TF76,8,157,R,0.0008144818
Q8TF76_Q301L,Q8TF76,8,158,D,0.00045045294
Q8TF76_Q301L,Q8TF76,8,159,G,0.00059550087
Q8TF76_Q301L,Q8TF76,8,160,D,0.00042867917
Q8TF76_Q301L,Q8TF76,8,161,E,0.00063056266
Q8TF76_Q301L,Q8TF76,8,162,L,0.00039386915
Q8TF76_Q301L,Q8TF76,8,163,G,0.0004626249
Q8TF76_Q301L,Q8TF76,8,164,I,0.0006408219
Q8TF76_Q301L,Q8TF76,8,165,S,0.0018109481
Q8TF76_Q301L,Q8TF76,8,166,A,0.0007570423
Q8TF76_Q301L,Q8TF76,8,167,S,0.0010412693
Q8TF76_Q301L,Q8TF76,8,168,L,0.00043453032
Q8TF76_Q301L,Q8TF76,8,169,F,0.0008250308
Q8TF76_Q301L,Q8TF76,8,170,S,0.00059620483
Q8TF76_Q301L,Q8TF76,8,171,S,0.0007744178
Q8TF76_Q301L,Q8TF76,8,172,L,0.00044346286
Q8TF76_Q301L,Q8TF76,8,173,A,0.0007469509
Q8TF76_Q301L,Q8TF76,8,174,S,0.00058123196
Q8TF76_Q301L,Q8TF76,8,175,P,0.0004176033
Q8TF76_Q301L,Q8TF76,8,176,C,0.0008378386
Q8TF76_Q301L,Q8TF76,8,177,P,0.00051988015
Q8TF76_Q301L,Q8TF76,8,178,G,0.00053107826
Q8TF76_Q301L,Q8TF76,8,179,S,0.0005399632
Q8TF76_Q301L,Q8TF76,8,180,P,0.00035516778
Q8TF76_Q301L,Q8TF76,8,181,T,0.00033391177
Q8TF76_Q301L,Q8TF76,8,182,P,0.00042573435
Q8TF76_Q301L,Q8TF76,8,183,R,0.0008371686
Q8TF76_Q301L,Q8TF76,8,184,D,0.0010503109
Q8TF76_Q301L,Q8TF76,8,185,S,0.0011182141
Q8TF76_Q301L,Q8TF76,8,186,V,0.0005133402
Q8TF76_Q301L,Q8TF76,8,187,I,0.00043705714
Q8TF76_Q301L,Q8TF76,8,188,S,0.0011718436
Q8TF76_Q301L,Q8TF76,8,189,I,0.0007616339
Q8TF76_Q301L,Q8TF76,8,190,G,0.0006449809
Q8TF76_Q301L,Q8TF76,8,191,T,0.0007415167
Q8TF76_Q301L,Q8TF76,8,192,S,0.00117704
Q8TF76_Q301L,Q8TF76,8,193,A,0.00064157596
Q8TF76_Q301L,Q8TF76,8,194,C,0.00063269475
Q8TF76_Q301L,Q8TF76,8,195,L,0.00050043676
Q8TF76_Q301L,Q8TF76,8,196,V,0.00034882093
Q8TF76_Q301L,Q8TF76,8,197,A,0.0006400332
Q8TF76_Q301L,Q8TF76,8,198,A,0.0011720087
Q8TF76_Q301L,Q8TF76,8,199,S,0.00051671243
Q8TF76_Q301L,Q8TF76,8,200,A,0.0006651707
Q8TF76_Q301L,Q8TF76,8,201,V,0.00044803126
Q8TF76_Q301L,Q8TF76,8,202,P,0.00056561077
Q8TF76_Q301L,Q8TF76,8,203,S,0.00038442048
Q8TF76_Q301L,Q8TF76,8,204,G,0.0005396932
Q8TF76_Q301L,Q8TF76,8,205,L,0.00041334663
Q8TF76_Q301L,Q8TF76,8,206,H,0.0005043715
Q8TF76_Q301L,Q8TF76,8,207,L,0.0004678116
Q8TF76_Q301L,Q8TF76,8,208,P,0.0009877236
Q8TF76_Q301L,Q8TF76,8,209,E,0.0009047636
Q8TF76_Q301L,Q8TF76,8,210,V,0.00037677246
Q8TF76_Q301L,Q8TF76,8,211,S,0.00092904334
Q8TF76_Q301L,Q8TF76,8,212,L,0.00065197295
Q8TF76_Q301L,Q8TF76,8,213,D,0.00059854443
Q8TF76_Q301L,Q8TF76,8,214,R,0.0010981458
Q8TF76_Q301L,Q8TF76,8,215,A,0.0006890963
Q8TF76_Q301L,Q8TF76,8,216,S,0.0006703684
Q8TF76_Q301L,Q8TF76,8,217,L,0.00041602828
Q8TF76_Q301L,Q8TF76,8,218,P,0.00069308386
Q8TF76_Q301L,Q8TF76,8,219,C,0.0007722263
Q8TF76_Q301L,Q8TF76,8,220,S,0.0005619647
Q8TF76_Q301L,Q8TF76,8,221,Q,0.00081628654
Q8TF76_Q301L,Q8TF76,8,222,E,0.0005372141
Q8TF76_Q301L,Q8TF76,8,223,E,0.00077502365
Q8TF76_Q301L,Q8TF76,8,224,A,0.00050046097
Q8TF76_Q301L,Q8TF76,8,225,T,0.0005134372
Q8TF76_Q301L,Q8TF76,8,226,G,0.00046648277
Q8TF76_Q301L,Q8TF76,8,227,G,0.00044900377
Q8TF76_Q301L,Q8TF76,8,228,A,0.0005506801
Q8TF76_Q301L,Q8TF76,8,229,K,0.00086337846
Q8TF76_Q301L,Q8TF76,8,230,D,0.0008630334
Q8TF76_Q301L,Q8TF76,8,231,T,0.00073220674
Q8TF76_Q301L,Q8TF76,8,232,R,0.0013609846
Q8TF76_Q301L,Q8TF76,8,233,M,0.0007431325
Q8TF76_Q301L,Q8TF76,8,234,V,0.00044830277
Q8TF76_Q301L,Q8TF76,8,235,H,0.0006760383
Q8TF76_Q301L,Q8TF76,8,236,Q,0.00065872475
Q8TF76_Q301L,Q8TF76,8,237,T,0.0006796467
Q8TF76_Q301L,Q8TF76,8,238,R,0.0013234329
Q8TF76_Q301L,Q8TF76,8,239,A,0.000754104
Q8TF76_Q301L,Q8TF76,8,240,S,0.0009536034
Q8TF76_Q301L,Q8TF76,8,241,L,0.00075977074
Q8TF76_Q301L,Q8TF76,8,242,R,0.0006984823
Q8TF76_Q301L,Q8TF76,8,243,S,0.0013412979
Q8TF76_Q301L,Q8TF76,8,244,V,0.0005211939
Q8TF76_Q301L,Q8TF76,8,245,L,0.00085458445
Q8TF76_Q301L,Q8TF76,8,246,F,0.0010122216
Q8TF76_Q301L,Q8TF76,8,247,G,0.00061405246
Q8TF76_Q301L,Q8TF76,8,248,L,0.0006601664
Q8TF76_Q301L,Q8TF76,8,249,M,0.0008627023
Q8TF76_Q301L,Q8TF76,8,250,N,0.0007186466
Q8TF76_Q301L,Q8TF76,8,251,S,0.0010334116
Q8TF76_Q301L,Q8TF76,8,252,G,0.0004899814
Q8TF76_Q301L,Q8TF76,8,253,T,0.00039012294
Q8TF76_Q301L,Q8TF76,8,254,P,0.00070059317
Q8TF76_Q301L,Q8TF76,8,255,E,0.0005006171
Q8TF76_Q301L,Q8TF76,8,256,D,0.0006880372
Q8TF76_Q301L,Q8TF76,8,257,S,0.00079291966
Q8TF76_Q301L,Q8TF76,8,258,E,0.0009173815
Q8TF76_Q301L,Q8TF76,8,259,F,0.00096306385
Q8TF76_Q301L,Q8TF76,8,260,R,0.000970551
Q8TF76_Q301L,Q8TF76,8,261,A,0.0006800867
Q8TF76_Q301L,Q8TF76,8,262,D,0.0006882764
Q8TF76_Q301L,Q8TF76,8,263,G,0.0007363553
Q8TF76_Q301L,Q8TF76,8,264,K,0.0007605942
Q8TF76_Q301L,Q8TF76,8,265,N,0.00078053103
Q8TF76_Q301L,Q8TF76,8,266,M,0.00093508384
Q8TF76_Q301L,Q8TF76,8,267,R,0.0009768952
Q8TF76_Q301L,Q8TF76,8,268,E,0.0018074332
Q8TF76_Q301L,Q8TF76,8,269,S,0.0007908377
Q8TF76_Q301L,Q8TF76,8,270,C,0.001107653
Q8TF76_Q301L,Q8TF76,8,271,C,0.0010654164
Q8TF76_Q301L,Q8TF76,8,272,K,0.0008103208
Q8TF76_Q301L,Q8TF76,8,273,R,0.0010268135
Q8TF76_Q301L,Q8TF76,8,274,K,0.00077508466
Q8TF76_Q301L,Q8TF76,8,275,L,0.00054916815
Q8TF76_Q301L,Q8TF76,8,276,V,0.00048904616
Q8TF76_Q301L,Q8TF76,8,277,V,0.00043319786
Q8TF76_Q301L,Q8TF76,8,278,G,0.0009590158
Q8TF76_Q301L,Q8TF76,8,279,N,0.00085339445
Q8TF76_Q301L,Q8TF76,8,280,G,0.0004927934
Q8TF76_Q301L,Q8TF76,8,281,P,0.0006978782
Q8TF76_Q301L,Q8TF76,8,282,E,0.0012987007
Q8TF76_Q301L,Q8TF76,8,283,G,0.000483385
Q8TF76_Q301L,Q8TF76,8,284,P,0.00048271465
Q8TF76_Q301L,Q8TF76,8,285,G,0.0003932811
Q8TF76_Q301L,Q8TF76,8,286,L,0.00043382763
Q8TF76_Q301L,Q8TF76,8,287,S,0.00047976617
Q8TF76_Q301L,Q8TF76,8,288,S,0.0005687771
Q8TF76_Q301L,Q8TF76,8,289,T,0.0006650448
Q8TF76_Q301L,Q8TF76,8,290,G,0.00093620166
Q8TF76_Q301L,Q8TF76,8,291,K,0.00077553635
Q8TF76_Q301L,Q8TF76,8,292,R,0.00062595436
Q8TF76_Q301L,Q8TF76,8,293,R,0.0006906699
Q8TF76_Q301L,Q8TF76,8,294,A,0.0005907848
Q8TF76_Q301L,Q8TF76,8,295,T,0.00065136555
Q8TF76_Q301L,Q8TF76,8,296,G,0.0005644375
Q8TF76_Q301L,Q8TF76,8,297,Q,0.00051088526
Q8TF76_Q301L,Q8TF76,8,298,D,0.0007260776
Q8TF76_Q301L,Q8TF76,8,299,S,0.00053624145
Q8TF76_Q301L,Q8TF76,8,300,C,0.0009326964
Q8TF76_Q301L,Q8TF76,8,301,L,0.00046634435
Q8TF76_Q301L,Q8TF76,8,302,E,0.0008635735
Q8TF76_Q301L,Q8TF76,8,303,R,0.0009726955
Q8TF76_Q301L,Q8TF76,8,304,G,0.00046536984
Q8TF76_Q301L,Q8TF76,8,305,L,0.0005075216
Q8TF76_Q301L,Q8TF76,8,306,Q,0.0006489345
Q8TF76_Q301L,Q8TF76,8,307,E,0.0010335165
Q8TF76_Q301L,Q8TF76,8,308,A,0.00079600094
Q8TF76_Q301L,Q8TF76,8,309,V,0.0003538211
Q8TF76_Q301L,Q8TF76,8,310,R,0.0016097556
Q8TF76_Q301L,Q8TF76,8,311,R,0.0011207057
Q8TF76_Q301L,Q8TF76,8,312,E,0.0009895139
Q8TF76_Q301L,Q8TF76,8,313,H,0.0005193585
Q8TF76_Q301L,Q8TF76,8,314,Q,0.0008883962
Q8TF76_Q301L,Q8TF76,8,315,E,0.0013526967
Q8TF76_Q301L,Q8TF76,8,316,A,0.0008831776
Q8TF76_Q301L,Q8TF76,8,317,S,0.0009967142
Q8TF76_Q301L,Q8TF76,8,318,V,0.00038189115
Q8TF76_Q301L,Q8TF76,8,319,P,0.0007235523
Q8TF76_Q301L,Q8TF76,8,320,K,0.0009028705
Q8TF76_Q301L,Q8TF76,8,321,G,0.0006194996
Q8TF76_Q301L,Q8TF76,8,322,R,0.0010432178
Q8TF76_Q301L,Q8TF76,8,323,I,0.0007587821
Q8TF76_Q301L,Q8TF76,8,324,V,0.0003357175
Q8TF76_Q301L,Q8TF76,8,325,P,0.00094841974
Q8TF76_Q301L,Q8TF76,8,326,R,0.0010471186
Q8TF76_Q301L,Q8TF76,8,327,G,0.00055634364
Q8TF76_Q301L,Q8TF76,8,328,I,0.0006013918
Q8TF76_Q301L,Q8TF76,8,329,D,0.00083217083
Q8TF76_Q301L,Q8TF76,8,330,R,0.0012395222
Q8TF76_Q301L,Q8TF76,8,331,L,0.0005713289
Q8TF76_Q301L,Q8TF76,8,332,E,0.001010844
Q8TF76_Q301L,Q8TF76,8,333,R,0.001170608
Q8TF76_Q301L,Q8TF76,8,334,T,0.0006092672
Q8TF76_Q301L,Q8TF76,8,335,R,0.0020604103
Q8TF76_Q301L,Q8TF76,8,336,S,0.0007041055
Q8TF76_Q301L,Q8TF76,8,337,S,0.0007156073
Q8TF76_Q301L,Q8TF76,8,338,R,0.00083552767
Q8TF76_Q301L,Q8TF76,8,339,K,0.00064055115
Q8TF76_Q301L,Q8TF76,8,340,S,0.00073034177
Q8TF76_Q301L,Q8TF76,8,341,K,0.00096154993
Q8TF76_Q301L,Q8TF76,8,342,H,0.00046348
Q8TF76_Q301L,Q8TF76,8,343,Q,0.0007040712
Q8TF76_Q301L,Q8TF76,8,344,E,0.00120208
Q8TF76_Q301L,Q8TF76,8,345,A,0.0005570117
Q8TF76_Q301L,Q8TF76,8,346,T,0.0007734075
Q8TF76_Q301L,Q8TF76,8,347,E,0.0007904671
Q8TF76_Q301L,Q8TF76,8,348,T,0.0005467068
Q8TF76_Q301L,Q8TF76,8,349,S,0.0008045708
Q8TF76_Q301L,Q8TF76,8,350,L,0.00050058943
Q8TF76_Q301L,Q8TF76,8,351,L,0.0006119106
Q8TF76_Q301L,Q8TF76,8,352,H,0.00052656676
Q8TF76_Q301L,Q8TF76,8,353,S,0.0011414201
Q8TF76_Q301L,Q8TF76,8,354,H,0.0008602921
Q8TF76_Q301L,Q8TF76,8,355,R,0.0016306924
Q8TF76_Q301L,Q8TF76,8,356,F,0.0009059908
Q8TF76_Q301L,Q8TF76,8,357,K,0.0010921741
Q8TF76_Q301L,Q8TF76,8,358,K,0.0011256402
Q8TF76_Q301L,Q8TF76,8,359,G,0.000760293
Q8TF76_Q301L,Q8TF76,8,360,Q,0.00053463597
Q8TF76_Q301L,Q8TF76,8,361,K,0.0009562524
Q8TF76_Q301L,Q8TF76,8,362,L,0.00055151747
Q8TF76_Q301L,Q8TF76,8,363,G,0.0005299158
Q8TF76_Q301L,Q8TF76,8,364,K,0.00091714953
Q8TF76_Q301L,Q8TF76,8,365,D,0.0009075438
Q8TF76_Q301L,Q8TF76,8,366,S,0.0012380362
Q8TF76_Q301L,Q8TF76,8,367,F,0.00088517845
Q8TF76_Q301L,Q8TF76,8,368,P,0.00063556636
Q8TF76_Q301L,Q8TF76,8,369,T,0.00092984195
Q8TF76_Q301L,Q8TF76,8,370,Q,0.00063996203
Q8TF76_Q301L,Q8TF76,8,371,D,0.0011458773
Q8TF76_Q301L,Q8TF76,8,372,L,0.00083082437
Q8TF76_Q301L,Q8TF76,8,373,T,0.00040167663
Q8TF76_Q301L,Q8TF76,8,374,P,0.0010634416
Q8TF76_Q301L,Q8TF76,8,375,L,0.00063398725
Q8TF76_Q301L,Q8TF76,8,376,Q,0.0006588608
Q8TF76_Q301L,Q8TF76,8,377,N,0.0008646498
Q8TF76_Q301L,Q8TF76,8,378,V,0.0005325693
Q8TF76_Q301L,Q8TF76,8,379,C,0.0015590282
Q8TF76_Q301L,Q8TF76,8,380,F,0.00081048266
Q8TF76_Q301L,Q8TF76,8,381,W,0.00069456757
Q8TF76_Q301L,Q8TF76,8,382,T,0.0010171217
Q8TF76_Q301L,Q8TF76,8,383,K,0.0011612267
Q8TF76_Q301L,Q8TF76,8,384,T,0.0008339151
Q8TF76_Q301L,Q8TF76,8,385,R,0.0012131857
Q8TF76_Q301L,Q8TF76,8,386,A,0.00070295157
Q8TF76_Q301L,Q8TF76,8,387,S,0.001091827
Q8TF76_Q301L,Q8TF76,8,388,F,0.0007082842
Q8TF76_Q301L,Q8TF76,8,389,S,0.0030770963
Q8TF76_Q301L,Q8TF76,8,390,F,0.0013835091
Q8TF76_Q301L,Q8TF76,8,391,H,0.0007599374
Q8TF76_Q301L,Q8TF76,8,392,K,0.0011971995
Q8TF76_Q301L,Q8TF76,8,393,K,0.0010363272
Q8TF76_Q301L,Q8TF76,8,394,K,0.001261582
Q8TF76_Q301L,Q8TF76,8,395,I,0.000991567
Q8TF76_Q301L,Q8TF76,8,396,V,0.0004791498
Q8TF76_Q301L,Q8TF76,8,397,T,0.0011404108
Q8TF76_Q301L,Q8TF76,8,398,D,0.0014974753
Q8TF76_Q301L,Q8TF76,8,399,V,0.0005581017
Q8TF76_Q301L,Q8TF76,8,400,S,0.0016149515
Q8TF76_Q301L,Q8TF76,8,401,E,0.0007537723
Q8TF76_Q301L,Q8TF76,8,402,V,0.00051151635
Q8TF76_Q301L,Q8TF76,8,403,C,0.0014096897
Q8TF76_Q301L,Q8TF76,8,404,S,0.00083471154
Q8TF76_Q301L,Q8TF76,8,405,I,0.0010124256
Q8TF76_Q301L,Q8TF76,8,406,Y,0.0005585613
Q8TF76_Q301L,Q8TF76,8,407,T,0.0006960875
Q8TF76_Q301L,Q8TF76,8,408,T,0.0015792962
Q8TF76_Q301L,Q8TF76,8,409,A,0.0006880858
Q8TF76_Q301L,Q8TF76,8,410,T,0.00049890997
Q8TF76_Q301L,Q8TF76,8,411,S,0.0006580436
Q8TF76_Q301L,Q8TF76,8,412,L,0.00050789793
Q8TF76_Q301L,Q8TF76,8,413,S,0.0010014209
Q8TF76_Q301L,Q8TF76,8,414,G,0.00093861576
Q8TF76_Q301L,Q8TF76,8,415,S,0.00087627996
Q8TF76_Q301L,Q8TF76,8,416,L,0.0005225102
Q8TF76_Q301L,Q8TF76,8,417,L,0.00046262212
Q8TF76_Q301L,Q8TF76,8,418,S,0.0006157401
Q8TF76_Q301L,Q8TF76,8,419,E,0.0010187255
Q8TF76_Q301L,Q8TF76,8,420,C,0.001722266
Q8TF76_Q301L,Q8TF76,8,421,S,0.0013974023
Q8TF76_Q301L,Q8TF76,8,422,N,0.0016769713
Q8TF76_Q301L,Q8TF76,8,423,R,0.00085491256
Q8TF76_Q301L,Q8TF76,8,424,P,0.00074594305
Q8TF76_Q301L,Q8TF76,8,425,V,0.00047851287
Q8TF76_Q301L,Q8TF76,8,426,M,0.0012328221
Q8TF76_Q301L,Q8TF76,8,427,N,0.001083401
Q8TF76_Q301L,Q8TF76,8,428,R,0.0009991712
Q8TF76_Q301L,Q8TF76,8,429,T,0.00077447743
Q8TF76_Q301L,Q8TF76,8,430,S,0.0009632827
Q8TF76_Q301L,Q8TF76,8,431,G,0.00084270496
Q8TF76_Q301L,Q8TF76,8,432,A,0.0011382308
Q8TF76_Q301L,Q8TF76,8,433,P,0.00071752194
Q8TF76_Q301L,Q8TF76,8,434,S,0.00071281503
Q8TF76_Q301L,Q8TF76,8,435,S,0.0006835303
Q8TF76_Q301L,Q8TF76,8,436,W,0.00079189637
Q8TF76_Q301L,Q8TF76,8,437,H,0.0004833179
Q8TF76_Q301L,Q8TF76,8,438,S,0.0007379958
Q8TF76_Q301L,Q8TF76,8,439,S,0.00082017883
Q8TF76_Q301L,Q8TF76,8,440,S,0.00088936475
Q8TF76_Q301L,Q8TF76,8,441,M,0.0007206708
Q8TF76_Q301L,Q8TF76,8,442,Y,0.00060574635
Q8TF76_Q301L,Q8TF76,8,443,L,0.0005454009
Q8TF76_Q301L,Q8TF76,8,444,L,0.0005147268
Q8TF76_Q301L,Q8TF76,8,445,S,0.0004314785
Q8TF76_Q301L,Q8TF76,8,446,P,0.00093844946
Q8TF76_Q301L,Q8TF76,8,447,L,0.0005701172
Q8TF76_Q301L,Q8TF76,8,448,N,0.00063278247
Q8TF76_Q301L,Q8TF76,8,449,T,0.0014102245
Q8TF76_Q301L,Q8TF76,8,450,L,0.0006750589
Q8TF76_Q301L,Q8TF76,8,451,S,0.00084315764
Q8TF76_Q301L,Q8TF76,8,452,I,0.00052339106
Q8TF76_Q301L,Q8TF76,8,453,S,0.0009703956
Q8TF76_Q301L,Q8TF76,8,454,N,0.0021388843
Q8TF76_Q301L,Q8TF76,8,455,K,0.0012848235
Q8TF76_Q301L,Q8TF76,8,456,K,0.0010602112
Q8TF76_Q301L,Q8TF76,8,457,A,0.0007267543
Q8TF76_Q301L,Q8TF76,8,458,S,0.0008488047
Q8TF76_Q301L,Q8TF76,8,459,D,0.0022234502
Q8TF76_Q301L,Q8TF76,8,460,A,0.0006838544
Q8TF76_Q301L,Q8TF76,8,461,E,0.00045318992
Q8TF76_Q301L,Q8TF76,8,462,K,0.0014482131
Q8TF76_Q301L,Q8TF76,8,463,V,0.00045635182
Q8TF76_Q301L,Q8TF76,8,464,Y,0.00065543485
Q8TF76_Q301L,Q8TF76,8,465,G,0.0010473053
Q8TF76_Q301L,Q8TF76,8,466,E,0.00041473535
Q8TF76_Q301L,Q8TF76,8,467,C,0.0026250873
Q8TF76_Q301L,Q8TF76,8,468,S,0.00064158934
Q8TF76_Q301L,Q8TF76,8,469,Q,0.0004374845
Q8TF76_Q301L,Q8TF76,8,470,K,0.00047568104
Q8TF76_Q301L,Q8TF76,8,471,G,0.00060820923
Q8TF76_Q301L,Q8TF76,8,472,P,0.0011030732
Q8TF76_Q301L,Q8TF76,8,473,V,0.00057053793
Q8TF76_Q301L,Q8TF76,8,474,P,0.00068495213
Q8TF76_Q301L,Q8TF76,8,475,F,0.0011134058
Q8TF76_Q301L,Q8TF76,8,476,S,0.00033558952
Q8TF76_Q301L,Q8TF76,8,477,H,0.00031599635
Q8TF76_Q301L,Q8TF76,8,478,C,0.0020256767
Q8TF76_Q301L,Q8TF76,8,479,L,0.0005966453
Q8TF76_Q301L,Q8TF76,8,480,P,0.0004153813
Q8TF76_Q301L,Q8TF76,8,481,T,0.000702477
Q8TF76_Q301L,Q8TF76,8,482,E,0.0004857727
Q8TF76_Q301L,Q8TF76,8,483,K,0.001188583
Q8TF76_Q301L,Q8TF76,8,484,L,0.00075711554
Q8TF76_Q301L,Q8TF76,8,485,Q,0.00037455
Q8TF76_Q301L,Q8TF76,8,486,R,0.001861565
Q8TF76_Q301L,Q8TF76,8,487,C,0.002814463
Q8TF76_Q301L,Q8TF76,8,488,E,0.000965822
Q8TF76_Q301L,Q8TF76,8,489,K,0.00033689817
Q8TF76_Q301L,Q8TF76,8,490,I,0.00042015992
Q8TF76_Q301L,Q8TF76,8,491,G,0.0007869236
Q8TF76_Q301L,Q8TF76,8,492,E,0.0010420996
Q8TF76_Q301L,Q8TF76,8,493,G,0.0008122639
Q8TF76_Q301L,Q8TF76,8,494,V,0.0014645868
Q8TF76_Q301L,Q8TF76,8,495,F,0.00068356853
Q8TF76_Q301L,Q8TF76,8,496,G,0.0016150608
Q8TF76_Q301L,Q8TF76,8,497,E,0.0011092974
Q8TF76_Q301L,Q8TF76,8,498,V,0.00036768403
Q8TF76_Q301L,Q8TF76,8,499,F,0.0006264623
Q8TF76_Q301L,Q8TF76,8,500,Q,0.00049686176
Q8TF76_Q301L,Q8TF76,8,501,T,0.0009940976
Q8TF76_Q301L,Q8TF76,8,502,I,0.0013440367
Q8TF76_Q301L,Q8TF76,8,503,A,0.00042584699
Q8TF76_Q301L,Q8TF76,8,504,D,0.00057403144
Q8TF76_Q301L,Q8TF76,8,505,H,0.0006856249
Q8TF76_Q301L,Q8TF76,8,506,T,0.0011640704
Q8TF76_Q301L,Q8TF76,8,507,P,0.0012725027
Q8TF76_Q301L,Q8TF76,8,508,V,0.00059285737
Q8TF76_Q301L,Q8TF76,8,509,A,0.00070091145
Q8TF76_Q301L,Q8TF76,8,510,I,0.00032768492
Q8TF76_Q301L,Q8TF76,8,511,K,0.000646219
Q8TF76_Q301L,Q8TF76,8,512,I,0.000607073
Q8TF76_Q301L,Q8TF76,8,513,I,0.0005657593
Q8TF76_Q301L,Q8TF76,8,514,A,0.0011382508
Q8TF76_Q301L,Q8TF76,8,515,I,0.00049707905
Q8TF76_Q301L,Q8TF76,8,516,E,0.00049616175
Q8TF76_Q301L,Q8TF76,8,517,G,0.00049310987
Q8TF76_Q301L,Q8TF76,8,518,P,0.0008961058
Q8TF76_Q301L,Q8TF76,8,519,D,0.0015402779
Q8TF76_Q301L,Q8TF76,8,520,L,0.0014368586
Q8TF76_Q301L,Q8TF76,8,521,V,0.0010497037
Q8TF76_Q301L,Q8TF76,8,522,N,0.0004911558
Q8TF76_Q301L,Q8TF76,8,523,G,0.0005047013
Q8TF76_Q301L,Q8TF76,8,524,S,0.0022160364
Q8TF76_Q301L,Q8TF76,8,525,H,0.0020349752
Q8TF76_Q301L,Q8TF76,8,526,Q,0.0008176273
Q8TF76_Q301L,Q8TF76,8,527,K,0.00044888537
Q8TF76_Q301L,Q8TF76,8,528,T,0.0009964325
Q8TF76_Q301L,Q8TF76,8,529,F,0.0014221302
Q8TF76_Q301L,Q8TF76,8,530,E,0.0011207721
Q8TF76_Q301L,Q8TF76,8,531,E,0.0046532173
Q8TF76_Q301L,Q8TF76,8,532,I,0.0003749836
Q8TF76_Q301L,Q8TF76,8,533,L,0.0012015478
Q8TF76_Q301L,Q8TF76,8,534,P,0.049148943
Q8TF76_Q301L,Q8TF76,8,535,E,0.0040276493
Q8TF76_Q301L,Q8TF76,8,536,I,0.0005186422
Q8TF76_Q301L,Q8TF76,8,537,I,0.0011759166
Q8TF76_Q301L,Q8TF76,8,538,I,0.00082023354
Q8TF76_Q301L,Q8TF76,8,539,S,0.003945808
Q8TF76_Q301L,Q8TF76,8,540,K,0.000701859
Q8TF76_Q301L,Q8TF76,8,541,E,0.0007026535
Q8TF76_Q301L,Q8TF76,8,542,L,0.001272258
Q8TF76_Q301L,Q8TF76,8,543,S,0.00064521184
Q8TF76_Q301L,Q8TF76,8,544,L,0.000628319
Q8TF76_Q301L,Q8TF76,8,545,L,0.0004396315
Q8TF76_Q301L,Q8TF76,8,546,S,0.0004401218
Q8TF76_Q301L,Q8TF76,8,547,G,0.00064659846
Q8TF76_Q301L,Q8TF76,8,548,E,0.00028620244
Q8TF76_Q301L,Q8TF76,8,549,V,0.00041602057
Q8TF76_Q301L,Q8TF76,8,550,C,0.00038593102
Q8TF76_Q301L,Q8TF76,8,551,N,0.00033238347
Q8TF76_Q301L,Q8TF76,8,552,R,0.0004480501
Q8TF76_Q301L,Q8TF76,8,553,T,0.0012753911
Q8TF76_Q301L,Q8TF76,8,554,E,0.0008068478
Q8TF76_Q301L,Q8TF76,8,555,G,0.0008888001
Q8TF76_Q301L,Q8TF76,8,556,F,0.0006694315
Q8TF76_Q301L,Q8TF76,8,557,I,0.0004621145
Q8TF76_Q301L,Q8TF76,8,558,G,0.0010680823
Q8TF76_Q301L,Q8TF76,8,559,L,0.0073056375
Q8TF76_Q301L,Q8TF76,8,560,N,0.0015290434
Q8TF76_Q301L,Q8TF76,8,561,S,0.001795029
Q8TF76_Q301L,Q8TF76,8,562,V,0.0013966456
Q8TF76_Q301L,Q8TF76,8,563,H,0.004611728
Q8TF76_Q301L,Q8TF76,8,564,C,0.005080296
Q8TF76_Q301L,Q8TF76,8,565,V,0.00062494935
Q8TF76_Q301L,Q8TF76,8,566,Q,0.0019345721
Q8TF76_Q301L,Q8TF76,8,567,G,0.00089478825
Q8TF76_Q301L,Q8TF76,8,568,S,0.0018883952
Q8TF76_Q301L,Q8TF76,8,569,Y,0.0012010948
Q8TF76_Q301L,Q8TF76,8,570,P,0.0019192209
Q8TF76_Q301L,Q8TF76,8,571,P,0.00056925515
Q8TF76_Q301L,Q8TF76,8,572,L,0.0031034558
Q8TF76_Q301L,Q8TF76,8,573,L,0.0014210652
Q8TF76_Q301L,Q8TF76,8,574,L,0.003545262
Q8TF76_Q301L,Q8TF76,8,575,K,0.00057729357
Q8TF76_Q301L,Q8TF76,8,576,A,0.0016196669
Q8TF76_Q301L,Q8TF76,8,577,W,0.0011108415
Q8TF76_Q301L,Q8TF76,8,578,D,0.0050701997
Q8TF76_Q301L,Q8TF76,8,579,H,0.007956341
Q8TF76_Q301L,Q8TF76,8,580,Y,0.005317762
Q8TF76_Q301L,Q8TF76,8,581,N,0.0056555457
Q8TF76_Q301L,Q8TF76,8,582,S,0.0030048597
Q8TF76_Q301L,Q8TF76,8,583,T,0.0035324774
Q8TF76_Q301L,Q8TF76,8,584,K,0.0005770725
Q8TF76_Q301L,Q8TF76,8,585,G,0.0005758898
Q8TF76_Q301L,Q8TF76,8,586,S,0.0014981641
Q8TF76_Q301L,Q8TF76,8,587,A,0.001201915
Q8TF76_Q301L,Q8TF76,8,588,N,0.0010508695
Q8TF76_Q301L,Q8TF76,8,589,D,0.00086117216
Q8TF76_Q301L,Q8TF76,8,590,R,0.00042180234
Q8TF76_Q301L,Q8TF76,8,591,P,0.0006840642
Q8TF76_Q301L,Q8TF76,8,592,D,0.003332649
Q8TF76_Q301L,Q8TF76,8,593,F,0.0011683092
Q8TF76_Q301L,Q8TF76,8,594,F,0.00066728203
Q8TF76_Q301L,Q8TF76,8,595,K,0.0005579506
Q8TF76_Q301L,Q8TF76,8,596,D,0.0006790485
Q8TF76_Q301L,Q8TF76,8,597,D,0.007977752
Q8TF76_Q301L,Q8TF76,8,598,Q,0.000660069
Q8TF76_Q301L,Q8TF76,8,599,L,0.0078579495
Q8TF76_Q301L,Q8TF76,8,600,F,0.0032708235
Q8TF76_Q301L,Q8TF76,8,601,I,0.00073301623
Q8TF76_Q301L,Q8TF76,8,602,V,0.0007012642
Q8TF76_Q301L,Q8TF76,8,603,L,0.0034840596
Q8TF76_Q301L,Q8TF76,8,604,E,0.0006314321
Q8TF76_Q301L,Q8TF76,8,605,F,0.004182253
Q8TF76_Q301L,Q8TF76,8,606,E,0.00044367326
Q8TF76_Q301L,Q8TF76,8,607,F,0.002940386
Q8TF76_Q301L,Q8TF76,8,608,G,0.001591169
Q8TF76_Q301L,Q8TF76,8,609,G,0.00054310163
Q8TF76_Q301L,Q8TF76,8,610,I,0.0021608628
Q8TF76_Q301L,Q8TF76,8,611,D,0.0008748408
Q8TF76_Q301L,Q8TF76,8,612,L,0.0005759113
Q8TF76_Q301L,Q8TF76,8,613,E,0.0006407019
Q8TF76_Q301L,Q8TF76,8,614,Q,0.00070938974
Q8TF76_Q301L,Q8TF76,8,615,M,0.00053230114
Q8TF76_Q301L,Q8TF76,8,616,R,0.00087878766
Q8TF76_Q301L,Q8TF76,8,617,T,0.0010434729
Q8TF76_Q301L,Q8TF76,8,618,K,0.0011064288
Q8TF76_Q301L,Q8TF76,8,619,L,0.0002924372
Q8TF76_Q301L,Q8TF76,8,620,S,0.0016725392
Q8TF76_Q301L,Q8TF76,8,621,S,0.0010996943
Q8TF76_Q301L,Q8TF76,8,622,L,0.0012254735
Q8TF76_Q301L,Q8TF76,8,623,A,0.0037153603
Q8TF76_Q301L,Q8TF76,8,624,T,0.0018246872
Q8TF76_Q301L,Q8TF76,8,625,A,0.0008155056
Q8TF76_Q301L,Q8TF76,8,626,K,0.0005112894
Q8TF76_Q301L,Q8TF76,8,627,S,0.021422656
Q8TF76_Q301L,Q8TF76,8,628,I,0.000647318
Q8TF76_Q301L,Q8TF76,8,629,L,0.00097173644
Q8TF76_Q301L,Q8TF76,8,630,H,0.0072968868
Q8TF76_Q301L,Q8TF76,8,631,Q,0.0011547873
Q8TF76_Q301L,Q8TF76,8,632,L,0.00082154025
Q8TF76_Q301L,Q8TF76,8,633,T,0.0009607938
Q8TF76_Q301L,Q8TF76,8,634,A,0.0029050212
Q8TF76_Q301L,Q8TF76,8,635,S,0.003795547
Q8TF76_Q301L,Q8TF76,8,636,L,0.002944989
Q8TF76_Q301L,Q8TF76,8,637,A,0.0003783488
Q8TF76_Q301L,Q8TF76,8,638,V,0.000620333
Q8TF76_Q301L,Q8TF76,8,639,A,0.0006640549
Q8TF76_Q301L,Q8TF76,8,640,E,0.00110141
Q8TF76_Q301L,Q8TF76,8,641,A,0.0025005662
Q8TF76_Q301L,Q8TF76,8,642,S,0.0053543737
Q8TF76_Q301L,Q8TF76,8,643,L,0.0039153867
Q8TF76_Q301L,Q8TF76,8,644,R,0.003962147
Q8TF76_Q301L,Q8TF76,8,645,F,0.0008001296
Q8TF76_Q301L,Q8TF76,8,646,E,0.0009460865
Q8TF76_Q301L,Q8TF76,8,647,H,0.0010599566
Q8TF76_Q301L,Q8TF76,8,648,R,0.0003398397
Q8TF76_Q301L,Q8TF76,8,649,D,0.001861888
Q8TF76_Q301L,Q8TF76,8,650,L,0.0021213645
Q8TF76_Q301L,Q8TF76,8,651,H,0.0038925833
Q8TF76_Q301L,Q8TF76,8,652,W,0.0043231966
Q8TF76_Q301L,Q8TF76,8,653,G,0.0031793346
Q8TF76_Q301L,Q8TF76,8,654,N,0.004566561
Q8TF76_Q301L,Q8TF76,8,655,V,0.0005483816
Q8TF76_Q301L,Q8TF76,8,656,L,0.0038898776
Q8TF76_Q301L,Q8TF76,8,657,L,0.00029358547
Q8TF76_Q301L,Q8TF76,8,658,K,0.00048212786
Q8TF76_Q301L,Q8TF76,8,659,K,0.000890311
Q8TF76_Q301L,Q8TF76,8,660,T,0.00086914445
Q8TF76_Q301L,Q8TF76,8,661,S,0.002464054
Q8TF76_Q301L,Q8TF76,8,662,L,0.0028749201
Q8TF76_Q301L,Q8TF76,8,663,K,0.00029301312
Q8TF76_Q301L,Q8TF76,8,664,K,0.0009099665
Q8TF76_Q301L,Q8TF76,8,665,L,0.0008831161
Q8TF76_Q301L,Q8TF76,8,666,H,0.0005935006
Q8TF76_Q301L,Q8TF76,8,667,Y,0.0012867508
Q8TF76_Q301L,Q8TF76,8,668,T,0.0021188676
Q8TF76_Q301L,Q8TF76,8,669,L,0.00069171144
Q8TF76_Q301L,Q8TF76,8,670,N,0.00054110587
Q8TF76_Q301L,Q8TF76,8,671,G,0.000428349
Q8TF76_Q301L,Q8TF76,8,672,K,0.0023365393
Q8TF76_Q301L,Q8TF76,8,673,S,0.0013567435
Q8TF76_Q301L,Q8TF76,8,674,S,0.0029943413
Q8TF76_Q301L,Q8TF76,8,675,T,0.0014937451
Q8TF76_Q301L,Q8TF76,8,676,I,0.0003115174
Q8TF76_Q301L,Q8TF76,8,677,P,0.0012307107
Q8TF76_Q301L,Q8TF76,8,678,S,0.00044378033
Q8TF76_Q301L,Q8TF76,8,679,C,0.0024696556
Q8TF76_Q301L,Q8TF76,8,680,G,0.0002871747
Q8TF76_Q301L,Q8TF76,8,681,L,0.00042749356
Q8TF76_Q301L,Q8TF76,8,682,Q,0.00051094254
Q8TF76_Q301L,Q8TF76,8,683,V,0.00045390739
Q8TF76_Q301L,Q8TF76,8,684,S,0.043035697
Q8TF76_Q301L,Q8TF76,8,685,I,0.00074414973
Q8TF76_Q301L,Q8TF76,8,686,I,0.0008853558
Q8TF76_Q301L,Q8TF76,8,687,D,0.007118096
Q8TF76_Q301L,Q8TF76,8,688,Y,0.0018724198
Q8TF76_Q301L,Q8TF76,8,689,T,0.0009084597
Q8TF76_Q301L,Q8TF76,8,690,L,0.0015808042
Q8TF76_Q301L,Q8TF76,8,691,S,0.0014178492
Q8TF76_Q301L,Q8TF76,8,692,R,0.00038373325
Q8TF76_Q301L,Q8TF76,8,693,L,0.0005506158
Q8TF76_Q301L,Q8TF76,8,694,E,0.0004128937
Q8TF76_Q301L,Q8TF76,8,695,R,0.0004632265
Q8TF76_Q301L,Q8TF76,8,696,D,0.0010678853
Q8TF76_Q301L,Q8TF76,8,697,G,0.0005129056
Q8TF76_Q301L,Q8TF76,8,698,I,0.0044218544
Q8TF76_Q301L,Q8TF76,8,699,V,0.0027090665
Q8TF76_Q301L,Q8TF76,8,700,V,0.00050427835
Q8TF76_Q301L,Q8TF76,8,701,F,0.0009486197
Q8TF76_Q301L,Q8TF76,8,702,C,0.022345323
Q8TF76_Q301L,Q8TF76,8,703,D,0.0012584294
Q8TF76_Q301L,Q8TF76,8,704,V,0.0019055783
Q8TF76_Q301L,Q8TF76,8,705,S,0.0015102781
Q8TF76_Q301L,Q8TF76,8,706,M,0.0008236625
Q8TF76_Q301L,Q8TF76,8,707,D,0.0017773826
Q8TF76_Q301L,Q8TF76,8,708,E,0.00040157005
Q8TF76_Q301L,Q8TF76,8,709,D,0.0061227498
Q8TF76_Q301L,Q8TF76,8,710,L,0.00056553405
Q8TF76_Q301L,Q8TF76,8,711,F,0.00071695104
Q8TF76_Q301L,Q8TF76,8,712,T,0.0005621226
Q8TF76_Q301L,Q8TF76,8,713,G,0.00070312124
Q8TF76_Q301L,Q8TF76,8,714,D,0.0010476324
Q8TF76_Q301L,Q8TF76,8,715,G,0.00028316042
Q8TF76_Q301L,Q8TF76,8,716,D,0.0007586002
Q8TF76_Q301L,Q8TF76,8,717,Y,0.0011040868
Q8TF76_Q301L,Q8TF76,8,718,Q,0.00035007845
Q8TF76_Q301L,Q8TF76,8,719,F,0.0016720683
Q8TF76_Q301L,Q8TF76,8,720,D,0.00078480976
Q8TF76_Q301L,Q8TF76,8,721,I,0.0005433781
Q8TF76_Q301L,Q8TF76,8,722,Y,0.0009721877
Q8TF76_Q301L,Q8TF76,8,723,R,0.0005724283
Q8TF76_Q301L,Q8TF76,8,724,L,0.005234074
Q8TF76_Q301L,Q8TF76,8,725,M,0.0003727326
Q8TF76_Q301L,Q8TF76,8,726,K,0.0005267933
Q8TF76_Q301L,Q8TF76,8,727,K,0.00082774233
Q8TF76_Q301L,Q8TF76,8,728,E,0.0026255928
Q8TF76_Q301L,Q8TF76,8,729,N,0.0016425648
Q8TF76_Q301L,Q8TF76,8,730,N,0.00056300394
Q8TF76_Q301L,Q8TF76,8,731,N,0.0005747571
Q8TF76_Q301L,Q8TF76,8,732,R,0.00121723
Q8TF76_Q301L,Q8TF76,8,733,W,0.0006098557
Q8TF76_Q301L,Q8TF76,8,734,G,0.000622638
Q8TF76_Q301L,Q8TF76,8,735,E,0.00071248715
Q8TF76_Q301L,Q8TF76,8,736,Y,0.0010193646
Q8TF76_Q301L,Q8TF76,8,737,H,0.014146252
Q8TF76_Q301L,Q8TF76,8,738,P,0.0006148421
Q8TF76_Q301L,Q8TF76,8,739,Y,0.0010564247
Q8TF76_Q301L,Q8TF76,8,740,S,0.002114439
Q8TF76_Q301L,Q8TF76,8,741,N,0.004841354
Q8TF76_Q301L,Q8TF76,8,742,V,0.0013220774
Q8TF76_Q301L,Q8TF76,8,743,L,0.003207787
Q8TF76_Q301L,Q8TF76,8,744,W,0.0006678855
Q8TF76_Q301L,Q8TF76,8,745,L,0.00052255794
Q8TF76_Q301L,Q8TF76,8,746,H,0.0013191757
Q8TF76_Q301L,Q8TF76,8,747,Y,0.00076784
Q8TF76_Q301L,Q8TF76,8,748,L,0.0008202022
Q8TF76_Q301L,Q8TF76,8,749,T,0.0018590532
Q8TF76_Q301L,Q8TF76,8,750,D,0.0028179616
Q8TF76_Q301L,Q8TF76,8,751,K,0.00046124376
Q8TF76_Q301L,Q8TF76,8,752,M,0.0007681691
Q8TF76_Q301L,Q8TF76,8,753,L,0.000555919
Q8TF76_Q301L,Q8TF76,8,754,K,0.00049124844
Q8TF76_Q301L,Q8TF76,8,755,Q,0.0018366606
Q8TF76_Q301L,Q8TF76,8,756,M,0.00063386874
Q8TF76_Q301L,Q8TF76,8,757,T,0.0005306807
Q8TF76_Q301L,Q8TF76,8,758,F,0.0009441549
Q8TF76_Q301L,Q8TF76,8,759,K,0.00063667155
Q8TF76_Q301L,Q8TF76,8,760,T,0.0023781008
Q8TF76_Q301L,Q8TF76,8,761,K,0.00075389113
Q8TF76_Q301L,Q8TF76,8,762,C,0.0014685885
Q8TF76_Q301L,Q8TF76,8,763,N,0.00058737345
Q8TF76_Q301L,Q8TF76,8,764,T,0.0026973174
Q8TF76_Q301L,Q8TF76,8,765,P,0.0013859902
Q8TF76_Q301L,Q8TF76,8,766,A,0.00055613095
Q8TF76_Q301L,Q8TF76,8,767,M,0.0018916543
Q8TF76_Q301L,Q8TF76,8,768,K,0.0009236039
Q8TF76_Q301L,Q8TF76,8,769,Q,0.000744077
Q8TF76_Q301L,Q8TF76,8,770,I,0.0015762959
Q8TF76_Q301L,Q8TF76,8,771,K,0.0006533559
Q8TF76_Q301L,Q8TF76,8,772,R,0.0006595867
Q8TF76_Q301L,Q8TF76,8,773,K,0.00070602295
Q8TF76_Q301L,Q8TF76,8,774,I,0.0015433996
Q8TF76_Q301L,Q8TF76,8,775,Q,0.0009388008
Q8TF76_Q301L,Q8TF76,8,776,E,0.00076880853
Q8TF76_Q301L,Q8TF76,8,777,F,0.0010803852
Q8TF76_Q301L,Q8TF76,8,778,H,0.0023080888
Q8TF76_Q301L,Q8TF76,8,779,R,0.0010661668
Q8TF76_Q301L,Q8TF76,8,780,T,0.00089560746
Q8TF76_Q301L,Q8TF76,8,781,M,0.0013752197
Q8TF76_Q301L,Q8TF76,8,782,L,0.00044650288
Q8TF76_Q301L,Q8TF76,8,783,N,0.0006505241
Q8TF76_Q301L,Q8TF76,8,784,F,0.0006921
Q8TF76_Q301L,Q8TF76,8,785,S,0.000603856
Q8TF76_Q301L,Q8TF76,8,786,S,0.0005927191
Q8TF76_Q301L,Q8TF76,8,787,A,0.00068364665
Q8TF76_Q301L,Q8TF76,8,788,T,0.000539013
Q8TF76_Q301L,Q8TF76,8,789,D,0.00035331008
Q8TF76_Q301L,Q8TF76,8,790,L,0.00049201207
Q8TF76_Q301L,Q8TF76,8,791,L,0.0005646845
Q8TF76_Q301L,Q8TF76,8,792,C,0.0006992268
Q8TF76_Q301L,Q8TF76,8,793,Q,0.00069802214
Q8TF76_Q301L,Q8TF76,8,794,H,0.00077176746
Q8TF76_Q301L,Q8TF76,8,795,S,0.000788683
Q8TF76_Q301L,Q8TF76,8,796,L,0.0009421767
Q8TF76_Q301L,Q8TF76,8,797,F,0.00076126057
Q8TF76_Q301L,Q8TF76,8,798,K,0.0003803081
WT_O43193,O43193,9,1,M,0.00077828055
WT_O43193,O43193,9,2,G,0.0023237602
WT_O43193,O43193,9,3,S,0.0014194214
WT_O43193,O43193,9,4,P,0.0017467164
WT_O43193,O43193,9,5,W,0.0008594361
WT_O43193,O43193,9,6,N,0.0030944182
WT_O43193,O43193,9,7,G,0.0011079789
WT_O43193,O43193,9,8,S,0.0009200447
WT_O43193,O43193,9,9,D,0.0009814686
WT_O43193,O43193,9,10,G,0.0016728995
WT_O43193,O43193,9,11,P,0.0021175616
WT_O43193,O43193,9,12,E,0.0010811421
WT_O43193,O43193,9,13,G,0.0010991079
WT_O43193,O43193,9,14,A,0.0014205979
WT_O43193,O43193,9,15,R,0.0016083609
WT_O43193,O43193,9,16,E,0.002931859
WT_O43193,O43193,9,17,P,0.0010419249
WT_O43193,O43193,9,18,P,0.0012226779
WT_O43193,O43193,9,19,W,0.001193414
WT_O43193,O43193,9,20,P,0.001012473
WT_O43193,O43193,9,21,A,0.0010514142
WT_O43193,O43193,9,22,L,0.0013880576
WT_O43193,O43193,9,23,P,0.0013798553
WT_O43193,O43193,9,24,P,0.0012587027
WT_O43193,O43193,9,25,C,0.004170343
WT_O43193,O43193,9,26,D,0.004026395
WT_O43193,O43193,9,27,E,0.0019075444
WT_O43193,O43193,9,28,R,0.001973039
WT_O43193,O43193,9,29,R,0.001782588
WT_O43193,O43193,9,30,C,0.0038303682
WT_O43193,O43193,9,31,S,0.0013346805
WT_O43193,O43193,9,32,P,0.00268453
WT_O43193,O43193,9,33,F,0.0012443243
WT_O43193,O43193,9,34,P,0.0014808421
WT_O43193,O43193,9,35,L,0.0029216844
WT_O43193,O43193,9,36,G,0.004564136
WT_O43193,O43193,9,37,A,0.00076935685
WT_O43193,O43193,9,38,L,0.000677443
WT_O43193,O43193,9,39,V,0.00056387694
WT_O43193,O43193,9,40,P,0.0020055883
WT_O43193,O43193,9,41,V,0.00066765025
WT_O43193,O43193,9,42,T,0.00143778
WT_O43193,O43193,9,43,A,0.0014919469
WT_O43193,O43193,9,44,V,0.00088716956
WT_O43193,O43193,9,45,C,0.0011465738
WT_O43193,O43193,9,46,L,0.0009062751
WT_O43193,O43193,9,47,C,0.0016114452
WT_O43193,O43193,9,48,L,0.0018401166
WT_O43193,O43193,9,49,F,0.0011461223
WT_O43193,O43193,9,50,V,0.0006492092
WT_O43193,O43193,9,51,V,0.0010604596
WT_O43193,O43193,9,52,G,0.0006178824
WT_O43193,O43193,9,53,V,0.0005491308
WT_O43193,O43193,9,54,S,0.0017394538
WT_O43193,O43193,9,55,G,0.0006550502
WT_O43193,O43193,9,56,N,0.0011924747
WT_O43193,O43193,9,57,V,0.0008486588
WT_O43193,O43193,9,58,V,0.0012902038
WT_O43193,O43193,9,59,T,0.0006994273
WT_O43193,O43193,9,60,V,0.00081226433
WT_O43193,O43193,9,61,M,0.0018701757
WT_O43193,O43193,9,62,L,0.0019243194
WT_O43193,O43193,9,63,I,0.0012062475
WT_O43193,O43193,9,64,G,0.005686803
WT_O43193,O43193,9,65,R,0.0006612742
WT_O43193,O43193,9,66,Y,0.00402109
WT_O43193,O43193,9,67,R,0.000782322
WT_O43193,O43193,9,68,D,0.002481164
WT_O43193,O43193,9,69,M,0.0012121145
WT_O43193,O43193,9,70,R,0.0011377063
WT_O43193,O43193,9,71,T,0.0021876034
WT_O43193,O43193,9,72,T,0.0010238227
WT_O43193,O43193,9,73,T,0.00062569557
WT_O43193,O43193,9,74,N,0.0009868128
WT_O43193,O43193,9,75,L,0.0017208299
WT_O43193,O43193,9,76,Y,0.0024264273
WT_O43193,O43193,9,77,L,0.0011068769
WT_O43193,O43193,9,78,G,0.0010624474
WT_O43193,O43193,9,79,S,0.0054000025
WT_O43193,O43193,9,80,M,0.0010532351
WT_O43193,O43193,9,81,A,0.00078438205
WT_O43193,O43193,9,82,V,0.00046457953
WT_O43193,O43193,9,83,S,0.0007125194
WT_O43193,O43193,9,84,D,0.0009917272
WT_O43193,O43193,9,85,L,0.00067404425
WT_O43193,O43193,9,86,L,0.0009719985
WT_O43193,O43193,9,87,I,0.00073751435
WT_O43193,O43193,9,88,L,0.06117442
WT_O43193,O43193,9,89,L,0.00053234154
WT_O43193,O43193,9,90,G,0.0012941427
WT_O43193,O43193,9,91,L,0.0040980247
WT_O43193,O43193,9,92,P,0.0008249977
WT_O43193,O43193,9,93,F,0.009090733
WT_O43193,O43193,9,94,D,0.013935722
WT_O43193,O43193,9,95,L,0.0014373076
WT_O43193,O43193,9,96,Y,0.0014472145
WT_O43193,O43193,9,97,R,0.0023706527
WT_O43193,O43193,9,98,L,0.0015602186
WT_O43193,O43193,9,99,W,0.0017770241
WT_O43193,O43193,9,100,R,0.000981162
WT_O43193,O43193,9,101,S,0.005691965
WT_O43193,O43193,9,102,R,0.0042374753
WT_O43193,O43193,9,103,P,0.004424955
WT_O43193,O43193,9,104,W,0.0031818696
WT_O43193,O43193,9,105,V,0.0016816827
WT_O43193,O43193,9,106,F,0.00066778157
WT_O43193,O43193,9,107,G,0.0017102001
WT_O43193,O43193,9,108,P,0.005391808
WT_O43193,O43193,9,109,L,0.022319311
WT_O43193,O43193,9,110,L,0.002787279
WT_O43193,O43193,9,111,C,0.005106195
WT_O43193,O43193,9,112,R,0.0024114212
WT_O43193,O43193,9,113,L,0.0009365981
WT_O43193,O43193,9,114,S,0.005910573
WT_O43193,O43193,9,115,L,0.0041383877
WT_O43193,O43193,9,116,Y,0.0053871945
WT_O43193,O43193,9,117,V,0.0007491915
WT_O43193,O43193,9,118,G,0.0006458818
WT_O43193,O43193,9,119,E,0.008225527
WT_O43193,O43193,9,120,G,0.0018743582
WT_O43193,O43193,9,121,C,0.008485206
WT_O43193,O43193,9,122,T,0.0006885471
WT_O43193,O43193,9,123,Y,0.0020414141
WT_O43193,O43193,9,124,A,0.0007404797
WT_O43193,O43193,9,125,T,0.00051339914
WT_O43193,O43193,9,126,L,0.0040621976
WT_O43193,O43193,9,127,L,0.0030144244
WT_O43193,O43193,9,128,H,0.0026280512
WT_O43193,O43193,9,129,M,0.0024333815
WT_O43193,O43193,9,130,T,0.0009273574
WT_O43193,O43193,9,131,A,0.00065991096
WT_O43193,O43193,9,132,L,0.0010544105
WT_O43193,O43193,9,133,S,0.00102897
WT_O43193,O43193,9,134,V,0.0011223366
WT_O43193,O43193,9,135,E,0.00069533946
WT_O43193,O43193,9,136,R,0.0008092577
WT_O43193,O43193,9,137,Y,0.0006055958
WT_O43193,O43193,9,138,L,0.002525036
WT_O43193,O43193,9,139,A,0.0008847022
WT_O43193,O43193,9,140,I,0.0008281132
WT_O43193,O43193,9,141,C,0.0026128753
WT_O43193,O43193,9,142,R,0.0018350718
WT_O43193,O43193,9,143,P,0.0010467084
WT_O43193,O43193,9,144,L,0.009003096
WT_O43193,O43193,9,145,R,0.0017529659
WT_O43193,O43193,9,146,A,0.00065092737
WT_O43193,O43193,9,147,R,0.0016017351
WT_O43193,O43193,9,148,V,0.0010430586
WT_O43193,O43193,9,149,L,0.00070716057
WT_O43193,O43193,9,150,V,0.0005704187
WT_O43193,O43193,9,151,T,0.0013123612
WT_O43193,O43193,9,152,R,0.0026794642
WT_O43193,O43193,9,153,R,0.006104708
WT_O43193,O43193,9,154,R,0.0011670406
WT_O43193,O43193,9,155,V,0.00035075707
WT_O43193,O43193,9,156,R,0.0006091629
WT_O43193,O43193,9,157,A,0.00096529577
WT_O43193,O43193,9,158,L,0.0005544781
WT_O43193,O43193,9,159,I,0.0004568148
WT_O43193,O43193,9,160,A,0.0018743516
WT_O43193,O43193,9,161,V,0.0006875912
WT_O43193,O43193,9,162,L,0.00086826837
WT_O43193,O43193,9,163,W,0.0007951649
WT_O43193,O43193,9,164,A,0.0017102008
WT_O43193,O43193,9,165,V,0.0005087012
WT_O43193,O43193,9,166,A,0.0006994107
WT_O43193,O43193,9,167,L,0.00073718105
WT_O43193,O43193,9,168,L,0.0009549994
WT_O43193,O43193,9,169,S,0.0014105416
WT_O43193,O43193,9,170,A,0.00075149606
WT_O43193,O43193,9,171,G,0.001139323
WT_O43193,O43193,9,172,P,0.0007925741
WT_O43193,O43193,9,173,F,0.0018560777
WT_O43193,O43193,9,174,L,0.00177008
WT_O43193,O43193,9,175,F,0.0011203171
WT_O43193,O43193,9,176,L,0.00073199533
WT_O43193,O43193,9,177,V,0.0011489727
WT_O43193,O43193,9,178,G,0.0018711532
WT_O43193,O43193,9,179,V,0.0006293814
WT_O43193,O43193,9,180,E,0.00045849837
WT_O43193,O43193,9,181,Q,0.0008717992
WT_O43193,O43193,9,182,D,0.0005199498
WT_O43193,O43193,9,183,P,0.0021625329
WT_O43193,O43193,9,184,G,0.0015433751
WT_O43193,O43193,9,185,I,0.0041409913
WT_O43193,O43193,9,186,S,0.0015562332
WT_O43193,O43193,9,187,V,0.0013169834
WT_O43193,O43193,9,188,V,0.00083558314
WT_O43193,O43193,9,189,P,0.0023182316
WT_O43193,O43193,9,190,G,0.0010107791
WT_O43193,O43193,9,191,L,0.001925865
WT_O43193,O43193,9,192,N,0.0026972082
WT_O43193,O43193,9,193,G,0.0015501145
WT_O43193,O43193,9,194,T,0.0023367684
WT_O43193,O43193,9,195,A,0.001688311
WT_O43193,O43193,9,196,R,0.0037724879
WT_O43193,O43193,9,197,I,0.0056307223
WT_O43193,O43193,9,198,A,0.004757771
WT_O43193,O43193,9,199,S,0.0017046308
WT_O43193,O43193,9,200,S,0.001360672
WT_O43193,O43193,9,201,P,0.0015276856
WT_O43193,O43193,9,202,L,0.0015627424
WT_O43193,O43193,9,203,A,0.008166403
WT_O43193,O43193,9,204,S,0.0047230376
WT_O43193,O43193,9,205,S,0.0023159878
WT_O43193,O43193,9,206,P,0.00065723853
WT_O43193,O43193,9,207,P,0.0011303724
WT_O43193,O43193,9,208,L,0.00079316634
WT_O43193,O43193,9,209,W,0.0025080694
WT_O43193,O43193,9,210,L,0.001827916
WT_O43193,O43193,9,211,S,0.0008328939
WT_O43193,O43193,9,212,R,0.0020103962
WT_O43193,O43193,9,213,A,0.0048031807
WT_O43193,O43193,9,214,P,0.0013363688
WT_O43193,O43193,9,215,P,0.0012619001
WT_O43193,O43193,9,216,P,0.0020533144
WT_O43193,O43193,9,217,S,0.0024666486
WT_O43193,O43193,9,218,P,0.0011398459
WT_O43193,O43193,9,219,P,0.0013087892
WT_O43193,O43193,9,220,S,0.0012517511
WT_O43193,O43193,9,221,G,0.001017866
WT_O43193,O43193,9,222,P,0.001777434
WT_O43193,O43193,9,223,E,0.001471324
WT_O43193,O43193,9,224,T,0.00229117
WT_O43193,O43193,9,225,A,0.001432006
WT_O43193,O43193,9,226,E,0.0022311637
WT_O43193,O43193,9,227,A,0.002020563
WT_O43193,O43193,9,228,A,0.0023464048
WT_O43193,O43193,9,229,A,0.0019017403
WT_O43193,O43193,9,230,L,0.0013782475
WT_O43193,O43193,9,231,F,0.009030408
WT_O43193,O43193,9,232,S,0.004804496
WT_O43193,O43193,9,233,R,0.0040866737
WT_O43193,O43193,9,234,E,0.002085808
WT_O43193,O43193,9,235,C,0.0040726974
WT_O43193,O43193,9,236,R,0.0028876872
WT_O43193,O43193,9,237,P,0.0029764683
WT_O43193,O43193,9,238,S,0.0049899854
WT_O43193,O43193,9,239,P,0.0012327031
WT_O43193,O43193,9,240,A,0.0015564624
WT_O43193,O43193,9,241,Q,0.00076536083
WT_O43193,O43193,9,242,L,0.0068095424
WT_O43193,O43193,9,243,G,0.0043791044
WT_O43193,O43193,9,244,A,0.0017330884
WT_O43193,O43193,9,245,L,0.0014185588
WT_O43193,O43193,9,246,R,0.0017270246
WT_O43193,O43193,9,247,V,0.0005825405
WT_O43193,O43193,9,248,M,0.00073797815
WT_O43193,O43193,9,249,L,0.00237036
WT_O43193,O43193,9,250,W,0.0036466047
WT_O43193,O43193,9,251,V,0.0017835308
WT_O43193,O43193,9,252,T,0.00093475584
WT_O43193,O43193,9,253,T,0.0014633988
WT_O43193,O43193,9,254,A,0.01161968
WT_O43193,O43193,9,255,Y,0.0016113048
WT_O43193,O43193,9,256,F,0.0015788915
WT_O43193,O43193,9,257,F,0.0044603613
WT_O43193,O43193,9,258,L,0.0009077058
WT_O43193,O43193,9,259,P,0.00078194303
WT_O43193,O43193,9,260,F,0.0010569944
WT_O43193,O43193,9,261,L,0.0011284142
WT_O43193,O43193,9,262,C,0.0052532908
WT_O43193,O43193,9,263,L,0.0037624266
WT_O43193,O43193,9,264,S,0.00089746393
WT_O43193,O43193,9,265,I,0.001195977
WT_O43193,O43193,9,266,L,0.0016199938
WT_O43193,O43193,9,267,Y,0.0005940828
WT_O43193,O43193,9,268,G,0.0015251812
WT_O43193,O43193,9,269,L,0.003326869
WT_O43193,O43193,9,270,I,0.00072252983
WT_O43193,O43193,9,271,G,0.0013719667
WT_O43193,O43193,9,272,R,0.0017579825
WT_O43193,O43193,9,273,E,0.0009230789
WT_O43193,O43193,9,274,L,0.0011920406
WT_O43193,O43193,9,275,W,0.0008417003
WT_O43193,O43193,9,276,S,0.00094434293
WT_O43193,O43193,9,277,S,0.0010984327
WT_O43193,O43193,9,278,R,0.0009798129
WT_O43193,O43193,9,279,R,0.0012805434
WT_O43193,O43193,9,280,P,0.0052382024
WT_O43193,O43193,9,281,L,0.00077885826
WT_O43193,O43193,9,282,R,0.00055099983
WT_O43193,O43193,9,283,G,0.0022026869
WT_O43193,O43193,9,284,P,0.011663582
WT_O43193,O43193,9,285,A,0.0015600139
WT_O43193,O43193,9,286,A,0.002330633
WT_O43193,O43193,9,287,S,0.001994159
WT_O43193,O43193,9,288,G,0.0021580989
WT_O43193,O43193,9,289,R,0.0012479328
WT_O43193,O43193,9,290,E,0.0014978279
WT_O43193,O43193,9,291,R,0.0010017831
WT_O43193,O43193,9,292,G,0.004249308
WT_O43193,O43193,9,293,H,0.0012857573
WT_O43193,O43193,9,294,R,0.00090246624
WT_O43193,O43193,9,295,Q,0.006562306
WT_O43193,O43193,9,296,T,0.00050115766
WT_O43193,O43193,9,297,V,0.0012056296
WT_O43193,O43193,9,298,R,0.0011450896
WT_O43193,O43193,9,299,V,0.0005790222
WT_O43193,O43193,9,300,L,0.001487022
WT_O43193,O43193,9,301,L,0.0013386373
WT_O43193,O43193,9,302,V,0.00054428406
WT_O43193,O43193,9,303,V,0.00062956614
WT_O43193,O43193,9,304,V,0.0007818075
WT_O43193,O43193,9,305,L,0.001095345
WT_O43193,O43193,9,306,A,0.0010369162
WT_O43193,O43193,9,307,F,0.0010004846
WT_O43193,O43193,9,308,I,0.0007746793
WT_O43193,O43193,9,309,I,0.0012423295
WT_O43193,O43193,9,310,C,0.0036414585
WT_O43193,O43193,9,311,W,0.0028794415
WT_O43193,O43193,9,312,L,0.002248291
WT_O43193,O43193,9,313,P,0.0017521778
WT_O43193,O43193,9,314,F,0.0049765143
WT_O43193,O43193,9,315,H,0.016444735
WT_O43193,O43193,9,316,V,0.0009758987
WT_O43193,O43193,9,317,G,0.0010637358
WT_O43193,O43193,9,318,R,0.0005702272
WT_O43193,O43193,9,319,I,0.0012260857
WT_O43193,O43193,9,320,I,0.00062999676
WT_O43193,O43193,9,321,Y,0.001314497
WT_O43193,O43193,9,322,I,0.0007684282
WT_O43193,O43193,9,323,N,0.002609527
WT_O43193,O43193,9,324,T,0.0018902633
WT_O43193,O43193,9,325,E,0.0013775901
WT_O43193,O43193,9,326,D,0.0062320656
WT_O43193,O43193,9,327,S,0.003448604
WT_O43193,O43193,9,328,R,0.002611716
WT_O43193,O43193,9,329,M,0.0034517294
WT_O43193,O43193,9,330,M,0.0027396872
WT_O43193,O43193,9,331,Y,0.006249354
WT_O43193,O43193,9,332,F,0.0024047734
WT_O43193,O43193,9,333,S,0.0010161015
WT_O43193,O43193,9,334,Q,0.002276249
WT_O43193,O43193,9,335,Y,0.0034484994
WT_O43193,O43193,9,336,F,0.0028525924
WT_O43193,O43193,9,337,N,0.0024456775
WT_O43193,O43193,9,338,I,0.00084747816
WT_O43193,O43193,9,339,V,0.0006374644
WT_O43193,O43193,9,340,A,0.000596223
WT_O43193,O43193,9,341,L,0.028889904
WT_O43193,O43193,9,342,Q,0.0024496804
WT_O43193,O43193,9,343,L,0.0016240262
WT_O43193,O43193,9,344,F,0.0012314005
WT_O43193,O43193,9,345,Y,0.0037934142
WT_O43193,O43193,9,346,L,0.000868155
WT_O43193,O43193,9,347,S,0.0015863191
WT_O43193,O43193,9,348,A,0.0010834201
WT_O43193,O43193,9,349,S,0.0017942585
WT_O43193,O43193,9,350,I,0.00075456884
WT_O43193,O43193,9,351,N,0.0026258351
WT_O43193,O43193,9,352,P,0.0010195876
WT_O43193,O43193,9,353,I,0.0013636269
WT_O43193,O43193,9,354,L,0.0023244
WT_O43193,O43193,9,355,Y,0.00086148706
WT_O43193,O43193,9,356,N,0.0012254027
WT_O43193,O43193,9,357,L,0.00077647687
WT_O43193,O43193,9,358,I,0.00054546207
WT_O43193,O43193,9,359,S,0.0042786407
WT_O43193,O43193,9,360,K,0.0005421841
WT_O43193,O43193,9,361,K,0.0007874416
WT_O43193,O43193,9,362,Y,0.0013379287
WT_O43193,O43193,9,363,R,0.0005682125
WT_O43193,O43193,9,364,A,0.001249802
WT_O43193,O43193,9,365,A,0.00059700874
WT_O43193,O43193,9,366,A,0.00069926033
WT_O43193,O43193,9,367,F,0.002664826
WT_O43193,O43193,9,368,K,0.00069330353
WT_O43193,O43193,9,369,L,0.0014444828
WT_O43193,O43193,9,370,L,0.001537731
WT_O43193,O43193,9,371,L,0.0019233527
WT_O43193,O43193,9,372,A,0.0048413766
WT_O43193,O43193,9,373,R,0.0028129097
WT_O43193,O43193,9,374,K,0.0018026556
WT_O43193,O43193,9,375,S,0.0014454685
WT_O43193,O43193,9,376,R,0.0011203059
WT_O43193,O43193,9,377,P,0.0028268867
WT_O43193,O43193,9,378,R,0.0017987617
WT_O43193,O43193,9,379,G,0.0020133941
WT_O43193,O43193,9,380,F,0.0016280018
WT_O43193,O43193,9,381,H,0.00157826
WT_O43193,O43193,9,382,R,0.0024097562
WT_O43193,O43193,9,383,S,0.002077964
WT_O43193,O43193,9,384,R,0.0019450354
WT_O43193,O43193,9,385,D,0.0026047376
WT_O43193,O43193,9,386,T,0.0020417238
WT_O43193,O43193,9,387,A,0.0024951925
WT_O43193,O43193,9,388,G,0.0017046292
WT_O43193,O43193,9,389,E,0.0028698605
WT_O43193,O43193,9,390,V,0.0020303777
WT_O43193,O43193,9,391,A,0.0031706747
WT_O43193,O43193,9,392,G,0.0020528717
WT_O43193,O43193,9,393,D,0.0022147032
WT_O43193,O43193,9,394,T,0.0026572598
WT_O43193,O43193,9,395,G,0.0037801468
WT_O43193,O43193,9,396,G,0.0018331356
WT_O43193,O43193,9,397,D,0.0018343851
WT_O43193,O43193,9,398,T,0.0055146054
WT_O43193,O43193,9,399,V,0.0023695743
WT_O43193,O43193,9,400,G,0.0024305896
WT_O43193,O43193,9,401,Y,0.0040403083
WT_O43193,O43193,9,402,T,0.0042158025
WT_O43193,O43193,9,403,E,0.0064885225
WT_O43193,O43193,9,404,T,0.0036728717
WT_O43193,O43193,9,405,S,0.0042416155
WT_O43193,O43193,9,406,A,0.00679068
WT_O43193,O43193,9,407,N,0.0086165285
WT_O43193,O43193,9,408,V,0.0047276476
WT_O43193,O43193,9,409,K,0.0137053365
WT_O43193,O43193,9,410,T,0.006551341
WT_O43193,O43193,9,411,M,0.0045942343
WT_O43193,O43193,9,412,G,0.004236267
WT_Q96RQ1,Q96RQ1,10,1,M,0.00096444995
WT_Q96RQ1,Q96RQ1,10,2,R,0.0009008628
WT_Q96RQ1,Q96RQ1,10,3,R,0.00087389216
WT_Q96RQ1,Q96RQ1,10,4,L,0.0015938267
WT_Q96RQ1,Q96RQ1,10,5,N,0.0051693805
WT_Q96RQ1,Q96RQ1,10,6,R,0.0013738165
WT_Q96RQ1,Q96RQ1,10,7,K,0.0016360676
WT_Q96RQ1,Q96RQ1,10,8,K,0.0023990737
WT_Q96RQ1,Q96RQ1,10,9,T,0.003361119
WT_Q96RQ1,Q96RQ1,10,10,L,0.002691235
WT_Q96RQ1,Q96RQ1,10,11,S,0.0020079995
WT_Q96RQ1,Q96RQ1,10,12,L,0.0011816645
WT_Q96RQ1,Q96RQ1,10,13,V,0.002027153
WT_Q96RQ1,Q96RQ1,10,14,K,0.0010969996
WT_Q96RQ1,Q96RQ1,10,15,E,0.0009236429
WT_Q96RQ1,Q96RQ1,10,16,L,0.0020201562
WT_Q96RQ1,Q96RQ1,10,17,D,0.0019399032
WT_Q96RQ1,Q96RQ1,10,18,A,0.0009535906
WT_Q96RQ1,Q96RQ1,10,19,F,0.0010518394
WT_Q96RQ1,Q96RQ1,10,20,P,0.0009041805
WT_Q96RQ1,Q96RQ1,10,21,K,0.00062573794
WT_Q96RQ1,Q96RQ1,10,22,V,0.00091158703
WT_Q96RQ1,Q96RQ1,10,23,P,0.0013989351
WT_Q96RQ1,Q96RQ1,10,24,E,0.0009440256
WT_Q96RQ1,Q96RQ1,10,25,S,0.012460964
WT_Q96RQ1,Q96RQ1,10,26,Y,0.0011817864
WT_Q96RQ1,Q96RQ1,10,27,V,0.000559599
WT_Q96RQ1,Q96RQ1,10,28,E,0.0019892484
WT_Q96RQ1,Q96RQ1,10,29,T,0.004822853
WT_Q96RQ1,Q96RQ1,10,30,S,0.001405063
WT_Q96RQ1,Q96RQ1,10,31,A,0.002366652
WT_Q96RQ1,Q96RQ1,10,32,S,0.011823612
WT_Q96RQ1,Q96RQ1,10,33,G,0.00094729796
WT_Q96RQ1,Q96RQ1,10,34,G,0.0018499513
WT_Q96RQ1,Q96RQ1,10,35,T,0.0016846051
WT_Q96RQ1,Q96RQ1,10,36,V,0.0013732897
WT_Q96RQ1,Q96RQ1,10,37,S,0.002557326
WT_Q96RQ1,Q96RQ1,10,38,L,0.0019717528
WT_Q96RQ1,Q96RQ1,10,39,I,0.0016989821
WT_Q96RQ1,Q96RQ1,10,40,A,0.0019042809
WT_Q96RQ1,Q96RQ1,10,41,F,0.02135902
WT_Q96RQ1,Q96RQ1,10,42,T,0.0033080217
WT_Q96RQ1,Q96RQ1,10,43,T,0.0025173975
WT_Q96RQ1,Q96RQ1,10,44,M,0.001320888
WT_Q96RQ1,Q96RQ1,10,45,A,0.0015073761
WT_Q96RQ1,Q96RQ1,10,46,L,0.0043944973
WT_Q96RQ1,Q96RQ1,10,47,L,0.0012141318
WT_Q96RQ1,Q96RQ1,10,48,T,0.0011251452
WT_Q96RQ1,Q96RQ1,10,49,I,0.0031540643
WT_Q96RQ1,Q96RQ1,10,50,M,0.0016841313
WT_Q96RQ1,Q96RQ1,10,51,E,0.0006141486
WT_Q96RQ1,Q96RQ1,10,52,F,0.0039810627
WT_Q96RQ1,Q96RQ1,10,53,S,0.002029931
WT_Q96RQ1,Q96RQ1,10,54,V,0.0009296545
WT_Q96RQ1,Q96RQ1,10,55,Y,0.0012463657
WT_Q96RQ1,Q96RQ1,10,56,Q,0.0005328522
WT_Q96RQ1,Q96RQ1,10,57,D,0.000635122
WT_Q96RQ1,Q96RQ1,10,58,T,0.0009122467
WT_Q96RQ1,Q96RQ1,10,59,W,0.0048843906
WT_Q96RQ1,Q96RQ1,10,60,M,0.0031418798
WT_Q96RQ1,Q96RQ1,10,61,K,0.0005438474
WT_Q96RQ1,Q96RQ1,10,62,Y,0.0012508301
WT_Q96RQ1,Q96RQ1,10,63,E,0.0008191081
WT_Q96RQ1,Q96RQ1,10,64,Y,0.0011591
WT_Q96RQ1,Q96RQ1,10,65,E,0.0019724104
WT_Q96RQ1,Q96RQ1,10,66,V,0.000646171
WT_Q96RQ1,Q96RQ1,10,67,D,0.00071778806
WT_Q96RQ1,Q96RQ1,10,68,K,0.00084112893
WT_Q96RQ1,Q96RQ1,10,69,D,0.0009808197
WT_Q96RQ1,Q96RQ1,10,70,F,0.0016588727
WT_Q96RQ1,Q96RQ1,10,71,S,0.002677922
WT_Q96RQ1,Q96RQ1,10,72,S,0.0023898229
WT_Q96RQ1,Q96RQ1,10,73,K,0.00069956697
WT_Q96RQ1,Q96RQ1,10,74,L,0.0012556626
WT_Q96RQ1,Q96RQ1,10,75,R,0.0014084011
WT_Q96RQ1,Q96RQ1,10,76,I,0.00095389073
WT_Q96RQ1,Q96RQ1,10,77,N,0.0029952687
WT_Q96RQ1,Q96RQ1,10,78,I,0.0031536566
WT_Q96RQ1,Q96RQ1,10,79,D,0.0011825918
WT_Q96RQ1,Q96RQ1,10,80,I,0.0028774363
WT_Q96RQ1,Q96RQ1,10,81,T,0.0015610278
WT_Q96RQ1,Q96RQ1,10,82,V,0.00069227436
WT_Q96RQ1,Q96RQ1,10,83,A,0.0010044923
WT_Q96RQ1,Q96RQ1,10,84,M,0.00073333347
WT_Q96RQ1,Q96RQ1,10,85,K,0.0010483658
WT_Q96RQ1,Q96RQ1,10,86,C,0.007457305
WT_Q96RQ1,Q96RQ1,10,87,Q,0.0034468977
WT_Q96RQ1,Q96RQ1,10,88,Y,0.0139824115
WT_Q96RQ1,Q96RQ1,10,89,V,0.00061556837
WT_Q96RQ1,Q96RQ1,10,90,G,0.0009513868
WT_Q96RQ1,Q96RQ1,10,91,A,0.0008926905
WT_Q96RQ1,Q96RQ1,10,92,D,0.0015822903
WT_Q96RQ1,Q96RQ1,10,93,V,0.00047770157
WT_Q96RQ1,Q96RQ1,10,94,L,0.0005559142
WT_Q96RQ1,Q96RQ1,10,95,D,0.0008653805
WT_Q96RQ1,Q96RQ1,10,96,L,0.0006978362
WT_Q96RQ1,Q96RQ1,10,97,A,0.0009420009
WT_Q96RQ1,Q96RQ1,10,98,E,0.0007579801
WT_Q96RQ1,Q96RQ1,10,99,T,0.0012646529
WT_Q96RQ1,Q96RQ1,10,100,M,0.0013099138
WT_Q96RQ1,Q96RQ1,10,101,V,0.00082113204
WT_Q96RQ1,Q96RQ1,10,102,A,0.0024301938
WT_Q96RQ1,Q96RQ1,10,103,S,0.0043301806
WT_Q96RQ1,Q96RQ1,10,104,A,0.0028444037
WT_Q96RQ1,Q96RQ1,10,105,D,0.0016839142
WT_Q96RQ1,Q96RQ1,10,106,G,0.0022619027
WT_Q96RQ1,Q96RQ1,10,107,L,0.001181568
WT_Q96RQ1,Q96RQ1,10,108,V,0.0010804355
WT_Q96RQ1,Q96RQ1,10,109,Y,0.0007410364
WT_Q96RQ1,Q96RQ1,10,110,E,0.000448833
WT_Q96RQ1,Q96RQ1,10,111,P,0.0017801916
WT_Q96RQ1,Q96RQ1,10,112,T,0.001001681
WT_Q96RQ1,Q96RQ1,10,113,V,0.0011554037
WT_Q96RQ1,Q96RQ1,10,114,F,0.0011479855
WT_Q96RQ1,Q96RQ1,10,115,D,0.004530739
WT_Q96RQ1,Q96RQ1,10,116,L,0.00073231105
WT_Q96RQ1,Q96RQ1,10,117,S,0.00073210895
WT_Q96RQ1,Q96RQ1,10,118,P,0.0012478064
WT_Q96RQ1,Q96RQ1,10,119,Q,0.0012711096
WT_Q96RQ1,Q96RQ1,10,120,Q,0.000932907
WT_Q96RQ1,Q96RQ1,10,121,K,0.001266934
WT_Q96RQ1,Q96RQ1,10,122,E,0.0013167447
WT_Q96RQ1,Q96RQ1,10,123,W,0.01135387
WT_Q96RQ1,Q96RQ1,10,124,Q,0.002267174
WT_Q96RQ1,Q96RQ1,10,125,R,0.0012568313
WT_Q96RQ1,Q96RQ1,10,126,M,0.0033537638
WT_Q96RQ1,Q96RQ1,10,127,L,0.004072241
WT_Q96RQ1,Q96RQ1,10,128,Q,0.0010487387
WT_Q96RQ1,Q96RQ1,10,129,L,0.0011911506
WT_Q96RQ1,Q96RQ1,10,130,I,0.010548114
WT_Q96RQ1,Q96RQ1,10,131,Q,0.0049820994
WT_Q96RQ1,Q96RQ1,10,132,S,0.0010425841
WT_Q96RQ1,Q96RQ1,10,133,R,0.00772485
WT_Q96RQ1,Q96RQ1,10,134,L,0.0024725741
WT_Q96RQ1,Q96RQ1,10,135,Q,0.0022467093
WT_Q96RQ1,Q96RQ1,10,136,E,0.0008668464
WT_Q96RQ1,Q96RQ1,10,137,E,0.0011982467
WT_Q96RQ1,Q96RQ1,10,138,H,0.0015001004
WT_Q96RQ1,Q96RQ1,10,139,S,0.002834599
WT_Q96RQ1,Q96RQ1,10,140,L,0.0031767555
WT_Q96RQ1,Q96RQ1,10,141,Q,0.0010297619
WT_Q96RQ1,Q96RQ1,10,142,D,0.0008025539
WT_Q96RQ1,Q96RQ1,10,143,V,0.0033843352
WT_Q96RQ1,Q96RQ1,10,144,I,0.004612265
WT_Q96RQ1,Q96RQ1,10,145,F,0.0036247515
WT_Q96RQ1,Q96RQ1,10,146,K,0.0024213172
WT_Q96RQ1,Q96RQ1,10,147,S,0.0024352402
WT_Q96RQ1,Q96RQ1,10,148,A,0.0068233563
WT_Q96RQ1,Q96RQ1,10,149,F,0.004119537
WT_Q96RQ1,Q96RQ1,10,150,K,0.0034745724
WT_Q96RQ1,Q96RQ1,10,151,S,0.002995566
WT_Q96RQ1,Q96RQ1,10,152,T,0.0025211067
WT_Q96RQ1,Q96RQ1,10,153,S,0.0021194948
WT_Q96RQ1,Q96RQ1,10,154,T,0.0020885426
WT_Q96RQ1,Q96RQ1,10,155,A,0.004472476
WT_Q96RQ1,Q96RQ1,10,156,L,0.0046810545
WT_Q96RQ1,Q96RQ1,10,157,P,0.0027547558
WT_Q96RQ1,Q96RQ1,10,158,P,0.0012834197
WT_Q96RQ1,Q96RQ1,10,159,R,0.0014739033
WT_Q96RQ1,Q96RQ1,10,160,E,0.00177592
WT_Q96RQ1,Q96RQ1,10,161,D,0.0015343191
WT_Q96RQ1,Q96RQ1,10,162,D,0.0038927041
WT_Q96RQ1,Q96RQ1,10,163,S,0.0018244302
WT_Q96RQ1,Q96RQ1,10,164,S,0.001197179
WT_Q96RQ1,Q96RQ1,10,165,Q,0.0011834555
WT_Q96RQ1,Q96RQ1,10,166,S,0.0016283118
WT_Q96RQ1,Q96RQ1,10,167,P,0.0013392388
WT_Q96RQ1,Q96RQ1,10,168,N,0.00082495523
WT_Q96RQ1,Q96RQ1,10,169,A,0.00064513384
WT_Q96RQ1,Q96RQ1,10,170,C,0.0015430546
WT_Q96RQ1,Q96RQ1,10,171,R,0.0007870766
WT_Q96RQ1,Q96RQ1,10,172,I,0.0007049473
WT_Q96RQ1,Q96RQ1,10,173,H,0.0027147955
WT_Q96RQ1,Q96RQ1,10,174,G,0.0008471313
WT_Q96RQ1,Q96RQ1,10,175,H,0.055119902
WT_Q96RQ1,Q96RQ1,10,176,L,0.0022742623
WT_Q96RQ1,Q96RQ1,10,177,Y,0.008861183
WT_Q96RQ1,Q96RQ1,10,178,V,0.0007469704
WT_Q96RQ1,Q96RQ1,10,179,N,0.0049380697
WT_Q96RQ1,Q96RQ1,10,180,K,0.0004644352
WT_Q96RQ1,Q96RQ1,10,181,V,0.00062262
WT_Q96RQ1,Q96RQ1,10,182,A,0.0005580157
WT_Q96RQ1,Q96RQ1,10,183,G,0.0003992619
WT_Q96RQ1,Q96RQ1,10,184,N,0.0018474516
WT_Q96RQ1,Q96RQ1,10,185,F,0.0014203744
WT_Q96RQ1,Q96RQ1,10,186,H,0.0007975296
WT_Q96RQ1,Q96RQ1,10,187,I,0.0008633457
WT_Q96RQ1,Q96RQ1,10,188,T,0.0009185673
WT_Q96RQ1,Q96RQ1,10,189,V,0.00051046483
WT_Q96RQ1,Q96RQ1,10,190,G,0.00055919273
WT_Q96RQ1,Q96RQ1,10,191,K,0.00065034966
WT_Q96RQ1,Q96RQ1,10,192,A,0.00132564
WT_Q96RQ1,Q96RQ1,10,193,I,0.00048055814
WT_Q96RQ1,Q96RQ1,10,194,P,0.0039064926
WT_Q96RQ1,Q96RQ1,10,195,H,0.0038160766
WT_Q96RQ1,Q96RQ1,10,196,P,0.001316171
WT_Q96RQ1,Q96RQ1,10,197,R,0.0011803202
WT_Q96RQ1,Q96RQ1,10,198,G,0.0006095084
WT_Q96RQ1,Q96RQ1,10,199,H,0.0015984401
WT_Q96RQ1,Q96RQ1,10,200,A,0.0008066878
WT_Q96RQ1,Q96RQ1,10,201,H,0.0014671689
WT_Q96RQ1,Q96RQ1,10,202,L,0.0014790025
WT_Q96RQ1,Q96RQ1,10,203,A,0.0025824837
WT_Q96RQ1,Q96RQ1,10,204,A,0.0038762258
WT_Q96RQ1,Q96RQ1,10,205,L,0.0030436746
WT_Q96RQ1,Q96RQ1,10,206,V,0.0032126233
WT_Q96RQ1,Q96RQ1,10,207,N,0.002329387
WT_Q96RQ1,Q96RQ1,10,208,H,0.0010913415
WT_Q96RQ1,Q96RQ1,10,209,E,0.00048095363
WT_Q96RQ1,Q96RQ1,10,210,S,0.00529196
WT_Q96RQ1,Q96RQ1,10,211,Y,0.0012790252
WT_Q96RQ1,Q96RQ1,10,212,N,0.03111809
WT_Q96RQ1,Q96RQ1,10,213,F,0.0015524738
WT_Q96RQ1,Q96RQ1,10,214,S,0.00075987267
WT_Q96RQ1,Q96RQ1,10,215,H,0.0014390078
WT_Q96RQ1,Q96RQ1,10,216,R,0.00046259086
WT_Q96RQ1,Q96RQ1,10,217,I,0.0007888191
WT_Q96RQ1,Q96RQ1,10,218,D,0.007786343
WT_Q96RQ1,Q96RQ1,10,219,H,0.0024603235
WT_Q96RQ1,Q96RQ1,10,220,L,0.0011610131
WT_Q96RQ1,Q96RQ1,10,221,S,0.0011895937
WT_Q96RQ1,Q96RQ1,10,222,F,0.0008018289
WT_Q96RQ1,Q96RQ1,10,223,G,0.00057937676
WT_Q96RQ1,Q96RQ1,10,224,E,0.0009957321
WT_Q96RQ1,Q96RQ1,10,225,L,0.008931753
WT_Q96RQ1,Q96RQ1,10,226,V,0.0033712192
WT_Q96RQ1,Q96RQ1,10,227,P,0.00075096166
WT_Q96RQ1,Q96RQ1,10,228,A,0.00049308984
WT_Q96RQ1,Q96RQ1,10,229,I,0.00063354615
WT_Q96RQ1,Q96RQ1,10,230,I,0.002388512
WT_Q96RQ1,Q96RQ1,10,231,N,0.00075352675
WT_Q96RQ1,Q96RQ1,10,232,P,0.0012346578
WT_Q96RQ1,Q96RQ1,10,233,L,0.0006116594
WT_Q96RQ1,Q96RQ1,10,234,D,0.00084449706
WT_Q96RQ1,Q96RQ1,10,235,G,0.00042503912
WT_Q96RQ1,Q96RQ1,10,236,T,0.0010154204
WT_Q96RQ1,Q96RQ1,10,237,E,0.00080444105
WT_Q96RQ1,Q96RQ1,10,238,K,0.00042517186
WT_Q96RQ1,Q96RQ1,10,239,I,0.0015560377
WT_Q96RQ1,Q96RQ1,10,240,A,0.0006014435
WT_Q96RQ1,Q96RQ1,10,241,I,0.0013415312
WT_Q96RQ1,Q96RQ1,10,242,D,0.0030119037
WT_Q96RQ1,Q96RQ1,10,243,H,0.0025168
WT_Q96RQ1,Q96RQ1,10,244,N,0.005117747
WT_Q96RQ1,Q96RQ1,10,245,Q,0.00064882723
WT_Q96RQ1,Q96RQ1,10,246,M,0.0014607605
WT_Q96RQ1,Q96RQ1,10,247,F,0.0035240157
WT_Q96RQ1,Q96RQ1,10,248,Q,0.00046099036
WT_Q96RQ1,Q96RQ1,10,249,Y,0.0021586805
WT_Q96RQ1,Q96RQ1,10,250,F,0.0012208637
WT_Q96RQ1,Q96RQ1,10,251,I,0.0008149754
WT_Q96RQ1,Q96RQ1,10,252,T,0.0011794401
WT_Q96RQ1,Q96RQ1,10,253,V,0.0084010465
WT_Q96RQ1,Q96RQ1,10,254,V,0.00041833226
WT_Q96RQ1,Q96RQ1,10,255,P,0.00081839645
WT_Q96RQ1,Q96RQ1,10,256,T,0.00064641034
WT_Q96RQ1,Q96RQ1,10,257,K,0.0014096862
WT_Q96RQ1,Q96RQ1,10,258,L,0.00041026526
WT_Q96RQ1,Q96RQ1,10,259,H,0.0009003916
WT_Q96RQ1,Q96RQ1,10,260,T,0.0013787025
WT_Q96RQ1,Q96RQ1,10,261,Y,0.0015427037
WT_Q96RQ1,Q96RQ1,10,262,K,0.00057110126
WT_Q96RQ1,Q96RQ1,10,263,I,0.0005822177
WT_Q96RQ1,Q96RQ1,10,264,S,0.006777225
WT_Q96RQ1,Q96RQ1,10,265,A,0.0008232034
WT_Q96RQ1,Q96RQ1,10,266,D,0.049100313
WT_Q96RQ1,Q96RQ1,10,267,T,0.0006553128
WT_Q96RQ1,Q96RQ1,10,268,H,0.012763714
WT_Q96RQ1,Q96RQ1,10,269,Q,0.00040412662
WT_Q96RQ1,Q96RQ1,10,270,F,0.0006955512
WT_Q96RQ1,Q96RQ1,10,271,S,0.00034887763
WT_Q96RQ1,Q96RQ1,10,272,V,0.0003791706
WT_Q96RQ1,Q96RQ1,10,273,T,0.00076130073
WT_Q96RQ1,Q96RQ1,10,274,E,0.0007132786
WT_Q96RQ1,Q96RQ1,10,275,R,0.00054149533
WT_Q96RQ1,Q96RQ1,10,276,E,0.0007276999
WT_Q96RQ1,Q96RQ1,10,277,R,0.00034676364
WT_Q96RQ1,Q96RQ1,10,278,I,0.0085791
WT_Q96RQ1,Q96RQ1,10,279,I,0.0022354848
WT_Q96RQ1,Q96RQ1,10,280,N,0.0010539877
WT_Q96RQ1,Q96RQ1,10,281,H,0.004596046
WT_Q96RQ1,Q96RQ1,10,282,A,0.0008192554
WT_Q96RQ1,Q96RQ1,10,283,A,0.00079738704
WT_Q96RQ1,Q96RQ1,10,284,G,0.00042413798
WT_Q96RQ1,Q96RQ1,10,285,S,0.0008560905
WT_Q96RQ1,Q96RQ1,10,286,H,0.0013911799
WT_Q96RQ1,Q96RQ1,10,287,G,0.00051351276
WT_Q96RQ1,Q96RQ1,10,288,V,0.00039953433
WT_Q96RQ1,Q96RQ1,10,289,S,0.0017770568
WT_Q96RQ1,Q96RQ1,10,290,G,0.0004448239
WT_Q96RQ1,Q96RQ1,10,291,I,0.0008360772
WT_Q96RQ1,Q96RQ1,10,292,F,0.0017767006
WT_Q96RQ1,Q96RQ1,10,293,M,0.0015905263
WT_Q96RQ1,Q96RQ1,10,294,K,0.00043066862
WT_Q96RQ1,Q96RQ1,10,295,Y,0.0014691976
WT_Q96RQ1,Q96RQ1,10,296,D,0.0017114957
WT_Q96RQ1,Q96RQ1,10,297,L,0.0012443943
WT_Q96RQ1,Q96RQ1,10,298,S,0.013233922
WT_Q96RQ1,Q96RQ1,10,299,S,0.002126286
WT_Q96RQ1,Q96RQ1,10,300,L,0.0013064276
WT_Q96RQ1,Q96RQ1,10,301,M,0.00053338165
WT_Q96RQ1,Q96RQ1,10,302,V,0.0005410594
WT_Q96RQ1,Q96RQ1,10,303,T,0.0007155016
WT_Q96RQ1,Q96RQ1,10,304,V,0.001003474
WT_Q96RQ1,Q96RQ1,10,305,T,0.0009677744
WT_Q96RQ1,Q96RQ1,10,306,E,0.0009396652
WT_Q96RQ1,Q96RQ1,10,307,E,0.0014279885
WT_Q96RQ1,Q96RQ1,10,308,H,0.000864594
WT_Q96RQ1,Q96RQ1,10,309,M,0.00094729854
WT_Q96RQ1,Q96RQ1,10,310,P,0.001806368
WT_Q96RQ1,Q96RQ1,10,311,F,0.0010820485
WT_Q96RQ1,Q96RQ1,10,312,W,0.0015702073
WT_Q96RQ1,Q96RQ1,10,313,Q,0.00069653976
WT_Q96RQ1,Q96RQ1,10,314,F,0.0009505441
WT_Q96RQ1,Q96RQ1,10,315,F,0.001203073
WT_Q96RQ1,Q96RQ1,10,316,V,0.00073715893
WT_Q96RQ1,Q96RQ1,10,317,R,0.000907683
WT_Q96RQ1,Q96RQ1,10,318,L,0.0008747465
WT_Q96RQ1,Q96RQ1,10,319,C,0.013156945
WT_Q96RQ1,Q96RQ1,10,320,G,0.0009586595
WT_Q96RQ1,Q96RQ1,10,321,I,0.0010523056
WT_Q96RQ1,Q96RQ1,10,322,V,0.0007026381
WT_Q96RQ1,Q96RQ1,10,323,G,0.0008927455
WT_Q96RQ1,Q96RQ1,10,324,G,0.000797643
WT_Q96RQ1,Q96RQ1,10,325,I,0.0009580756
WT_Q96RQ1,Q96RQ1,10,326,F,0.0025712452
WT_Q96RQ1,Q96RQ1,10,327,S,0.0011140858
WT_Q96RQ1,Q96RQ1,10,328,T,0.0005674802
WT_Q96RQ1,Q96RQ1,10,329,T,0.00090213167
WT_Q96RQ1,Q96RQ1,10,330,G,0.0011237592
WT_Q96RQ1,Q96RQ1,10,331,M,0.0007274431
WT_Q96RQ1,Q96RQ1,10,332,L,0.0012134856
WT_Q96RQ1,Q96RQ1,10,333,H,0.00596823
WT_Q96RQ1,Q96RQ1,10,334,G,0.004601295
WT_Q96RQ1,Q96RQ1,10,335,I,0.0032167977
WT_Q96RQ1,Q96RQ1,10,336,G,0.0044538793
WT_Q96RQ1,Q96RQ1,10,337,K,0.004646516
WT_Q96RQ1,Q96RQ1,10,338,F,0.0013832669
WT_Q96RQ1,Q96RQ1,10,339,I,0.0028201356
WT_Q96RQ1,Q96RQ1,10,340,V,0.0020466615
WT_Q96RQ1,Q96RQ1,10,341,E,0.0007275923
WT_Q96RQ1,Q96RQ1,10,342,I,0.0069782757
WT_Q96RQ1,Q96RQ1,10,343,I,0.0024303345
WT_Q96RQ1,Q96RQ1,10,344,C,0.019874968
WT_Q96RQ1,Q96RQ1,10,345,C,0.0034933486
WT_Q96RQ1,Q96RQ1,10,346,R,0.0013176209
WT_Q96RQ1,Q96RQ1,10,347,F,0.016798295
WT_Q96RQ1,Q96RQ1,10,348,R,0.0013842916
WT_Q96RQ1,Q96RQ1,10,349,L,0.004282502
WT_Q96RQ1,Q96RQ1,10,350,G,0.0008330896
WT_Q96RQ1,Q96RQ1,10,351,S,0.0029425886
WT_Q96RQ1,Q96RQ1,10,352,Y,0.0038922548
WT_Q96RQ1,Q96RQ1,10,353,K,0.0014599737
WT_Q96RQ1,Q96RQ1,10,354,P,0.0038578254
WT_Q96RQ1,Q96RQ1,10,355,V,0.001891632
WT_Q96RQ1,Q96RQ1,10,356,N,0.0023467818
WT_Q96RQ1,Q96RQ1,10,357,S,0.004610905
WT_Q96RQ1,Q96RQ1,10,358,V,0.0022317863
WT_Q96RQ1,Q96RQ1,10,359,P,0.0037749335
WT_Q96RQ1,Q96RQ1,10,360,F,0.0043499824
WT_Q96RQ1,Q96RQ1,10,361,E,0.0023294645
WT_Q96RQ1,Q96RQ1,10,362,D,0.0027309586
WT_Q96RQ1,Q96RQ1,10,363,G,0.0028454582
WT_Q96RQ1,Q96RQ1,10,364,H,0.0024970993
WT_Q96RQ1,Q96RQ1,10,365,T,0.008255871
WT_Q96RQ1,Q96RQ1,10,366,D,0.005785771
WT_Q96RQ1,Q96RQ1,10,367,N,0.003848869
WT_Q96RQ1,Q96RQ1,10,368,H,0.002038347
WT_Q96RQ1,Q96RQ1,10,369,L,0.0042024413
WT_Q96RQ1,Q96RQ1,10,370,P,0.0030009288
WT_Q96RQ1,Q96RQ1,10,371,L,0.0018939987
WT_Q96RQ1,Q96RQ1,10,372,L,0.0015968963
WT_Q96RQ1,Q96RQ1,10,373,E,0.0112123545
WT_Q96RQ1,Q96RQ1,10,374,N,0.005821124
WT_Q96RQ1,Q96RQ1,10,375,N,0.004222203
WT_Q96RQ1,Q96RQ1,10,376,T,0.005317258
WT_Q96RQ1,Q96RQ1,10,377,H,0.0067267236
WT_Q96N19-2,Q96N19-2,11,1,M,0.00066057866
WT_Q96N19-2,Q96N19-2,11,2,E,0.0030403319
WT_Q96N19-2,Q96N19-2,11,3,S,0.009272891
WT_Q96N19-2,Q96N19-2,11,4,N,0.0023844417
WT_Q96N19-2,Q96N19-2,11,5,L,0.00083654845
WT_Q96N19-2,Q96N19-2,11,6,S,0.00051297294
WT_Q96N19-2,Q96N19-2,11,7,G,0.00073066656
WT_Q96N19-2,Q96N19-2,11,8,L,0.0018482419
WT_Q96N19-2,Q96N19-2,11,9,V,0.00088548765
WT_Q96N19-2,Q96N19-2,11,10,P,0.0012027738
WT_Q96N19-2,Q96N19-2,11,11,A,0.0007909974
WT_Q96N19-2,Q96N19-2,11,12,A,0.0009230663
WT_Q96N19-2,Q96N19-2,11,13,G,0.00081363815
WT_Q96N19-2,Q96N19-2,11,14,L,0.0009247319
WT_Q96N19-2,Q96N19-2,11,15,V,0.0006054259
WT_Q96N19-2,Q96N19-2,11,16,P,0.0008755679
WT_Q96N19-2,Q96N19-2,11,17,A,0.00074482133
WT_Q96N19-2,Q96N19-2,11,18,L,0.0008512484
WT_Q96N19-2,Q96N19-2,11,19,P,0.00093987555
WT_Q96N19-2,Q96N19-2,11,20,P,0.00087104883
WT_Q96N19-2,Q96N19-2,11,21,A,0.0023881728
WT_Q96N19-2,Q96N19-2,11,22,V,0.00055659027
WT_Q96N19-2,Q96N19-2,11,23,T,0.0016291805
WT_Q96N19-2,Q96N19-2,11,24,L,0.0013479422
WT_Q96N19-2,Q96N19-2,11,25,G,0.0006533949
WT_Q96N19-2,Q96N19-2,11,26,L,0.0064857597
WT_Q96N19-2,Q96N19-2,11,27,T,0.0028680847
WT_Q96N19-2,Q96N19-2,11,28,A,0.0007031296
WT_Q96N19-2,Q96N19-2,11,29,A,0.0007768245
WT_Q96N19-2,Q96N19-2,11,30,Y,0.017343374
WT_Q96N19-2,Q96N19-2,11,31,T,0.0013448633
WT_Q96N19-2,Q96N19-2,11,32,T,0.00095076364
WT_Q96N19-2,Q96N19-2,11,33,L,0.0016774812
WT_Q96N19-2,Q96N19-2,11,34,Y,0.001806961
WT_Q96N19-2,Q96N19-2,11,35,A,0.0007273722
WT_Q96N19-2,Q96N19-2,11,36,L,0.0019237805
WT_Q96N19-2,Q96N19-2,11,37,L,0.0037276123
WT_Q96N19-2,Q96N19-2,11,38,F,0.001172062
WT_Q96N19-2,Q96N19-2,11,39,F,0.0032113073
WT_Q96N19-2,Q96N19-2,11,40,S,0.001849821
WT_Q96N19-2,Q96N19-2,11,41,V,0.0004637822
WT_Q96N19-2,Q96N19-2,11,42,Y,0.0013161299
WT_Q96N19-2,Q96N19-2,11,43,A,0.0018007967
WT_Q96N19-2,Q96N19-2,11,44,Q,0.0035401674
WT_Q96N19-2,Q96N19-2,11,45,L,0.0015017169
WT_Q96N19-2,Q96N19-2,11,46,W,0.008521555
WT_Q96N19-2,Q96N19-2,11,47,L,0.0021446564
WT_Q96N19-2,Q96N19-2,11,48,V,0.0007272171
WT_Q96N19-2,Q96N19-2,11,49,L,0.006319581
WT_Q96N19-2,Q96N19-2,11,50,L,0.0009194214
WT_Q96N19-2,Q96N19-2,11,51,Y,0.0030654985
WT_Q96N19-2,Q96N19-2,11,52,G,0.0013794438
WT_Q96N19-2,Q96N19-2,11,53,H,0.009781946
WT_Q96N19-2,Q96N19-2,11,54,K,0.00076824886
WT_Q96N19-2,Q96N19-2,11,55,R,0.00066602003
WT_Q96N19-2,Q96N19-2,11,56,L,0.01040084
WT_Q96N19-2,Q96N19-2,11,57,S,0.005429497
WT_Q96N19-2,Q96N19-2,11,58,Y,0.0013343922
WT_Q96N19-2,Q96N19-2,11,59,Q,0.0043572336
WT_Q96N19-2,Q96N19-2,11,60,T,0.00095003395
WT_Q96N19-2,Q96N19-2,11,61,V,0.00068002194
WT_Q96N19-2,Q96N19-2,11,62,F,0.001257736
WT_Q96N19-2,Q96N19-2,11,63,L,0.0011808178
WT_Q96N19-2,Q96N19-2,11,64,A,0.0013352028
WT_Q96N19-2,Q96N19-2,11,65,L,0.0011805074
WT_Q96N19-2,Q96N19-2,11,66,C,0.0018031215
WT_Q96N19-2,Q96N19-2,11,67,L,0.00076878484
WT_Q96N19-2,Q96N19-2,11,68,L,0.0013393174
WT_Q96N19-2,Q96N19-2,11,69,W,0.0021471407
WT_Q96N19-2,Q96N19-2,11,70,A,0.0013351917
WT_Q96N19-2,Q96N19-2,11,71,A,0.00058552367
WT_Q96N19-2,Q96N19-2,11,72,L,0.0014736458
WT_Q96N19-2,Q96N19-2,11,73,R,0.0009843342
WT_Q96N19-2,Q96N19-2,11,74,T,0.00073070603
WT_Q96N19-2,Q96N19-2,11,75,T,0.0006750547
WT_Q96N19-2,Q96N19-2,11,76,L,0.004174504
WT_Q96N19-2,Q96N19-2,11,77,F,0.016312793
WT_Q96N19-2,Q96N19-2,11,78,S,0.0011030141
WT_Q96N19-2,Q96N19-2,11,79,F,0.0019094807
WT_Q96N19-2,Q96N19-2,11,80,Y,0.0009896162
WT_Q96N19-2,Q96N19-2,11,81,F,0.0015716811
WT_Q96N19-2,Q96N19-2,11,82,R,0.0010309977
WT_Q96N19-2,Q96N19-2,11,83,D,0.0024574474
WT_Q96N19-2,Q96N19-2,11,84,T,0.0014091758
WT_Q96N19-2,Q96N19-2,11,85,P,0.0031495919
WT_Q96N19-2,Q96N19-2,11,86,R,0.001847563
WT_Q96N19-2,Q96N19-2,11,87,A,0.0012802322
WT_Q96N19-2,Q96N19-2,11,88,N,0.0008108736
WT_Q96N19-2,Q96N19-2,11,89,R,0.0009892588
WT_Q96N19-2,Q96N19-2,11,90,L,0.0028609277
WT_Q96N19-2,Q96N19-2,11,91,G,0.0047717276
WT_Q96N19-2,Q96N19-2,11,92,P,0.0061256387
WT_Q96N19-2,Q96N19-2,11,93,L,0.010939032
WT_Q96N19-2,Q96N19-2,11,94,P,0.0014824917
WT_Q96N19-2,Q96N19-2,11,95,F,0.0028038386
WT_Q96N19-2,Q96N19-2,11,96,W,0.0014117557
WT_Q96N19-2,Q96N19-2,11,97,L,0.0010488356
WT_Q96N19-2,Q96N19-2,11,98,L,0.0007440833
WT_Q96N19-2,Q96N19-2,11,99,Y,0.0022294812
WT_Q96N19-2,Q96N19-2,11,100,C,0.015128286
WT_Q96N19-2,Q96N19-2,11,101,C,0.0018590011
WT_Q96N19-2,Q96N19-2,11,102,P,0.0010412796
WT_Q96N19-2,Q96N19-2,11,103,V,0.0012591645
WT_Q96N19-2,Q96N19-2,11,104,C,0.006170519
WT_Q96N19-2,Q96N19-2,11,105,L,0.0009068456
WT_Q96N19-2,Q96N19-2,11,106,Q,0.0017607134
WT_Q96N19-2,Q96N19-2,11,107,F,0.0012784993
WT_Q96N19-2,Q96N19-2,11,108,F,0.0022361935
WT_Q96N19-2,Q96N19-2,11,109,T,0.0013186106
WT_Q96N19-2,Q96N19-2,11,110,L,0.0035679138
WT_Q96N19-2,Q96N19-2,11,111,T,0.017742539
WT_Q96N19-2,Q96N19-2,11,112,L,0.00065985986
WT_Q96N19-2,Q96N19-2,11,113,M,0.001048866
WT_Q96N19-2,Q96N19-2,11,114,N,0.0038833497
WT_Q96N19-2,Q96N19-2,11,115,L,0.002687493
WT_Q96N19-2,Q96N19-2,11,116,Y,0.0021591561
WT_Q96N19-2,Q96N19-2,11,117,F,0.001519799
WT_Q96N19-2,Q96N19-2,11,118,A,0.0010662548
WT_Q96N19-2,Q96N19-2,11,119,Q,0.001378043
WT_Q96N19-2,Q96N19-2,11,120,V,0.0014873522
WT_Q96N19-2,Q96N19-2,11,121,V,0.0017761767
WT_Q96N19-2,Q96N19-2,11,122,F,0.004384121
WT_Q96N19-2,Q96N19-2,11,123,K,0.00051667547
WT_Q96N19-2,Q96N19-2,11,124,A,0.001063108
WT_Q96N19-2,Q96N19-2,11,125,K,0.0012532651
WT_Q96N19-2,Q96N19-2,11,126,V,0.0010591547
WT_Q96N19-2,Q96N19-2,11,127,K,0.0026612615
WT_Q96N19-2,Q96N19-2,11,128,R,0.0032048323
WT_Q96N19-2,Q96N19-2,11,129,R,0.0013691279
WT_Q96N19-2,Q96N19-2,11,130,P,0.0011567195
WT_Q96N19-2,Q96N19-2,11,131,E,0.0021735555
WT_Q96N19-2,Q96N19-2,11,132,M,0.0013400302
WT_Q96N19-2,Q96N19-2,11,133,S,0.0017886589
WT_Q96N19-2,Q96N19-2,11,134,R,0.0010700367
WT_Q96N19-2,Q96N19-2,11,135,G,0.0021102817
WT_Q96N19-2,Q96N19-2,11,136,L,0.00077606103
WT_Q96N19-2,Q96N19-2,11,137,L,0.0023598575
WT_Q96N19-2,Q96N19-2,11,138,A,0.002113955
WT_Q96N19-2,Q96N19-2,11,139,V,0.0007784377
WT_Q96N19-2,Q96N19-2,11,140,R,0.00066532847
WT_Q96N19-2,Q96N19-2,11,141,G,0.0013963787
WT_Q96N19-2,Q96N19-2,11,142,A,0.0017102836
WT_Q96N19-2,Q96N19-2,11,143,F,0.00083597685
WT_Q96N19-2,Q96N19-2,11,144,V,0.0008325624
WT_Q96N19-2,Q96N19-2,11,145,G,0.0012652782
WT_Q96N19-2,Q96N19-2,11,146,A,0.0014392447
WT_Q96N19-2,Q96N19-2,11,147,S,0.002111195
WT_Q96N19-2,Q96N19-2,11,148,L,0.0009046605
WT_Q96N19-2,Q96N19-2,11,149,L,0.00074963644
WT_Q96N19-2,Q96N19-2,11,150,F,0.0011527375
WT_Q96N19-2,Q96N19-2,11,151,L,0.0017025402
WT_Q96N19-2,Q96N19-2,11,152,L,0.000604886
WT_Q96N19-2,Q96N19-2,11,153,V,0.0011421369
WT_Q96N19-2,Q96N19-2,11,154,N,0.005533458
WT_Q96N19-2,Q96N19-2,11,155,V,0.00090501236
WT_Q96N19-2,Q96N19-2,11,156,L,0.00058552227
WT_Q96N19-2,Q96N19-2,11,157,C,0.0019476407
WT_Q96N19-2,Q96N19-2,11,158,A,0.0010196313
WT_Q96N19-2,Q96N19-2,11,159,V,0.0016668679
WT_Q96N19-2,Q96N19-2,11,160,L,0.0027100644
WT_Q96N19-2,Q96N19-2,11,161,S,0.0109279165
WT_Q96N19-2,Q96N19-2,11,162,H,0.0029772508
WT_Q96N19-2,Q96N19-2,11,163,R,0.0038510358
WT_Q96N19-2,Q96N19-2,11,164,R,0.0021079944
WT_Q96N19-2,Q96N19-2,11,165,R,0.002161464
WT_Q96N19-2,Q96N19-2,11,166,A,0.008621424
WT_Q96N19-2,Q96N19-2,11,167,Q,0.001065966
WT_Q96N19-2,Q96N19-2,11,168,P,0.001393077
WT_Q96N19-2,Q96N19-2,11,169,W,0.0015983494
WT_Q96N19-2,Q96N19-2,11,170,A,0.0021172524
WT_Q96N19-2,Q96N19-2,11,171,L,0.0060795955
WT_Q96N19-2,Q96N19-2,11,172,L,0.0027099445
WT_Q96N19-2,Q96N19-2,11,173,L,0.00198063
WT_Q96N19-2,Q96N19-2,11,174,V,0.0008265491
WT_Q96N19-2,Q96N19-2,11,175,R,0.00062137004
WT_Q96N19-2,Q96N19-2,11,176,V,0.00082035025
WT_Q96N19-2,Q96N19-2,11,177,L,0.0006316779
WT_Q96N19-2,Q96N19-2,11,178,V,0.001444394
WT_Q96N19-2,Q96N19-2,11,179,S,0.0025214765
WT_Q96N19-2,Q96N19-2,11,180,D,0.0042839996
WT_Q96N19-2,Q96N19-2,11,181,S,0.0012277403
WT_Q96N19-2,Q96N19-2,11,182,L,0.0028502867
WT_Q96N19-2,Q96N19-2,11,183,F,0.0017400809
WT_Q96N19-2,Q96N19-2,11,184,V,0.00065000827
WT_Q96N19-2,Q96N19-2,11,185,I,0.0013294982
WT_Q96N19-2,Q96N19-2,11,186,C,0.0068687
WT_Q96N19-2,Q96N19-2,11,187,A,0.0016479301
WT_Q96N19-2,Q96N19-2,11,188,L,0.0006209022
WT_Q96N19-2,Q96N19-2,11,189,S,0.0063147326
WT_Q96N19-2,Q96N19-2,11,190,L,0.0023780537
WT_Q96N19-2,Q96N19-2,11,191,A,0.0023154963
WT_Q96N19-2,Q96N19-2,11,192,A,0.0021461882
WT_Q96N19-2,Q96N19-2,11,193,C,0.0023148605
WT_Q96N19-2,Q96N19-2,11,194,L,0.001361419
WT_Q96N19-2,Q96N19-2,11,195,C,0.0031975743
WT_Q96N19-2,Q96N19-2,11,196,L,0.0019733773
WT_Q96N19-2,Q96N19-2,11,197,V,0.0019986352
WT_Q96N19-2,Q96N19-2,11,198,A,0.0032654982
WT_Q96N19-2,Q96N19-2,11,199,R,0.0011957482
WT_Q96N19-2,Q96N19-2,11,200,R,0.0028739085
WT_Q96N19-2,Q96N19-2,11,201,A,0.0020022343
WT_Q96N19-2,Q96N19-2,11,202,P,0.0010587471
WT_Q96N19-2,Q96N19-2,11,203,S,0.0014189696
WT_Q96N19-2,Q96N19-2,11,204,T,0.0017253228
WT_Q96N19-2,Q96N19-2,11,205,S,0.0037194274
WT_Q96N19-2,Q96N19-2,11,206,I,0.0010173814
WT_Q96N19-2,Q96N19-2,11,207,Y,0.0013099739
WT_Q96N19-2,Q96N19-2,11,208,L,0.0020165963
WT_Q96N19-2,Q96N19-2,11,209,E,0.0010177692
WT_Q96N19-2,Q96N19-2,11,210,A,0.0013881577
WT_Q96N19-2,Q96N19-2,11,211,K,0.0014899711
WT_Q96N19-2,Q96N19-2,11,212,G,0.0013360356
WT_Q96N19-2,Q96N19-2,11,213,T,0.007030961
WT_Q96N19-2,Q96N19-2,11,214,S,0.0019773315
WT_Q96N19-2,Q96N19-2,11,215,V,0.000599028
WT_Q96N19-2,Q96N19-2,11,216,C,0.0017293367
WT_Q96N19-2,Q96N19-2,11,217,Q,0.0007076809
WT_Q96N19-2,Q96N19-2,11,218,A,0.00067558885
WT_Q96N19-2,Q96N19-2,11,219,A,0.0018437059
WT_Q96N19-2,Q96N19-2,11,220,A,0.0017295245
WT_Q96N19-2,Q96N19-2,11,221,M,0.00096889987
WT_Q96N19-2,Q96N19-2,11,222,G,0.0009611345
WT_Q96N19-2,Q96N19-2,11,223,G,0.0009740759
WT_Q96N19-2,Q96N19-2,11,224,A,0.00198942
WT_Q96N19-2,Q96N19-2,11,225,M,0.0009281531
WT_Q96N19-2,Q96N19-2,11,226,V,0.00091603975
WT_Q96N19-2,Q96N19-2,11,227,L,0.0011373721
WT_Q96N19-2,Q96N19-2,11,228,L,0.002513705
WT_Q96N19-2,Q96N19-2,11,229,Y,0.0016275054
WT_Q96N19-2,Q96N19-2,11,230,A,0.0019831506
WT_Q96N19-2,Q96N19-2,11,231,S,0.0013622964
WT_Q96N19-2,Q96N19-2,11,232,R,0.0012740124
WT_Q96N19-2,Q96N19-2,11,233,A,0.0036383595
WT_Q96N19-2,Q96N19-2,11,234,C,0.0012894267
WT_Q96N19-2,Q96N19-2,11,235,Y,0.0016159855
WT_Q96N19-2,Q96N19-2,11,236,N,0.021196153
WT_Q96N19-2,Q96N19-2,11,237,L,0.00131793
WT_Q96N19-2,Q96N19-2,11,238,T,0.00125967
WT_Q96N19-2,Q96N19-2,11,239,A,0.0093110595
WT_Q96N19-2,Q96N19-2,11,240,L,0.001809424
WT_Q96N19-2,Q96N19-2,11,241,A,0.0010516511
WT_Q96N19-2,Q96N19-2,11,242,L,0.0013619771
WT_Q96N19-2,Q96N19-2,11,243,A,0.0024690249
WT_Q96N19-2,Q96N19-2,11,244,P,0.00055237534
WT_Q96N19-2,Q96N19-2,11,245,Q,0.0014209464
WT_Q96N19-2,Q96N19-2,11,246,S,0.00948748
WT_Q96N19-2,Q96N19-2,11,247,R,0.001176067
WT_Q96N19-2,Q96N19-2,11,248,L,0.0012351564
WT_Q96N19-2,Q96N19-2,11,249,D,0.0019228914
WT_Q96N19-2,Q96N19-2,11,250,T,0.006209071
WT_Q96N19-2,Q96N19-2,11,251,F,0.002486082
WT_Q96N19-2,Q96N19-2,11,252,D,0.008081748
WT_Q96N19-2,Q96N19-2,11,253,Y,0.0019367888
WT_Q96N19-2,Q96N19-2,11,254,D,0.0034631363
WT_Q96N19-2,Q96N19-2,11,255,W,0.0019908273
WT_Q96N19-2,Q96N19-2,11,256,Y,0.0062870695
WT_Q96N19-2,Q96N19-2,11,257,N,0.004028548
WT_Q96N19-2,Q96N19-2,11,258,V,0.0013246117
WT_Q96N19-2,Q96N19-2,11,259,S,0.006073173
WT_Q96N19-2,Q96N19-2,11,260,D,0.0027449755
WT_Q96N19-2,Q96N19-2,11,261,Q,0.0021215172
WT_Q96N19-2,Q96N19-2,11,262,A,0.0015207088
WT_Q96N19-2,Q96N19-2,11,263,D,0.0027672474
WT_Q96N19-2,Q96N19-2,11,264,L,0.001571702
WT_Q96N19-2,Q96N19-2,11,265,V,0.0012521138
WT_Q96N19-2,Q96N19-2,11,266,N,0.0026196963
WT_Q96N19-2,Q96N19-2,11,267,D,0.01483217
WT_Q96N19-2,Q96N19-2,11,268,L,0.0052628205
WT_Q96N19-2,Q96N19-2,11,269,G,0.0015645577
WT_Q96N19-2,Q96N19-2,11,270,N,0.0032748461
WT_Q96N19-2,Q96N19-2,11,271,K,0.0012645209
WT_Q96N19-2,Q96N19-2,11,272,G,0.0008632029
WT_Q96N19-2,Q96N19-2,11,273,Y,0.0028128892
WT_Q96N19-2,Q96N19-2,11,274,L,0.0010161708
WT_Q96N19-2,Q96N19-2,11,275,V,0.00071124383
WT_Q96N19-2,Q96N19-2,11,276,F,0.0011123306
WT_Q96N19-2,Q96N19-2,11,277,G,0.0013279548
WT_Q96N19-2,Q96N19-2,11,278,L,0.0006224092
WT_Q96N19-2,Q96N19-2,11,279,I,0.00067699986
WT_Q96N19-2,Q96N19-2,11,280,L,0.003478809
WT_Q96N19-2,Q96N19-2,11,281,F,0.0011239632
WT_Q96N19-2,Q96N19-2,11,282,V,0.00066209695
WT_Q96N19-2,Q96N19-2,11,283,W,0.0015620292
WT_Q96N19-2,Q96N19-2,11,284,E,0.0035871326
WT_Q96N19-2,Q96N19-2,11,285,L,0.00048016253
WT_Q96N19-2,Q96N19-2,11,286,L,0.0007854489
WT_Q96N19-2,Q96N19-2,11,287,P,0.0020376942
WT_Q96N19-2,Q96N19-2,11,288,T,0.007862591
WT_Q96N19-2,Q96N19-2,11,289,T,0.0022267331
WT_Q96N19-2,Q96N19-2,11,290,L,0.0014194063
WT_Q96N19-2,Q96N19-2,11,291,L,0.0016302362
WT_Q96N19-2,Q96N19-2,11,292,V,0.00087780005
WT_Q96N19-2,Q96N19-2,11,293,G,0.0015027324
WT_Q96N19-2,Q96N19-2,11,294,F,0.0009449878
WT_Q96N19-2,Q96N19-2,11,295,F,0.0009172054
WT_Q96N19-2,Q96N19-2,11,296,R,0.0006481398
WT_Q96N19-2,Q96N19-2,11,297,V,0.0005812347
WT_Q96N19-2,Q96N19-2,11,298,H,0.0006669676
WT_Q96N19-2,Q96N19-2,11,299,R,0.00044033778
WT_Q96N19-2,Q96N19-2,11,300,P,0.0008699781
WT_Q96N19-2,Q96N19-2,11,301,P,0.0010099709
WT_Q96N19-2,Q96N19-2,11,302,Q,0.00080652133
WT_Q96N19-2,Q96N19-2,11,303,D,0.0015432101
WT_Q96N19-2,Q96N19-2,11,304,L,0.0011297063
WT_Q96N19-2,Q96N19-2,11,305,S,0.0019783955
WT_Q96N19-2,Q96N19-2,11,306,T,0.0014419978
WT_Q96N19-2,Q96N19-2,11,307,S,0.0035824757
WT_Q96N19-2,Q96N19-2,11,308,H,0.0018387948
WT_Q96N19-2,Q96N19-2,11,309,I,0.0038706008
WT_Q96N19-2,Q96N19-2,11,310,L,0.0073886653
WT_Q96N19-2,Q96N19-2,11,311,N,0.002521318
WT_Q96N19-2,Q96N19-2,11,312,G,0.0037109912
WT_Q96N19-2,Q96N19-2,11,313,Q,0.0020641098
WT_Q96N19-2,Q96N19-2,11,314,V,0.0024301154
WT_Q96N19-2,Q96N19-2,11,315,F,0.0026734313
WT_Q96N19-2,Q96N19-2,11,316,A,0.0024475036
WT_Q96N19-2,Q96N19-2,11,317,S,0.0024271675
WT_Q96N19-2,Q96N19-2,11,318,R,0.0032494487
WT_Q96N19-2,Q96N19-2,11,319,S,0.004484291
WT_Q96N19-2,Q96N19-2,11,320,Y,0.0034500214
WT_Q96N19-2,Q96N19-2,11,321,F,0.0077462015
WT_Q96N19-2,Q96N19-2,11,322,F,0.005674051
WT_Q96N19-2,Q96N19-2,11,323,D,0.0042486186
WT_Q96N19-2,Q96N19-2,11,324,R,0.0044256737
WT_Q96N19-2,Q96N19-2,11,325,A,0.0031282967
WT_Q96N19-2,Q96N19-2,11,326,G,0.0029848225
WT_Q96N19-2,Q96N19-2,11,327,H,0.00188474
WT_Q96N19-2,Q96N19-2,11,328,C,0.0039749644
WT_Q96N19-2,Q96N19-2,11,329,E,0.0029249887
WT_Q96N19-2,Q96N19-2,11,330,D,0.0031449331
WT_Q96N19-2,Q96N19-2,11,331,E,0.0021400403
WT_Q96N19-2,Q96N19-2,11,332,G,0.0026986774
WT_Q96N19-2,Q96N19-2,11,333,C,0.0019439298
WT_Q96N19-2,Q96N19-2,11,334,S,0.0044443784
WT_Q96N19-2,Q96N19-2,11,335,W,0.0023654338
WT_Q96N19-2,Q96N19-2,11,336,E,0.0039344495
WT_Q96N19-2,Q96N19-2,11,337,H,0.0019391727
WT_Q96N19-2,Q96N19-2,11,338,S,0.0043451646
WT_Q96N19-2,Q96N19-2,11,339,R,0.0033018184
WT_Q96N19-2,Q96N19-2,11,340,G,0.0044492404
WT_Q96N19-2,Q96N19-2,11,341,E,0.005541932
WT_Q96N19-2,Q96N19-2,11,342,S,0.0030595548
WT_Q96N19-2,Q96N19-2,11,343,T,0.0027491369
WT_Q96N19-2,Q96N19-2,11,344,S,0.0048475917
WT_Q96N19-2,Q96N19-2,11,345,M,0.00509389
WT_Q96N19-2,Q96N19-2,11,346,S,0.0043256804
WT_Q96N19-2,Q96N19-2,11,347,G,0.0013264727
WT_Q96N19-2,Q96N19-2,11,348,S,0.004737644
WT_Q96N19-2,Q96N19-2,11,349,L,0.0010300559
WT_Q96N19-2,Q96N19-2,11,350,G,0.0020196934
WT_Q96N19-2,Q96N19-2,11,351,S,0.0020767497
WT_Q96N19-2,Q96N19-2,11,352,G,0.0014808014
WT_Q96N19-2,Q96N19-2,11,353,S,0.0037425787
WT_Q96N19-2,Q96N19-2,11,354,W,0.0020873132
WT_Q96N19-2,Q96N19-2,11,355,Y,0.0017651229
WT_Q96N19-2,Q96N19-2,11,356,G,0.0031391794
WT_Q96N19-2,Q96N19-2,11,357,A,0.00280618
WT_Q96N19-2,Q96N19-2,11,358,I,0.0019925905
WT_Q96N19-2,Q96N19-2,11,359,G,0.003061119
WT_Q96N19-2,Q96N19-2,11,360,R,0.002186142
WT_Q96N19-2,Q96N19-2,11,361,E,0.0042424677
WT_Q96N19-2,Q96N19-2,11,362,P,0.004277213
WT_Q96N19-2,Q96N19-2,11,363,G,0.0015817445
WT_Q96N19-2,Q96N19-2,11,364,W,0.0023244063
WT_Q96N19-2,Q96N19-2,11,365,Y,0.0017745377
WT_Q96N19-2,Q96N19-2,11,366,G,0.0015052493
WT_Q96N19-2,Q96N19-2,11,367,G,0.0015142233
WT_Q96N19-2,Q96N19-2,11,368,S,0.0022820283
WT_Q96N19-2,Q96N19-2,11,369,Q,0.0015775324
WT_Q96N19-2,Q96N19-2,11,370,T,0.002694184
WT_Q96N19-2,Q96N19-2,11,371,K,0.00390051
WT_Q96N19-2,Q96N19-2,11,372,T,0.0027317477
WT_Q96N19-2,Q96N19-2,11,373,T,0.0015012459
WT_Q96N19-2,Q96N19-2,11,374,P,0.0066145128
WT_Q96N19-2,Q96N19-2,11,375,L,0.0030891283
WT_Q96N19-2,Q96N19-2,11,376,L,0.002671869
WT_Q96N19-2,Q96N19-2,11,377,F,0.0073566358
WT_Q96N19-2,Q96N19-2,11,378,S,0.0015628741
WT_Q96N19-2,Q96N19-2,11,379,Q,0.002252387
WT_Q96N19-2,Q96N19-2,11,380,V,0.0015949804
WT_Q96N19-2,Q96N19-2,11,381,P,0.002260532
WT_Q96N19-2,Q96N19-2,11,382,G,0.0012576713
WT_Q96N19-2,Q96N19-2,11,383,P,0.0017779069
WT_Q96N19-2,Q96N19-2,11,384,G,0.0010402317
WT_Q96N19-2,Q96N19-2,11,385,G,0.0015465657
WT_Q96N19-2,Q96N19-2,11,386,H,0.0016019953
WT_Q96N19-2,Q96N19-2,11,387,H,0.0021307953
WT_Q96N19-2,Q96N19-2,11,388,H,0.0022198637
WT_Q96N19-2,Q96N19-2,11,389,S,0.0028672155
WT_Q96N19-2,Q96N19-2,11,390,L,0.0026375065
WT_Q96N19-2,Q96N19-2,11,391,Y,0.0028118414
WT_Q96N19-2,Q96N19-2,11,392,S,0.0024885528
WT_Q96N19-2,Q96N19-2,11,393,T,0.002929552
WT_Q96N19-2,Q96N19-2,11,394,P,0.003479866
WT_Q96N19-2,Q96N19-2,11,395,Q,0.0024414582
WT_Q96N19-2,Q96N19-2,11,396,T,0.003781715
WT_P56373,P56373,12,1,M,0.0011289417
WT_P56373,P56373,12,2,N,0.0024446317
WT_P56373,P56373,12,3,C,0.0053836093
WT_P56373,P56373,12,4,I,0.0035188843
WT_P56373,P56373,12,5,S,0.0013510347
WT_P56373,P56373,12,6,D,0.006206812
WT_P56373,P56373,12,7,F,0.0049142567
WT_P56373,P56373,12,8,F,0.0051844306
WT_P56373,P56373,12,9,T,0.0037819904
WT_P56373,P56373,12,10,Y,0.002027622
WT_P56373,P56373,12,11,E,0.0021356083
WT_P56373,P56373,12,12,T,0.00076476583
WT_P56373,P56373,12,13,T,0.0054517463
WT_P56373,P56373,12,14,K,0.0008936618
WT_P56373,P56373,12,15,S,0.0020536506
WT_P56373,P56373,12,16,V,0.0006540785
WT_P56373,P56373,12,17,V,0.0009094625
WT_P56373,P56373,12,18,V,0.0015678256
WT_P56373,P56373,12,19,K,0.0009312992
WT_P56373,P56373,12,20,S,0.019880105
WT_P56373,P56373,12,21,W,0.0011907321
WT_P56373,P56373,12,22,T,0.0012778388
WT_P56373,P56373,12,23,I,0.0011456462
WT_P56373,P56373,12,24,G,0.002432491
WT_P56373,P56373,12,25,I,0.0029387968
WT_P56373,P56373,12,26,I,0.0019335513
WT_P56373,P56373,12,27,N,0.003304831
WT_P56373,P56373,12,28,R,0.0014627005
WT_P56373,P56373,12,29,V,0.0018161165
WT_P56373,P56373,12,30,V,0.002110851
WT_P56373,P56373,12,31,Q,0.003317308
WT_P56373,P56373,12,32,L,0.003194518
WT_P56373,P56373,12,33,L,0.0014687672
WT_P56373,P56373,12,34,I,0.001807573
WT_P56373,P56373,12,35,I,0.0051732487
WT_P56373,P56373,12,36,S,0.002177498
WT_P56373,P56373,12,37,Y,0.0013955645
WT_P56373,P56373,12,38,F,0.02402958
WT_P56373,P56373,12,39,V,0.0009408175
WT_P56373,P56373,12,40,G,0.0016473291
WT_P56373,P56373,12,41,W,0.0032790957
WT_P56373,P56373,12,42,V,0.000448538
WT_P56373,P56373,12,43,F,0.0021877708
WT_P56373,P56373,12,44,L,0.0027572736
WT_P56373,P56373,12,45,H,0.0017571315
WT_P56373,P56373,12,46,E,0.0013052732
WT_P56373,P56373,12,47,K,0.000958885
WT_P56373,P56373,12,48,A,0.0011589477
WT_P56373,P56373,12,49,Y,0.000912983
WT_P56373,P56373,12,50,Q,0.0008854933
WT_P56373,P56373,12,51,V,0.0013688679
WT_P56373,P56373,12,52,R,0.0028367506
WT_P56373,P56373,12,53,D,0.0026123691
WT_P56373,P56373,12,54,T,0.001272778
WT_P56373,P56373,12,55,A,0.0051057455
WT_P56373,P56373,12,56,I,0.007188206
WT_P56373,P56373,12,57,E,0.001197382
WT_P56373,P56373,12,58,S,0.0014071482
WT_P56373,P56373,12,59,S,0.00385756
WT_P56373,P56373,12,60,V,0.00087888725
WT_P56373,P56373,12,61,V,0.0028735404
WT_P56373,P56373,12,62,T,0.00081380806
WT_P56373,P56373,12,63,K,0.0011131775
WT_P56373,P56373,12,64,V,0.000981129
WT_P56373,P56373,12,65,K,0.0007200975
WT_P56373,P56373,12,66,G,0.0011674658
WT_P56373,P56373,12,67,S,0.0018170918
WT_P56373,P56373,12,68,G,0.0011282295
WT_P56373,P56373,12,69,L,0.0013170453
WT_P56373,P56373,12,70,Y,0.00078698
WT_P56373,P56373,12,71,A,0.0010649146
WT_P56373,P56373,12,72,N,0.0028776051
WT_P56373,P56373,12,73,R,0.0014636928
WT_P56373,P56373,12,74,V,0.00085604953
WT_P56373,P56373,12,75,M,0.0018637493
WT_P56373,P56373,12,76,D,0.0015861491
WT_P56373,P56373,12,77,V,0.00127673
WT_P56373,P56373,12,78,S,0.00893175
WT_P56373,P56373,12,79,D,0.0016170207
WT_P56373,P56373,12,80,Y,0.0020885845
WT_P56373,P56373,12,81,V,0.0045173704
WT_P56373,P56373,12,82,T,0.0029526863
WT_P56373,P56373,12,83,P,0.0028120568
WT_P56373,P56373,12,84,P,0.0025441768
WT_P56373,P56373,12,85,Q,0.0009776212
WT_P56373,P56373,12,86,G,0.005108861
WT_P56373,P56373,12,87,T,0.0030145599
WT_P56373,P56373,12,88,S,0.045964886
WT_P56373,P56373,12,89,V,0.0009460754
WT_P56373,P56373,12,90,F,0.00081139436
WT_P56373,P56373,12,91,V,0.0016968008
WT_P56373,P56373,12,92,I,0.0012443542
WT_P56373,P56373,12,93,I,0.003641311
WT_P56373,P56373,12,94,T,0.0032917256
WT_P56373,P56373,12,95,K,0.005129001
WT_P56373,P56373,12,96,M,0.0022773154
WT_P56373,P56373,12,97,I,0.0015733253
WT_P56373,P56373,12,98,V,0.0006778812
WT_P56373,P56373,12,99,T,0.0006170174
WT_P56373,P56373,12,100,E,0.000836411
WT_P56373,P56373,12,101,N,0.0006101817
WT_P56373,P56373,12,102,Q,0.0007643725
WT_P56373,P56373,12,103,M,0.0007277513
WT_P56373,P56373,12,104,Q,0.0003125326
WT_P56373,P56373,12,105,G,0.0003094626
WT_P56373,P56373,12,106,F,0.00042997135
WT_P56373,P56373,12,107,C,0.0017693359
WT_P56373,P56373,12,108,P,0.0020055538
WT_P56373,P56373,12,109,E,0.00054861576
WT_P56373,P56373,12,110,S,0.001106185
WT_P56373,P56373,12,111,E,0.0013628851
WT_P56373,P56373,12,112,E,0.00092256203
WT_P56373,P56373,12,113,K,0.00083059515
WT_P56373,P56373,12,114,Y,0.0012728424
WT_P56373,P56373,12,115,R,0.00073894486
WT_P56373,P56373,12,116,C,0.00289054
WT_P56373,P56373,12,117,V,0.0008123563
WT_P56373,P56373,12,118,S,0.0007617224
WT_P56373,P56373,12,119,D,0.0011584184
WT_P56373,P56373,12,120,S,0.0007825254
WT_P56373,P56373,12,121,Q,0.0016506314
WT_P56373,P56373,12,122,C,0.0026496465
WT_P56373,P56373,12,123,G,0.0011270884
WT_P56373,P56373,12,124,P,0.00069206645
WT_P56373,P56373,12,125,E,0.001303576
WT_P56373,P56373,12,126,R,0.00082718575
WT_P56373,P56373,12,127,L,0.0003937539
WT_P56373,P56373,12,128,P,0.0011188441
WT_P56373,P56373,12,129,G,0.0010484786
WT_P56373,P56373,12,130,G,0.0021122326
WT_P56373,P56373,12,131,G,0.00065369415
WT_P56373,P56373,12,132,I,0.0008963381
WT_P56373,P56373,12,133,L,0.0014106561
WT_P56373,P56373,12,134,T,0.00071921916
WT_P56373,P56373,12,135,G,0.00059292594
WT_P56373,P56373,12,136,R,0.00079649664
WT_P56373,P56373,12,137,C,0.0045482065
WT_P56373,P56373,12,138,V,0.00058177137
WT_P56373,P56373,12,139,N,0.0016883614
WT_P56373,P56373,12,140,Y,0.0038746847
WT_P56373,P56373,12,141,S,0.0028789486
WT_P56373,P56373,12,142,S,0.001375355
WT_P56373,P56373,12,143,V,0.00088884844
WT_P56373,P56373,12,144,L,0.0014595754
WT_P56373,P56373,12,145,R,0.00068055093
WT_P56373,P56373,12,146,T,0.0011206147
WT_P56373,P56373,12,147,C,0.005035861
WT_P56373,P56373,12,148,E,0.0013206261
WT_P56373,P56373,12,149,I,0.0010669896
WT_P56373,P56373,12,150,Q,0.0036594747
WT_P56373,P56373,12,151,G,0.00085875735
WT_P56373,P56373,12,152,W,0.0014924281
WT_P56373,P56373,12,153,C,0.0074149957
WT_P56373,P56373,12,154,P,0.0011433245
WT_P56373,P56373,12,155,T,0.0006165908
WT_P56373,P56373,12,156,E,0.0006022893
WT_P56373,P56373,12,157,V,0.0009588595
WT_P56373,P56373,12,158,D,0.0011593478
WT_P56373,P56373,12,159,T,0.0017735821
WT_P56373,P56373,12,160,V,0.0014177607
WT_P56373,P56373,12,161,E,0.001760363
WT_P56373,P56373,12,162,T,0.00061998446
WT_P56373,P56373,12,163,P,0.0009427556
WT_P56373,P56373,12,164,I,0.0020049287
WT_P56373,P56373,12,165,M,0.0039354526
WT_P56373,P56373,12,166,M,0.0015459162
WT_P56373,P56373,12,167,E,0.0016793075
WT_P56373,P56373,12,168,A,0.0012700276
WT_P56373,P56373,12,169,E,0.00075316196
WT_P56373,P56373,12,170,N,0.0010877425
WT_P56373,P56373,12,171,F,0.0020758125
WT_P56373,P56373,12,172,T,0.0008177967
WT_P56373,P56373,12,173,I,0.000871422
WT_P56373,P56373,12,174,F,0.0019736236
WT_P56373,P56373,12,175,I,0.0010774693
WT_P56373,P56373,12,176,K,0.00071528374
WT_P56373,P56373,12,177,N,0.011321181
WT_P56373,P56373,12,178,S,0.009023083
WT_P56373,P56373,12,179,I,0.0013673818
WT_P56373,P56373,12,180,R,0.0022478316
WT_P56373,P56373,12,181,F,0.0017635189
WT_P56373,P56373,12,182,P,0.0013905246
WT_P56373,P56373,12,183,L,0.0008240889
WT_P56373,P56373,12,184,F,0.0011251008
WT_P56373,P56373,12,185,N,0.0008679291
WT_P56373,P56373,12,186,F,0.0019878468
WT_P56373,P56373,12,187,E,0.002736022
WT_P56373,P56373,12,188,K,0.0009993755
WT_P56373,P56373,12,189,G,0.000631829
WT_P56373,P56373,12,190,N,0.0005881473
WT_P56373,P56373,12,191,L,0.0017136561
WT_P56373,P56373,12,192,L,0.0009870327
WT_P56373,P56373,12,193,P,0.0008912012
WT_P56373,P56373,12,194,N,0.00103219
WT_P56373,P56373,12,195,L,0.0006926068
WT_P56373,P56373,12,196,T,0.0007207419
WT_P56373,P56373,12,197,A,0.0007855808
WT_P56373,P56373,12,198,R,0.0014614076
WT_P56373,P56373,12,199,D,0.002247753
WT_P56373,P56373,12,200,M,0.0032685434
WT_P56373,P56373,12,201,K,0.00065197307
WT_P56373,P56373,12,202,T,0.0014082508
WT_P56373,P56373,12,203,C,0.0017259934
WT_P56373,P56373,12,204,R,0.0026536677
WT_P56373,P56373,12,205,F,0.0014531893
WT_P56373,P56373,12,206,H,0.0011912085
WT_P56373,P56373,12,207,P,0.0006465728
WT_P56373,P56373,12,208,D,0.0014660488
WT_P56373,P56373,12,209,K,0.0009102364
WT_P56373,P56373,12,210,D,0.0016484016
WT_P56373,P56373,12,211,P,0.0006632205
WT_P56373,P56373,12,212,F,0.0053076646
WT_P56373,P56373,12,213,C,0.029544039
WT_P56373,P56373,12,214,P,0.0018791182
WT_P56373,P56373,12,215,I,0.0011388672
WT_P56373,P56373,12,216,L,0.0011441993
WT_P56373,P56373,12,217,R,0.0014534077
WT_P56373,P56373,12,218,V,0.0019025202
WT_P56373,P56373,12,219,G,0.0010584872
WT_P56373,P56373,12,220,D,0.003558925
WT_P56373,P56373,12,221,V,0.00071141677
WT_P56373,P56373,12,222,V,0.0011757558
WT_P56373,P56373,12,223,K,0.00071071053
WT_P56373,P56373,12,224,F,0.0011449713
WT_P56373,P56373,12,225,A,0.0015404642
WT_P56373,P56373,12,226,G,0.00047281562
WT_P56373,P56373,12,227,Q,0.00054426055
WT_P56373,P56373,12,228,D,0.0031790137
WT_P56373,P56373,12,229,F,0.0020978192
WT_P56373,P56373,12,230,A,0.0014746164
WT_P56373,P56373,12,231,K,0.0012385125
WT_P56373,P56373,12,232,L,0.0020743764
WT_P56373,P56373,12,233,A,0.002759596
WT_P56373,P56373,12,234,R,0.001276896
WT_P56373,P56373,12,235,T,0.0013448182
WT_P56373,P56373,12,236,G,0.00046890648
WT_P56373,P56373,12,237,G,0.00070268783
WT_P56373,P56373,12,238,V,0.00086773146
WT_P56373,P56373,12,239,L,0.003671009
WT_P56373,P56373,12,240,G,0.0050506843
WT_P56373,P56373,12,241,I,0.0007918722
WT_P56373,P56373,12,242,K,0.0027212263
WT_P56373,P56373,12,243,I,0.002894715
WT_P56373,P56373,12,244,G,0.021397933
WT_P56373,P56373,12,245,W,0.002714906
WT_P56373,P56373,12,246,V,0.0020719417
WT_P56373,P56373,12,247,C,0.004572171
WT_P56373,P56373,12,248,D,0.0024742992
WT_P56373,P56373,12,249,L,0.0015419751
WT_P56373,P56373,12,250,D,0.003415634
WT_P56373,P56373,12,251,K,0.0006010347
WT_P56373,P56373,12,252,A,0.0014541901
WT_P56373,P56373,12,253,W,0.00086325634
WT_P56373,P56373,12,254,D,0.0014812738
WT_P56373,P56373,12,255,Q,0.0007574101
WT_P56373,P56373,12,256,C,0.0021676421
WT_P56373,P56373,12,257,I,0.0016570524
WT_P56373,P56373,12,258,P,0.003540937
WT_P56373,P56373,12,259,K,0.0009483499
WT_P56373,P56373,12,260,Y,0.0015235828
WT_P56373,P56373,12,261,S,0.0021273897
WT_P56373,P56373,12,262,F,0.0035405557
WT_P56373,P56373,12,263,T,0.0059933285
WT_P56373,P56373,12,264,R,0.0010292226
WT_P56373,P56373,12,265,L,0.00087683427
WT_P56373,P56373,12,266,D,0.0010931882
WT_P56373,P56373,12,267,S,0.0013346071
WT_P56373,P56373,12,268,V,0.0009646905
WT_P56373,P56373,12,269,S,0.00073116034
WT_P56373,P56373,12,270,E,0.0022814642
WT_P56373,P56373,12,271,K,0.0010754579
WT_P56373,P56373,12,272,S,0.00144344
WT_P56373,P56373,12,273,S,0.0015921859
WT_P56373,P56373,12,274,V,0.0006474446
WT_P56373,P56373,12,275,S,0.0021042982
WT_P56373,P56373,12,276,P,0.00149686
WT_P56373,P56373,12,277,G,0.0009387846
WT_P56373,P56373,12,278,Y,0.0028010604
WT_P56373,P56373,12,279,N,0.0030713656
WT_P56373,P56373,12,280,F,0.002591383
WT_P56373,P56373,12,281,R,0.0007696768
WT_P56373,P56373,12,282,F,0.03639592
WT_P56373,P56373,12,283,A,0.0015094118
WT_P56373,P56373,12,284,K,0.0007340054
WT_P56373,P56373,12,285,Y,0.0030162241
WT_P56373,P56373,12,286,Y,0.0023407368
WT_P56373,P56373,12,287,K,0.00079391367
WT_P56373,P56373,12,288,M,0.002683374
WT_P56373,P56373,12,289,E,0.0007509976
WT_P56373,P56373,12,290,N,0.0019091433
WT_P56373,P56373,12,291,G,0.0011468391
WT_P56373,P56373,12,292,S,0.0014664705
WT_P56373,P56373,12,293,E,0.0018147157
WT_P56373,P56373,12,294,Y,0.00056471763
WT_P56373,P56373,12,295,R,0.0006739093
WT_P56373,P56373,12,296,T,0.0022335246
WT_P56373,P56373,12,297,L,0.0053651845
WT_P56373,P56373,12,298,L,0.0067516104
WT_P56373,P56373,12,299,K,0.0011230152
WT_P56373,P56373,12,300,A,0.0015431327
WT_P56373,P56373,12,301,F,0.020677445
WT_P56373,P56373,12,302,G,0.0006242758
WT_P56373,P56373,12,303,I,0.0024229435
WT_P56373,P56373,12,304,R,0.00051265536
WT_P56373,P56373,12,305,F,0.01916394
WT_P56373,P56373,12,306,D,0.004236148
WT_P56373,P56373,12,307,V,0.0022913509
WT_P56373,P56373,12,308,L,0.0029960494
WT_P56373,P56373,12,309,V,0.0009787676
WT_P56373,P56373,12,310,Y,0.0068496135
WT_P56373,P56373,12,311,G,0.0013255707
WT_P56373,P56373,12,312,N,0.0019973435
WT_P56373,P56373,12,313,A,0.0007401276
WT_P56373,P56373,12,314,G,0.0008358672
WT_P56373,P56373,12,315,K,0.0006986351
WT_P56373,P56373,12,316,F,0.00072330073
WT_P56373,P56373,12,317,N,0.0017799124
WT_P56373,P56373,12,318,I,0.0027103282
WT_P56373,P56373,12,319,I,0.0006789059
WT_P56373,P56373,12,320,P,0.004180474
WT_P56373,P56373,12,321,T,0.0023593016
WT_P56373,P56373,12,322,I,0.0012739255
WT_P56373,P56373,12,323,I,0.00174849
WT_P56373,P56373,12,324,S,0.008086399
WT_P56373,P56373,12,325,S,0.0023043123
WT_P56373,P56373,12,326,V,0.0011507806
WT_P56373,P56373,12,327,A,0.0014525536
WT_P56373,P56373,12,328,A,0.0015118776
WT_P56373,P56373,12,329,F,0.0024674446
WT_P56373,P56373,12,330,T,0.0010125446
WT_P56373,P56373,12,331,S,0.002709964
WT_P56373,P56373,12,332,V,0.004319698
WT_P56373,P56373,12,333,G,0.005316689
WT_P56373,P56373,12,334,V,0.001473512
WT_P56373,P56373,12,335,G,0.0013701613
WT_P56373,P56373,12,336,T,0.0021533044
WT_P56373,P56373,12,337,V,0.0010317949
WT_P56373,P56373,12,338,L,0.0011373155
WT_P56373,P56373,12,339,C,0.0025218371
WT_P56373,P56373,12,340,D,0.0053165657
WT_P56373,P56373,12,341,I,0.0032966244
WT_P56373,P56373,12,342,I,0.0010387768
WT_P56373,P56373,12,343,L,0.0024790135
WT_P56373,P56373,12,344,L,0.0098385
WT_P56373,P56373,12,345,N,0.0011129194
WT_P56373,P56373,12,346,F,0.0038986811
WT_P56373,P56373,12,347,L,0.00086552964
WT_P56373,P56373,12,348,K,0.0010758722
WT_P56373,P56373,12,349,G,0.0012369436
WT_P56373,P56373,12,350,A,0.0006744937
WT_P56373,P56373,12,351,D,0.001166681
WT_P56373,P56373,12,352,Q,0.004066418
WT_P56373,P56373,12,353,Y,0.0022034629
WT_P56373,P56373,12,354,K,0.0029739873
WT_P56373,P56373,12,355,A,0.001610097
WT_P56373,P56373,12,356,K,0.0018194008
WT_P56373,P56373,12,357,K,0.000815138
WT_P56373,P56373,12,358,F,0.0037163256
WT_P56373,P56373,12,359,E,0.0012652952
WT_P56373,P56373,12,360,E,0.0015149342
WT_P56373,P56373,12,361,V,0.0011385896
WT_P56373,P56373,12,362,N,0.0016586893
WT_P56373,P56373,12,363,E,0.0008647895
WT_P56373,P56373,12,364,T,0.0011943829
WT_P56373,P56373,12,365,T,0.0017710938
WT_P56373,P56373,12,366,L,0.0010652908
WT_P56373,P56373,12,367,K,0.0015164854
WT_P56373,P56373,12,368,I,0.0011254816
WT_P56373,P56373,12,369,A,0.0017365272
WT_P56373,P56373,12,370,A,0.0029411444
WT_P56373,P56373,12,371,L,0.0019308586
WT_P56373,P56373,12,372,T,0.0031584168
WT_P56373,P56373,12,373,N,0.003976303
WT_P56373,P56373,12,374,P,0.0019898678
WT_P56373,P56373,12,375,V,0.0027544906
WT_P56373,P56373,12,376,Y,0.008075912
WT_P56373,P56373,12,377,P,0.0017848832
WT_P56373,P56373,12,378,S,0.0019622508
WT_P56373,P56373,12,379,D,0.007737823
WT_P56373,P56373,12,380,Q,0.002212673
WT_P56373,P56373,12,381,T,0.0018006299
WT_P56373,P56373,12,382,T,0.0030364236
WT_P56373,P56373,12,383,A,0.003100108
WT_P56373,P56373,12,384,E,0.004110661
WT_P56373,P56373,12,385,K,0.0027230282
WT_P56373,P56373,12,386,Q,0.001739404
WT_P56373,P56373,12,387,S,0.0020305507
WT_P56373,P56373,12,388,T,0.0023658343
WT_P56373,P56373,12,389,D,0.005366684
WT_P56373,P56373,12,390,S,0.0026197387
WT_P56373,P56373,12,391,G,0.0012539176
WT_P56373,P56373,12,392,A,0.0021762098
WT_P56373,P56373,12,393,F,0.0025711714
WT_P56373,P56373,12,394,S,0.003254402
WT_P56373,P56373,12,395,I,0.0035529307
WT_P56373,P56373,12,396,G,0.0016545893
WT_P56373,P56373,12,397,H,0.0015703343
WT_Q9HB15,Q9HB15,13,1,M,0.0007235404
WT_Q9HB15,Q9HB15,13,2,S,0.002181865
WT_Q9HB15,Q9HB15,13,3,S,0.002331151
WT_Q9HB15,Q9HB15,13,4,R,0.0045375405
WT_Q9HB15,Q9HB15,13,5,S,0.0043506203
WT_Q9HB15,Q9HB15,13,6,P,0.0006993404
WT_Q9HB15,Q9HB15,13,7,R,0.006106418
WT_Q9HB15,Q9HB15,13,8,P,0.000918279
WT_Q9HB15,Q9HB15,13,9,P,0.0005320859
WT_Q9HB15,Q9HB15,13,10,P,0.0005663155
WT_Q9HB15,Q9HB15,13,11,R,0.0021680088
WT_Q9HB15,Q9HB15,13,12,R,0.0017328968
WT_Q9HB15,Q9HB15,13,13,S,0.001074927
WT_Q9HB15,Q9HB15,13,14,R,0.0010477063
WT_Q9HB15,Q9HB15,13,15,R,0.0009511318
WT_Q9HB15,Q9HB15,13,16,R,0.0011521385
WT_Q9HB15,Q9HB15,13,17,L,0.0012821582
WT_Q9HB15,Q9HB15,13,18,P,0.0009897631
WT_Q9HB15,Q9HB15,13,19,R,0.0017208228
WT_Q9HB15,Q9HB15,13,20,P,0.000987011
WT_Q9HB15,Q9HB15,13,21,S,0.00085858937
WT_Q9HB15,Q9HB15,13,22,C,0.0011781985
WT_Q9HB15,Q9HB15,13,23,C,0.0021367166
WT_Q9HB15,Q9HB15,13,24,C,0.0024852804
WT_Q9HB15,Q9HB15,13,25,C,0.0020733562
WT_Q9HB15,Q9HB15,13,26,C,0.0018151862
WT_Q9HB15,Q9HB15,13,27,C,0.0015802518
WT_Q9HB15,Q9HB15,13,28,R,0.0017222802
WT_Q9HB15,Q9HB15,13,29,R,0.0012158091
WT_Q9HB15,Q9HB15,13,30,S,0.0019217227
WT_Q9HB15,Q9HB15,13,31,H,0.0019482791
WT_Q9HB15,Q9HB15,13,32,L,0.0013263739
WT_Q9HB15,Q9HB15,13,33,N,0.00083066354
WT_Q9HB15,Q9HB15,13,34,E,0.00079998566
WT_Q9HB15,Q9HB15,13,35,D,0.0021937543
WT_Q9HB15,Q9HB15,13,36,T,0.0010657444
WT_Q9HB15,Q9HB15,13,37,G,0.0024237144
WT_Q9HB15,Q9HB15,13,38,R,0.00070975587
WT_Q9HB15,Q9HB15,13,39,F,0.00086416036
WT_Q9HB15,Q9HB15,13,40,V,0.0010409808
WT_Q9HB15,Q9HB15,13,41,L,0.0015372501
WT_Q9HB15,Q9HB15,13,42,L,0.0018471812
WT_Q9HB15,Q9HB15,13,43,A,0.0014397325
WT_Q9HB15,Q9HB15,13,44,A,0.0034965428
WT_Q9HB15,Q9HB15,13,45,L,0.0014683942
WT_Q9HB15,Q9HB15,13,46,I,0.00055141386
WT_Q9HB15,Q9HB15,13,47,G,0.0019663319
WT_Q9HB15,Q9HB15,13,48,L,0.0015269408
WT_Q9HB15,Q9HB15,13,49,Y,0.0018067647
WT_Q9HB15,Q9HB15,13,50,L,0.001621196
WT_Q9HB15,Q9HB15,13,51,V,0.0008957636
WT_Q9HB15,Q9HB15,13,52,A,0.0013326897
WT_Q9HB15,Q9HB15,13,53,G,0.0011214863
WT_Q9HB15,Q9HB15,13,54,A,0.0007992235
WT_Q9HB15,Q9HB15,13,55,T,0.0020181974
WT_Q9HB15,Q9HB15,13,56,V,0.0006397252
WT_Q9HB15,Q9HB15,13,57,F,0.0008244029
WT_Q9HB15,Q9HB15,13,58,S,0.0016165825
WT_Q9HB15,Q9HB15,13,59,A,0.0011001605
WT_Q9HB15,Q9HB15,13,60,L,0.0015103761
WT_Q9HB15,Q9HB15,13,61,E,0.00092884304
WT_Q9HB15,Q9HB15,13,62,S,0.011032181
WT_Q9HB15,Q9HB15,13,63,P,0.0014034167
WT_Q9HB15,Q9HB15,13,64,G,0.0050145807
WT_Q9HB15,Q9HB15,13,65,E,0.0011580068
WT_Q9HB15,Q9HB15,13,66,A,0.0011290227
WT_Q9HB15,Q9HB15,13,67,E,0.00078875525
WT_Q9HB15,Q9HB15,13,68,A,0.0011480174
WT_Q9HB15,Q9HB15,13,69,R,0.0007718648
WT_Q9HB15,Q9HB15,13,70,A,0.0006666343
WT_Q9HB15,Q9HB15,13,71,R,0.00076259306
WT_Q9HB15,Q9HB15,13,72,W,0.0017641444
WT_Q9HB15,Q9HB15,13,73,G,0.0036274896
WT_Q9HB15,Q9HB15,13,74,A,0.0006971724
WT_Q9HB15,Q9HB15,13,75,T,0.0016283536
WT_Q9HB15,Q9HB15,13,76,L,0.0023104646
WT_Q9HB15,Q9HB15,13,77,R,0.00048405695
WT_Q9HB15,Q9HB15,13,78,N,0.0022966494
WT_Q9HB15,Q9HB15,13,79,F,0.0012951472
WT_Q9HB15,Q9HB15,13,80,S,0.00065082236
WT_Q9HB15,Q9HB15,13,81,A,0.0013236983
WT_Q9HB15,Q9HB15,13,82,A,0.0024342411
WT_Q9HB15,Q9HB15,13,83,H,0.004203931
WT_Q9HB15,Q9HB15,13,84,G,0.00091023656
WT_Q9HB15,Q9HB15,13,85,V,0.00053843
WT_Q9HB15,Q9HB15,13,86,A,0.000754644
WT_Q9HB15,Q9HB15,13,87,E,0.0018252643
WT_Q9HB15,Q9HB15,13,88,P,0.0012806029
WT_Q9HB15,Q9HB15,13,89,E,0.00085069303
WT_Q9HB15,Q9HB15,13,90,L,0.0004425867
WT_Q9HB15,Q9HB15,13,91,R,0.00066847354
WT_Q9HB15,Q9HB15,13,92,A,0.00060054933
WT_Q9HB15,Q9HB15,13,93,F,0.00075696094
WT_Q9HB15,Q9HB15,13,94,L,0.00073937955
WT_Q9HB15,Q9HB15,13,95,R,0.0004529015
WT_Q9HB15,Q9HB15,13,96,H,0.01095222
WT_Q9HB15,Q9HB15,13,97,Y,0.003946134
WT_Q9HB15,Q9HB15,13,98,E,0.0007732936
WT_Q9HB15,Q9HB15,13,99,A,0.0025471332
WT_Q9HB15,Q9HB15,13,100,A,0.0013781124
WT_Q9HB15,Q9HB15,13,101,L,0.0027958371
WT_Q9HB15,Q9HB15,13,102,A,0.00047777072
WT_Q9HB15,Q9HB15,13,103,A,0.00040606817
WT_Q9HB15,Q9HB15,13,104,G,0.0006073443
WT_Q9HB15,Q9HB15,13,105,V,0.0008849824
WT_Q9HB15,Q9HB15,13,106,R,0.00046457935
WT_Q9HB15,Q9HB15,13,107,A,0.0009831045
WT_Q9HB15,Q9HB15,13,108,D,0.0012135117
WT_Q9HB15,Q9HB15,13,109,A,0.00062563404
WT_Q9HB15,Q9HB15,13,110,L,0.00046543477
WT_Q9HB15,Q9HB15,13,111,R,0.00038514208
WT_Q9HB15,Q9HB15,13,112,P,0.0017171347
WT_Q9HB15,Q9HB15,13,113,R,0.00046637416
WT_Q9HB15,Q9HB15,13,114,W,0.001093033
WT_Q9HB15,Q9HB15,13,115,D,0.0025395518
WT_Q9HB15,Q9HB15,13,116,F,0.00084064854
WT_Q9HB15,Q9HB15,13,117,P,0.0012105982
WT_Q9HB15,Q9HB15,13,118,G,0.008040458
WT_Q9HB15,Q9HB15,13,119,A,0.00077904674
WT_Q9HB15,Q9HB15,13,120,F,0.0013887534
WT_Q9HB15,Q9HB15,13,121,Y,0.0010486883
WT_Q9HB15,Q9HB15,13,122,F,0.0018860681
WT_Q9HB15,Q9HB15,13,123,V,0.0005907655
WT_Q9HB15,Q9HB15,13,124,G,0.0012659313
WT_Q9HB15,Q9HB15,13,125,T,0.002295915
WT_Q9HB15,Q9HB15,13,126,V,0.0011427148
WT_Q9HB15,Q9HB15,13,127,V,0.0010295231
WT_Q9HB15,Q9HB15,13,128,S,0.0016220785
WT_Q9HB15,Q9HB15,13,129,T,0.0067807883
WT_Q9HB15,Q9HB15,13,130,I,0.0012671398
WT_Q9HB15,Q9HB15,13,131,G,0.0007853941
WT_Q9HB15,Q9HB15,13,132,F,0.004575977
WT_Q9HB15,Q9HB15,13,133,G,0.0036240143
WT_Q9HB15,Q9HB15,13,134,M,0.0008951587
WT_Q9HB15,Q9HB15,13,135,T,0.0006675948
WT_Q9HB15,Q9HB15,13,136,T,0.00802622
WT_Q9HB15,Q9HB15,13,137,P,0.005056383
WT_Q9HB15,Q9HB15,13,138,A,0.0004677382
WT_Q9HB15,Q9HB15,13,139,T,0.00062391197
WT_Q9HB15,Q9HB15,13,140,V,0.0013754958
WT_Q9HB15,Q9HB15,13,141,G,0.001448848
WT_Q9HB15,Q9HB15,13,142,G,0.0009809925
WT_Q9HB15,Q9HB15,13,143,K,0.0005544926
WT_Q9HB15,Q9HB15,13,144,A,0.00067850854
WT_Q9HB15,Q9HB15,13,145,F,0.0009493389
WT_Q9HB15,Q9HB15,13,146,L,0.0011090039
WT_Q9HB15,Q9HB15,13,147,I,0.0006238644
WT_Q9HB15,Q9HB15,13,148,A,0.0018884648
WT_Q9HB15,Q9HB15,13,149,Y,0.0010847235
WT_Q9HB15,Q9HB15,13,150,G,0.0008200757
WT_Q9HB15,Q9HB15,13,151,L,0.0013077654
WT_Q9HB15,Q9HB15,13,152,F,0.00201089
WT_Q9HB15,Q9HB15,13,153,G,0.0009994464
WT_Q9HB15,Q9HB15,13,154,C,0.012530126
WT_Q9HB15,Q9HB15,13,155,A,0.0007576811
WT_Q9HB15,Q9HB15,13,156,G,0.00096591766
WT_Q9HB15,Q9HB15,13,157,T,0.0015322894
WT_Q9HB15,Q9HB15,13,158,I,0.000811121
WT_Q9HB15,Q9HB15,13,159,L,0.0006354876
WT_Q9HB15,Q9HB15,13,160,F,0.0017870754
WT_Q9HB15,Q9HB15,13,161,F,0.0013408449
WT_Q9HB15,Q9HB15,13,162,N,0.0036329632
WT_Q9HB15,Q9HB15,13,163,L,0.0007549973
WT_Q9HB15,Q9HB15,13,164,F,0.001971857
WT_Q9HB15,Q9HB15,13,165,L,0.0008080571
WT_Q9HB15,Q9HB15,13,166,E,0.00086724834
WT_Q9HB15,Q9HB15,13,167,R,0.00047240139
WT_Q9HB15,Q9HB15,13,168,I,0.0005929816
WT_Q9HB15,Q9HB15,13,169,I,0.0011069847
WT_Q9HB15,Q9HB15,13,170,S,0.0020602113
WT_Q9HB15,Q9HB15,13,171,L,0.0005366675
WT_Q9HB15,Q9HB15,13,172,L,0.0007990171
WT_Q9HB15,Q9HB15,13,173,A,0.00056585605
WT_Q9HB15,Q9HB15,13,174,F,0.0017792021
WT_Q9HB15,Q9HB15,13,175,I,0.0006463217
WT_Q9HB15,Q9HB15,13,176,M,0.0011157483
WT_Q9HB15,Q9HB15,13,177,R,0.00062167045
WT_Q9HB15,Q9HB15,13,178,A,0.0011771047
WT_Q9HB15,Q9HB15,13,179,C,0.023802154
WT_Q9HB15,Q9HB15,13,180,R,0.0013364304
WT_Q9HB15,Q9HB15,13,181,E,0.0007273856
WT_Q9HB15,Q9HB15,13,182,R,0.0020963112
WT_Q9HB15,Q9HB15,13,183,Q,0.00091605587
WT_Q9HB15,Q9HB15,13,184,L,0.0010706278
WT_Q9HB15,Q9HB15,13,185,R,0.0007045234
WT_Q9HB15,Q9HB15,13,186,R,0.0021548225
WT_Q9HB15,Q9HB15,13,187,S,0.001460482
WT_Q9HB15,Q9HB15,13,188,G,0.0005906964
WT_Q9HB15,Q9HB15,13,189,L,0.0012206406
WT_Q9HB15,Q9HB15,13,190,L,0.0010017051
WT_Q9HB15,Q9HB15,13,191,P,0.0013112287
WT_Q9HB15,Q9HB15,13,192,A,0.0012550391
WT_Q9HB15,Q9HB15,13,193,T,0.0030592144
WT_Q9HB15,Q9HB15,13,194,F,0.00145784
WT_Q9HB15,Q9HB15,13,195,R,0.0008234059
WT_Q9HB15,Q9HB15,13,196,R,0.0009693045
WT_Q9HB15,Q9HB15,13,197,G,0.001210792
WT_Q9HB15,Q9HB15,13,198,S,0.002986373
WT_Q9HB15,Q9HB15,13,199,A,0.0012602104
WT_Q9HB15,Q9HB15,13,200,L,0.0017641974
WT_Q9HB15,Q9HB15,13,201,S,0.0008882324
WT_Q9HB15,Q9HB15,13,202,E,0.0008049441
WT_Q9HB15,Q9HB15,13,203,A,0.0013669368
WT_Q9HB15,Q9HB15,13,204,D,0.0022382878
WT_Q9HB15,Q9HB15,13,205,S,0.03800765
WT_Q9HB15,Q9HB15,13,206,L,0.0006286296
WT_Q9HB15,Q9HB15,13,207,A,0.013171258
WT_Q9HB15,Q9HB15,13,208,G,0.0015961849
WT_Q9HB15,Q9HB15,13,209,W,0.0017017091
WT_Q9HB15,Q9HB15,13,210,K,0.0004964305
WT_Q9HB15,Q9HB15,13,211,P,0.0009858593
WT_Q9HB15,Q9HB15,13,212,S,0.0053322613
WT_Q9HB15,Q9HB15,13,213,V,0.00040047348
WT_Q9HB15,Q9HB15,13,214,Y,0.007882101
WT_Q9HB15,Q9HB15,13,215,H,0.0039827772
WT_Q9HB15,Q9HB15,13,216,V,0.00047306757
WT_Q9HB15,Q9HB15,13,217,L,0.00057686516
WT_Q9HB15,Q9HB15,13,218,L,0.0007448808
WT_Q9HB15,Q9HB15,13,219,I,0.0006466304
WT_Q9HB15,Q9HB15,13,220,L,0.0013513752
WT_Q9HB15,Q9HB15,13,221,G,0.0013968792
WT_Q9HB15,Q9HB15,13,222,L,0.00066160096
WT_Q9HB15,Q9HB15,13,223,F,0.0018638906
WT_Q9HB15,Q9HB15,13,224,A,0.00074015104
WT_Q9HB15,Q9HB15,13,225,V,0.00037476147
WT_Q9HB15,Q9HB15,13,226,L,0.0006932943
WT_Q9HB15,Q9HB15,13,227,L,0.0011567209
WT_Q9HB15,Q9HB15,13,228,S,0.00067137944
WT_Q9HB15,Q9HB15,13,229,C,0.0007721334
WT_Q9HB15,Q9HB15,13,230,C,0.0017935367
WT_Q9HB15,Q9HB15,13,231,A,0.0011989642
WT_Q9HB15,Q9HB15,13,232,S,0.0007121114
WT_Q9HB15,Q9HB15,13,233,A,0.00041706336
WT_Q9HB15,Q9HB15,13,234,M,0.00054747856
WT_Q9HB15,Q9HB15,13,235,Y,0.001820344
WT_Q9HB15,Q9HB15,13,236,T,0.0011702478
WT_Q9HB15,Q9HB15,13,237,S,0.0019963589
WT_Q9HB15,Q9HB15,13,238,V,0.00095993804
WT_Q9HB15,Q9HB15,13,239,E,0.0015024638
WT_Q9HB15,Q9HB15,13,240,G,0.0009288846
WT_Q9HB15,Q9HB15,13,241,W,0.00086328463
WT_Q9HB15,Q9HB15,13,242,D,0.0073683914
WT_Q9HB15,Q9HB15,13,243,Y,0.0007703314
WT_Q9HB15,Q9HB15,13,244,V,0.0004438608
WT_Q9HB15,Q9HB15,13,245,D,0.009398752
WT_Q9HB15,Q9HB15,13,246,S,0.00135843
WT_Q9HB15,Q9HB15,13,247,L,0.0046418076
WT_Q9HB15,Q9HB15,13,248,Y,0.0014302627
WT_Q9HB15,Q9HB15,13,249,F,0.0020665077
WT_Q9HB15,Q9HB15,13,250,C,0.010813914
WT_Q9HB15,Q9HB15,13,251,F,0.0019233483
WT_Q9HB15,Q9HB15,13,252,V,0.00094591395
WT_Q9HB15,Q9HB15,13,253,T,0.003961924
WT_Q9HB15,Q9HB15,13,254,F,0.004453766
WT_Q9HB15,Q9HB15,13,255,S,0.00661924
WT_Q9HB15,Q9HB15,13,256,T,0.0026456576
WT_Q9HB15,Q9HB15,13,257,I,0.0012867206
WT_Q9HB15,Q9HB15,13,258,G,0.0021915871
WT_Q9HB15,Q9HB15,13,259,F,0.007325995
WT_Q9HB15,Q9HB15,13,260,G,0.0007268606
WT_Q9HB15,Q9HB15,13,261,D,0.02815641
WT_Q9HB15,Q9HB15,13,262,L,0.0041865846
WT_Q9HB15,Q9HB15,13,263,V,0.00066491443
WT_Q9HB15,Q9HB15,13,264,S,0.0021728354
WT_Q9HB15,Q9HB15,13,265,S,0.0010108214
WT_Q9HB15,Q9HB15,13,266,Q,0.0006292973
WT_Q9HB15,Q9HB15,13,267,H,0.005673846
WT_Q9HB15,Q9HB15,13,268,A,0.00084534445
WT_Q9HB15,Q9HB15,13,269,A,0.0015408095
WT_Q9HB15,Q9HB15,13,270,Y,0.0010243575
WT_Q9HB15,Q9HB15,13,271,R,0.00079791807
WT_Q9HB15,Q9HB15,13,272,N,0.0014985303
WT_Q9HB15,Q9HB15,13,273,Q,0.0013546089
WT_Q9HB15,Q9HB15,13,274,G,0.000993411
WT_Q9HB15,Q9HB15,13,275,L,0.0007164198
WT_Q9HB15,Q9HB15,13,276,Y,0.0008341424
WT_Q9HB15,Q9HB15,13,277,R,0.00052313076
WT_Q9HB15,Q9HB15,13,278,L,0.0017859564
WT_Q9HB15,Q9HB15,13,279,G,0.0007091557
WT_Q9HB15,Q9HB15,13,280,N,0.0026579227
WT_Q9HB15,Q9HB15,13,281,F,0.0013260416
WT_Q9HB15,Q9HB15,13,282,L,0.00057555677
WT_Q9HB15,Q9HB15,13,283,F,0.0009250409
WT_Q9HB15,Q9HB15,13,284,I,0.0006636724
WT_Q9HB15,Q9HB15,13,285,L,0.00088843575
WT_Q9HB15,Q9HB15,13,286,L,0.004552431
WT_Q9HB15,Q9HB15,13,287,G,0.00046032015
WT_Q9HB15,Q9HB15,13,288,V,0.00073222804
WT_Q9HB15,Q9HB15,13,289,C,0.0037033083
WT_Q9HB15,Q9HB15,13,290,C,0.0114168525
WT_Q9HB15,Q9HB15,13,291,I,0.0014246425
WT_Q9HB15,Q9HB15,13,292,Y,0.0012605463
WT_Q9HB15,Q9HB15,13,293,S,0.0017129481
WT_Q9HB15,Q9HB15,13,294,L,0.002107715
WT_Q9HB15,Q9HB15,13,295,F,0.0016427631
WT_Q9HB15,Q9HB15,13,296,N,0.0034099803
WT_Q9HB15,Q9HB15,13,297,V,0.0005260616
WT_Q9HB15,Q9HB15,13,298,I,0.000575739
WT_Q9HB15,Q9HB15,13,299,S,0.0013059892
WT_Q9HB15,Q9HB15,13,300,I,0.0004956573
WT_Q9HB15,Q9HB15,13,301,L,0.00085050083
WT_Q9HB15,Q9HB15,13,302,I,0.0008172873
WT_Q9HB15,Q9HB15,13,303,K,0.0004421151
WT_Q9HB15,Q9HB15,13,304,Q,0.0005416059
WT_Q9HB15,Q9HB15,13,305,V,0.0011202736
WT_Q9HB15,Q9HB15,13,306,L,0.0008351954
WT_Q9HB15,Q9HB15,13,307,N,0.0019080444
WT_Q9HB15,Q9HB15,13,308,W,0.0011281729
WT_Q9HB15,Q9HB15,13,309,M,0.0011309247
WT_Q9HB15,Q9HB15,13,310,L,0.00056580565
WT_Q9HB15,Q9HB15,13,311,R,0.00058536185
WT_Q9HB15,Q9HB15,13,312,K,0.00073685386
WT_Q9HB15,Q9HB15,13,313,L,0.00063867524
WT_Q9HB15,Q9HB15,13,314,S,0.001158407
WT_Q9HB15,Q9HB15,13,315,C,0.0012136566
WT_Q9HB15,Q9HB15,13,316,R,0.0016380899
WT_Q9HB15,Q9HB15,13,317,C,0.0033251287
WT_Q9HB15,Q9HB15,13,318,C,0.004061765
WT_Q9HB15,Q9HB15,13,319,A,0.0013813523
WT_Q9HB15,Q9HB15,13,320,R,0.00141773
WT_Q9HB15,Q9HB15,13,321,C,0.0016197935
WT_Q9HB15,Q9HB15,13,322,C,0.0017235506
WT_Q9HB15,Q9HB15,13,323,P,0.0010823287
WT_Q9HB15,Q9HB15,13,324,A,0.0014268666
WT_Q9HB15,Q9HB15,13,325,P,0.0008260104
WT_Q9HB15,Q9HB15,13,326,G,0.001133899
WT_Q9HB15,Q9HB15,13,327,A,0.0026632147
WT_Q9HB15,Q9HB15,13,328,P,0.0015103671
WT_Q9HB15,Q9HB15,13,329,L,0.0012263352
WT_Q9HB15,Q9HB15,13,330,A,0.0015429938
WT_Q9HB15,Q9HB15,13,331,R,0.0013188978
WT_Q9HB15,Q9HB15,13,332,R,0.0016360923
WT_Q9HB15,Q9HB15,13,333,N,0.0021502627
WT_Q9HB15,Q9HB15,13,334,A,0.0015786139
WT_Q9HB15,Q9HB15,13,335,I,0.0020342085
WT_Q9HB15,Q9HB15,13,336,T,0.0036788178
WT_Q9HB15,Q9HB15,13,337,P,0.0021037855
WT_Q9HB15,Q9HB15,13,338,G,0.0008422454
WT_Q9HB15,Q9HB15,13,339,S,0.005082749
WT_Q9HB15,Q9HB15,13,340,R,0.0014731074
WT_Q9HB15,Q9HB15,13,341,L,0.0019189441
WT_Q9HB15,Q9HB15,13,342,R,0.0016891911
WT_Q9HB15,Q9HB15,13,343,R,0.0016184443
WT_Q9HB15,Q9HB15,13,344,R,0.0010722417
WT_Q9HB15,Q9HB15,13,345,L,0.001195736
WT_Q9HB15,Q9HB15,13,346,A,0.0015084188
WT_Q9HB15,Q9HB15,13,347,A,0.0028160634
WT_Q9HB15,Q9HB15,13,348,L,0.0013723447
WT_Q9HB15,Q9HB15,13,349,G,0.0010034733
WT_Q9HB15,Q9HB15,13,350,A,0.0011053703
WT_Q9HB15,Q9HB15,13,351,D,0.005046333
WT_Q9HB15,Q9HB15,13,352,P,0.001212448
WT_Q9HB15,Q9HB15,13,353,A,0.0010461601
WT_Q9HB15,Q9HB15,13,354,A,0.0019518326
WT_Q9HB15,Q9HB15,13,355,R,0.0017443392
WT_Q9HB15,Q9HB15,13,356,D,0.003243353
WT_Q9HB15,Q9HB15,13,357,S,0.0016935456
WT_Q9HB15,Q9HB15,13,358,D,0.0017879274
WT_Q9HB15,Q9HB15,13,359,A,0.003011515
WT_Q9HB15,Q9HB15,13,360,E,0.0012536288
WT_Q9HB15,Q9HB15,13,361,G,0.0038241022
WT_Q9HB15,Q9HB15,13,362,R,0.0013505265
WT_Q9HB15,Q9HB15,13,363,R,0.00092865335
WT_Q9HB15,Q9HB15,13,364,L,0.0069570816
WT_Q9HB15,Q9HB15,13,365,S,0.00625159
WT_Q9HB15,Q9HB15,13,366,G,0.0006654557
WT_Q9HB15,Q9HB15,13,367,E,0.0012299069
WT_Q9HB15,Q9HB15,13,368,L,0.00091471465
WT_Q9HB15,Q9HB15,13,369,I,0.0013806837
WT_Q9HB15,Q9HB15,13,370,S,0.002049456
WT_Q9HB15,Q9HB15,13,371,M,0.0025726485
WT_Q9HB15,Q9HB15,13,372,R,0.0013724943
WT_Q9HB15,Q9HB15,13,373,D,0.0014737222
WT_Q9HB15,Q9HB15,13,374,L,0.0057007154
WT_Q9HB15,Q9HB15,13,375,T,0.01280455
WT_Q9HB15,Q9HB15,13,376,A,0.0023482153
WT_Q9HB15,Q9HB15,13,377,S,0.008049623
WT_Q9HB15,Q9HB15,13,378,N,0.0028354975
WT_Q9HB15,Q9HB15,13,379,K,0.0012456428
WT_Q9HB15,Q9HB15,13,380,V,0.003313793
WT_Q9HB15,Q9HB15,13,381,S,0.0070606866
WT_Q9HB15,Q9HB15,13,382,L,0.007703157
WT_Q9HB15,Q9HB15,13,383,A,0.0034212212
WT_Q9HB15,Q9HB15,13,384,L,0.014666525
WT_Q9HB15,Q9HB15,13,385,L,0.002204819
WT_Q9HB15,Q9HB15,13,386,Q,0.005876686
WT_Q9HB15,Q9HB15,13,387,K,0.0015212377
WT_Q9HB15,Q9HB15,13,388,Q,0.0041064895
WT_Q9HB15,Q9HB15,13,389,L,0.0028369927
WT_Q9HB15,Q9HB15,13,390,S,0.01795804
WT_Q9HB15,Q9HB15,13,391,E,0.0015616912
WT_Q9HB15,Q9HB15,13,392,T,0.003248936
WT_Q9HB15,Q9HB15,13,393,A,0.0029350168
WT_Q9HB15,Q9HB15,13,394,N,0.001608756
WT_Q9HB15,Q9HB15,13,395,G,0.0035330686
WT_Q9HB15,Q9HB15,13,396,Y,0.0028150831
WT_Q9HB15,Q9HB15,13,397,P,0.0035254809
WT_Q9HB15,Q9HB15,13,398,R,0.0022495112
WT_Q9HB15,Q9HB15,13,399,S,0.0035545137
WT_Q9HB15,Q9HB15,13,400,V,0.0015292782
WT_Q9HB15,Q9HB15,13,401,C,0.0061530704
WT_Q9HB15,Q9HB15,13,402,V,0.0020342227
WT_Q9HB15,Q9HB15,13,403,N,0.0028099897
WT_Q9HB15,Q9HB15,13,404,T,0.00793112
WT_Q9HB15,Q9HB15,13,405,R,0.003491207
WT_Q9HB15,Q9HB15,13,406,Q,0.0043828385
WT_Q9HB15,Q9HB15,13,407,N,0.0026411153
WT_Q9HB15,Q9HB15,13,408,G,0.005325012
WT_Q9HB15,Q9HB15,13,409,F,0.0061135874
WT_Q9HB15,Q9HB15,13,410,S,0.0029187638
WT_Q9HB15,Q9HB15,13,411,G,0.0012450892
WT_Q9HB15,Q9HB15,13,412,G,0.0020109338
WT_Q9HB15,Q9HB15,13,413,V,0.0014128622
WT_Q9HB15,Q9HB15,13,414,G,0.0024429145
WT_Q9HB15,Q9HB15,13,415,A,0.0014892004
WT_Q9HB15,Q9HB15,13,416,L,0.0019534868
WT_Q9HB15,Q9HB15,13,417,G,0.004019038
WT_Q9HB15,Q9HB15,13,418,I,0.0037377246
WT_Q9HB15,Q9HB15,13,419,M,0.009163384
WT_Q9HB15,Q9HB15,13,420,N,0.003827947
WT_Q9HB15,Q9HB15,13,421,N,0.0037923732
WT_Q9HB15,Q9HB15,13,422,R,0.007236554
WT_Q9HB15,Q9HB15,13,423,L,0.003465818
WT_Q9HB15,Q9HB15,13,424,A,0.0016227671
WT_Q9HB15,Q9HB15,13,425,E,0.0076936153
WT_Q9HB15,Q9HB15,13,426,T,0.0027204293
WT_Q9HB15,Q9HB15,13,427,S,0.0020710547
WT_Q9HB15,Q9HB15,13,428,A,0.002851417
WT_Q9HB15,Q9HB15,13,429,S,0.0030858475
WT_Q9HB15,Q9HB15,13,430,R,0.0041335025
WT_O14842,O14842,14,1,M,0.0010189896
WT_O14842,O14842,14,2,D,0.0038966618
WT_O14842,O14842,14,3,L,0.00092777965
WT_O14842,O14842,14,4,P,0.0022445475
WT_O14842,O14842,14,5,P,0.0014702299
WT_O14842,O14842,14,6,Q,0.0010279462
WT_O14842,O14842,14,7,L,0.0007462596
WT_O14842,O14842,14,8,S,0.0016538893
WT_O14842,O14842,14,9,F,0.0014730162
WT_O14842,O14842,14,10,G,0.0014098894
WT_O14842,O14842,14,11,L,0.0016770184
WT_O14842,O14842,14,12,Y,0.0016008328
WT_O14842,O14842,14,13,V,0.001836248
WT_O14842,O14842,14,14,A,0.0068004425
WT_O14842,O14842,14,15,A,0.0023178793
WT_O14842,O14842,14,16,F,0.0015535656
WT_O14842,O14842,14,17,A,0.0031144733
WT_O14842,O14842,14,18,L,0.0017879995
WT_O14842,O14842,14,19,G,0.000977409
WT_O14842,O14842,14,20,F,0.00090825546
WT_O14842,O14842,14,21,P,0.0026388606
WT_O14842,O14842,14,22,L,0.0015079612
WT_O14842,O14842,14,23,N,0.001032601
WT_O14842,O14842,14,24,V,0.001947469
WT_O14842,O14842,14,25,L,0.0012082863
WT_O14842,O14842,14,26,A,0.0017610622
WT_O14842,O14842,14,27,I,0.0012358035
WT_O14842,O14842,14,28,R,0.0026312664
WT_O14842,O14842,14,29,G,0.0041269055
WT_O14842,O14842,14,30,A,0.003892806
WT_O14842,O14842,14,31,T,0.0037877532
WT_O14842,O14842,14,32,A,0.0014136691
WT_O14842,O14842,14,33,H,0.00074623845
WT_O14842,O14842,14,34,A,0.0014859095
WT_O14842,O14842,14,35,R,0.0016040818
WT_O14842,O14842,14,36,L,0.0005848506
WT_O14842,O14842,14,37,R,0.0018160193
WT_O14842,O14842,14,38,L,0.0022213347
WT_O14842,O14842,14,39,T,0.0027060302
WT_O14842,O14842,14,40,P,0.0017452637
WT_O14842,O14842,14,41,S,0.0029795913
WT_O14842,O14842,14,42,L,0.0020423217
WT_O14842,O14842,14,43,V,0.00078530976
WT_O14842,O14842,14,44,Y,0.0023855388
WT_O14842,O14842,14,45,A,0.0018119911
WT_O14842,O14842,14,46,L,0.0009553399
WT_O14842,O14842,14,47,N,0.0022923287
WT_O14842,O14842,14,48,L,0.0015514386
WT_O14842,O14842,14,49,G,0.0014139225
WT_O14842,O14842,14,50,C,0.0028838734
WT_O14842,O14842,14,51,S,0.0012102802
WT_O14842,O14842,14,52,D,0.0066272854
WT_O14842,O14842,14,53,L,0.0027679715
WT_O14842,O14842,14,54,L,0.0020986944
WT_O14842,O14842,14,55,L,0.0032053518
WT_O14842,O14842,14,56,T,0.07161343
WT_O14842,O14842,14,57,V,0.0014802275
WT_O14842,O14842,14,58,S,0.004434791
WT_O14842,O14842,14,59,L,0.0014719969
WT_O14842,O14842,14,60,P,0.0011090768
WT_O14842,O14842,14,61,L,0.0015117401
WT_O14842,O14842,14,62,K,0.0019835162
WT_O14842,O14842,14,63,A,0.0031214252
WT_O14842,O14842,14,64,V,0.0013988705
WT_O14842,O14842,14,65,E,0.0017720037
WT_O14842,O14842,14,66,A,0.00091025414
WT_O14842,O14842,14,67,L,0.0013094117
WT_O14842,O14842,14,68,A,0.0019275923
WT_O14842,O14842,14,69,S,0.0020817097
WT_O14842,O14842,14,70,G,0.0016125015
WT_O14842,O14842,14,71,A,0.0022491163
WT_O14842,O14842,14,72,W,0.0008156997
WT_O14842,O14842,14,73,P,0.0025011178
WT_O14842,O14842,14,74,L,0.0033135205
WT_O14842,O14842,14,75,P,0.0025978272
WT_O14842,O14842,14,76,A,0.0015664608
WT_O14842,O14842,14,77,S,0.016847994
WT_O14842,O14842,14,78,L,0.0009987429
WT_O14842,O14842,14,79,C,0.0049123443
WT_O14842,O14842,14,80,P,0.004693606
WT_O14842,O14842,14,81,V,0.0010644376
WT_O14842,O14842,14,82,F,0.0027534687
WT_O14842,O14842,14,83,A,0.0029577636
WT_O14842,O14842,14,84,V,0.0023290145
WT_O14842,O14842,14,85,A,0.002723389
WT_O14842,O14842,14,86,H,0.0013340387
WT_O14842,O14842,14,87,F,0.003964994
WT_O14842,O14842,14,88,F,0.0029156075
WT_O14842,O14842,14,89,P,0.008601387
WT_O14842,O14842,14,90,L,0.002303138
WT_O14842,O14842,14,91,Y,0.0017991107
WT_O14842,O14842,14,92,A,0.00083487184
WT_O14842,O14842,14,93,G,0.0026822686
WT_O14842,O14842,14,94,G,0.032611836
WT_O14842,O14842,14,95,G,0.02270335
WT_O14842,O14842,14,96,F,0.0035560464
WT_O14842,O14842,14,97,L,0.004458501
WT_O14842,O14842,14,98,A,0.0013728349
WT_O14842,O14842,14,99,A,0.0014129614
WT_O14842,O14842,14,100,L,0.0024793213
WT_O14842,O14842,14,101,S,0.0024712223
WT_O14842,O14842,14,102,A,0.004711215
WT_O14842,O14842,14,103,G,0.0057041394
WT_O14842,O14842,14,104,R,0.001495006
WT_O14842,O14842,14,105,Y,0.002170695
WT_O14842,O14842,14,106,L,0.0024789372
WT_O14842,O14842,14,107,G,0.007287954
WT_O14842,O14842,14,108,A,0.0040086242
WT_O14842,O14842,14,109,A,0.0014706358
WT_O14842,O14842,14,110,F,0.002925138
WT_O14842,O14842,14,111,P,0.0016400365
WT_O14842,O14842,14,112,L,0.0008591796
WT_O14842,O14842,14,113,G,0.0005798841
WT_O14842,O14842,14,114,Y,0.0018523836
WT_O14842,O14842,14,115,Q,0.0021005482
WT_O14842,O14842,14,116,A,0.0010025307
WT_O14842,O14842,14,117,F,0.00054254883
WT_O14842,O14842,14,118,R,0.0010593821
WT_O14842,O14842,14,119,R,0.0031694027
WT_O14842,O14842,14,120,P,0.010283927
WT_O14842,O14842,14,121,C,0.00634093
WT_O14842,O14842,14,122,Y,0.0093009155
WT_O14842,O14842,14,123,S,0.0010434795
WT_O14842,O14842,14,124,W,0.00061638904
WT_O14842,O14842,14,125,G,0.0025165605
WT_O14842,O14842,14,126,V,0.00054586417
WT_O14842,O14842,14,127,C,0.0035418693
WT_O14842,O14842,14,128,A,0.0064489804
WT_O14842,O14842,14,129,A,0.0033508714
WT_O14842,O14842,14,130,I,0.0007992628
WT_O14842,O14842,14,131,W,0.001244991
WT_O14842,O14842,14,132,A,0.0044347616
WT_O14842,O14842,14,133,L,0.0020644057
WT_O14842,O14842,14,134,V,0.0017415024
WT_O14842,O14842,14,135,L,0.0014394282
WT_O14842,O14842,14,136,C,0.0024230771
WT_O14842,O14842,14,137,H,0.0012395428
WT_O14842,O14842,14,138,L,0.006931135
WT_O14842,O14842,14,139,G,0.0030345058
WT_O14842,O14842,14,140,L,0.0023270498
WT_O14842,O14842,14,141,V,0.0014917252
WT_O14842,O14842,14,142,F,0.0024673967
WT_O14842,O14842,14,143,G,0.0008841018
WT_O14842,O14842,14,144,L,0.0011458499
WT_O14842,O14842,14,145,E,0.0005457685
WT_O14842,O14842,14,146,A,0.001442413
WT_O14842,O14842,14,147,P,0.0009878865
WT_O14842,O14842,14,148,G,0.0008556419
WT_O14842,O14842,14,149,G,0.0008545603
WT_O14842,O14842,14,150,W,0.002408193
WT_O14842,O14842,14,151,L,0.0013545878
WT_O14842,O14842,14,152,D,0.0036706217
WT_O14842,O14842,14,153,H,0.0020029224
WT_O14842,O14842,14,154,S,0.004514573
WT_O14842,O14842,14,155,N,0.002752104
WT_O14842,O14842,14,156,T,0.0024180824
WT_O14842,O14842,14,157,S,0.0019465599
WT_O14842,O14842,14,158,L,0.00088385475
WT_O14842,O14842,14,159,G,0.0021623243
WT_O14842,O14842,14,160,I,0.004738567
WT_O14842,O14842,14,161,N,0.0042329608
WT_O14842,O14842,14,162,T,0.008069019
WT_O14842,O14842,14,163,P,0.0024175204
WT_O14842,O14842,14,164,V,0.002346914
WT_O14842,O14842,14,165,N,0.0054269615
WT_O14842,O14842,14,166,G,0.016207712
WT_O14842,O14842,14,167,S,0.005813556
WT_O14842,O14842,14,168,P,0.010708803
WT_O14842,O14842,14,169,V,0.0012982689
WT_O14842,O14842,14,170,C,0.0037296934
WT_O14842,O14842,14,171,L,0.0089575285
WT_O14842,O14842,14,172,E,0.0010084176
WT_O14842,O14842,14,173,A,0.0037347875
WT_O14842,O14842,14,174,W,0.0026390736
WT_O14842,O14842,14,175,D,0.004927904
WT_O14842,O14842,14,176,P,0.0018035171
WT_O14842,O14842,14,177,A,0.0010006548
WT_O14842,O14842,14,178,S,0.002511283
WT_O14842,O14842,14,179,A,0.0019895425
WT_O14842,O14842,14,180,G,0.0031414551
WT_O14842,O14842,14,181,P,0.0022343155
WT_O14842,O14842,14,182,A,0.001957387
WT_O14842,O14842,14,183,R,0.0006516088
WT_O14842,O14842,14,184,F,0.001777002
WT_O14842,O14842,14,185,S,0.005200702
WT_O14842,O14842,14,186,L,0.0053887046
WT_O14842,O14842,14,187,S,0.007859791
WT_O14842,O14842,14,188,L,0.0018218864
WT_O14842,O14842,14,189,L,0.0035631526
WT_O14842,O14842,14,190,L,0.004620803
WT_O14842,O14842,14,191,F,0.0023031028
WT_O14842,O14842,14,192,F,0.003162287
WT_O14842,O14842,14,193,L,0.000883267
WT_O14842,O14842,14,194,P,0.0013667081
WT_O14842,O14842,14,195,L,0.0013391782
WT_O14842,O14842,14,196,A,0.0015896875
WT_O14842,O14842,14,197,I,0.0012669285
WT_O14842,O14842,14,198,T,0.0065073273
WT_O14842,O14842,14,199,A,0.002598682
WT_O14842,O14842,14,200,F,0.0023942436
WT_O14842,O14842,14,201,C,0.012549867
WT_O14842,O14842,14,202,Y,0.0018864119
WT_O14842,O14842,14,203,V,0.0011820593
WT_O14842,O14842,14,204,G,0.0050642695
WT_O14842,O14842,14,205,C,0.0023957798
WT_O14842,O14842,14,206,L,0.0016542536
WT_O14842,O14842,14,207,R,0.0015041302
WT_O14842,O14842,14,208,A,0.002076157
WT_O14842,O14842,14,209,L,0.0011950787
WT_O14842,O14842,14,210,A,0.0024719827
WT_O14842,O14842,14,211,R,0.001103068
WT_O14842,O14842,14,212,S,0.03220115
WT_O14842,O14842,14,213,G,0.0038789795
WT_O14842,O14842,14,214,L,0.041797996
WT_O14842,O14842,14,215,T,0.0058727292
WT_O14842,O14842,14,216,H,0.00092332065
WT_O14842,O14842,14,217,R,0.001111432
WT_O14842,O14842,14,218,R,0.00076512905
WT_O14842,O14842,14,219,K,0.00064537127
WT_O14842,O14842,14,220,L,0.0030152602
WT_O14842,O14842,14,221,R,0.0007342131
WT_O14842,O14842,14,222,A,0.0010571139
WT_O14842,O14842,14,223,A,0.003331826
WT_O14842,O14842,14,224,W,0.0010174974
WT_O14842,O14842,14,225,V,0.0072683585
WT_O14842,O14842,14,226,A,0.0020665664
WT_O14842,O14842,14,227,G,0.0020922765
WT_O14842,O14842,14,228,G,0.002057384
WT_O14842,O14842,14,229,A,0.017587746
WT_O14842,O14842,14,230,L,0.0019476239
WT_O14842,O14842,14,231,L,0.0016637677
WT_O14842,O14842,14,232,T,0.0016873201
WT_O14842,O14842,14,233,L,0.0027630185
WT_O14842,O14842,14,234,L,0.0010653869
WT_O14842,O14842,14,235,L,0.0029408531
WT_O14842,O14842,14,236,C,0.0013681337
WT_O14842,O14842,14,237,V,0.0014263765
WT_O14842,O14842,14,238,G,0.0014271394
WT_O14842,O14842,14,239,P,0.0027377272
WT_O14842,O14842,14,240,Y,0.0056931344
WT_O14842,O14842,14,241,N,0.0027059896
WT_O14842,O14842,14,242,A,0.0028711895
WT_O14842,O14842,14,243,S,0.004769796
WT_O14842,O14842,14,244,N,0.0010242468
WT_O14842,O14842,14,245,V,0.0011498638
WT_O14842,O14842,14,246,A,0.0019957598
WT_O14842,O14842,14,247,S,0.0010727667
WT_O14842,O14842,14,248,F,0.0025102675
WT_O14842,O14842,14,249,L,0.0008664137
WT_O14842,O14842,14,250,Y,0.0023091051
WT_O14842,O14842,14,251,P,0.0012066439
WT_O14842,O14842,14,252,N,0.0011658166
WT_O14842,O14842,14,253,L,0.0012592152
WT_O14842,O14842,14,254,G,0.0025012984
WT_O14842,O14842,14,255,G,0.0022228481
WT_O14842,O14842,14,256,S,0.0019657917
WT_O14842,O14842,14,257,W,0.0012886324
WT_O14842,O14842,14,258,R,0.0015126657
WT_O14842,O14842,14,259,K,0.0013878784
WT_O14842,O14842,14,260,L,0.0025684417
WT_O14842,O14842,14,261,G,0.006357021
WT_O14842,O14842,14,262,L,0.0009472798
WT_O14842,O14842,14,263,I,0.0022575872
WT_O14842,O14842,14,264,T,0.005165593
WT_O14842,O14842,14,265,G,0.00460395
WT_O14842,O14842,14,266,A,0.0020585537
WT_O14842,O14842,14,267,W,0.0024483674
WT_O14842,O14842,14,268,S,0.006295671
WT_O14842,O14842,14,269,V,0.0013892163
WT_O14842,O14842,14,270,V,0.0018645864
WT_O14842,O14842,14,271,L,0.0017325225
WT_O14842,O14842,14,272,N,0.00363557
WT_O14842,O14842,14,273,P,0.0036696757
WT_O14842,O14842,14,274,L,0.0023882021
WT_O14842,O14842,14,275,V,0.0019992804
WT_O14842,O14842,14,276,T,0.0024795588
WT_O14842,O14842,14,277,G,0.0027732644
WT_O14842,O14842,14,278,Y,0.0015110908
WT_O14842,O14842,14,279,L,0.0009739355
WT_O14842,O14842,14,280,G,0.0029085297
WT_O14842,O14842,14,281,R,0.0017597374
WT_O14842,O14842,14,282,G,0.001714357
WT_O14842,O14842,14,283,P,0.0012556958
WT_O14842,O14842,14,284,G,0.001741956
WT_O14842,O14842,14,285,L,0.0011664237
WT_O14842,O14842,14,286,K,0.0013277378
WT_O14842,O14842,14,287,T,0.003452832
WT_O14842,O14842,14,288,V,0.0018525661
WT_O14842,O14842,14,289,C,0.0027312178
WT_O14842,O14842,14,290,A,0.001967297
WT_O14842,O14842,14,291,A,0.0018465089
WT_O14842,O14842,14,292,R,0.0017226507
WT_O14842,O14842,14,293,T,0.0021499787
WT_O14842,O14842,14,294,Q,0.001409135
WT_O14842,O14842,14,295,G,0.001254572
WT_O14842,O14842,14,296,G,0.0014602124
WT_O14842,O14842,14,297,K,0.0074263006
WT_O14842,O14842,14,298,S,0.0040535824
WT_O14842,O14842,14,299,Q,0.0023711105
WT_O14842,O14842,14,300,K,0.010473113
WT_O95674-2,O95674-2,15,1,M,0.003983028
WT_O95674-2,O95674-2,15,2,S,0.009689193
WT_O95674-2,O95674-2,15,3,R,0.03506891
WT_O95674-2,O95674-2,15,4,L,0.0068529276
WT_O95674-2,O95674-2,15,5,R,0.021418083
WT_O95674-2,O95674-2,15,6,H,0.010495227
WT_O95674-2,O95674-2,15,7,P,0.019907273
WT_O95674-2,O95674-2,15,8,R,0.0062033166
WT_O95674-2,O95674-2,15,9,T,0.004488401
WT_O95674-2,O95674-2,15,10,R,0.0017681532
WT_O95674-2,O95674-2,15,11,W,0.0061896606
WT_O95674-2,O95674-2,15,12,K,0.0029978557
WT_O95674-2,O95674-2,15,13,N,0.0035417664
WT_O95674-2,O95674-2,15,14,W,0.0080833
WT_O95674-2,O95674-2,15,15,W,0.012205692
WT_O95674-2,O95674-2,15,16,V,0.0017821294
WT_O95674-2,O95674-2,15,17,R,0.00092420576
WT_O95674-2,O95674-2,15,18,G,0.005726373
WT_O95674-2,O95674-2,15,19,I,0.0025416901
WT_O95674-2,O95674-2,15,20,L,0.0033927064
WT_O95674-2,O95674-2,15,21,T,0.0018687331
WT_O95674-2,O95674-2,15,22,L,0.0037984787
WT_O95674-2,O95674-2,15,23,A,0.013787272
WT_O95674-2,O95674-2,15,24,M,0.0012710128
WT_O95674-2,O95674-2,15,25,I,0.0009459871
WT_O95674-2,O95674-2,15,26,A,0.005181538
WT_O95674-2,O95674-2,15,27,F,0.006733597
WT_O95674-2,O95674-2,15,28,F,0.0023652716
WT_O95674-2,O95674-2,15,29,F,0.0026784912
WT_O95674-2,O95674-2,15,30,I,0.004433426
WT_O95674-2,O95674-2,15,31,I,0.0020445997
WT_O95674-2,O95674-2,15,32,I,0.0017926692
WT_O95674-2,O95674-2,15,33,Y,0.003540466
WT_O95674-2,O95674-2,15,34,L,0.0046349405
WT_O95674-2,O95674-2,15,35,G,0.0014427692
WT_O95674-2,O95674-2,15,36,P,0.016656887
WT_O95674-2,O95674-2,15,37,M,0.003916972
WT_O95674-2,O95674-2,15,38,V,0.0029412415
WT_O95674-2,O95674-2,15,39,L,0.0012553186
WT_O95674-2,O95674-2,15,40,M,0.0016809694
WT_O95674-2,O95674-2,15,41,I,0.001443452
WT_O95674-2,O95674-2,15,42,I,0.0048921546
WT_O95674-2,O95674-2,15,43,V,0.0023130006
WT_O95674-2,O95674-2,15,44,M,0.004540487
WT_O95674-2,O95674-2,15,45,C,0.0044965935
WT_O95674-2,O95674-2,15,46,V,0.0021401788
WT_O95674-2,O95674-2,15,47,Q,0.0012400966
WT_O95674-2,O95674-2,15,48,I,0.0028719069
WT_O95674-2,O95674-2,15,49,K,0.0012074357
WT_O95674-2,O95674-2,15,50,C,0.009238081
WT_O95674-2,O95674-2,15,51,F,0.0037257627
WT_O95674-2,O95674-2,15,52,H,0.0034980671
WT_O95674-2,O95674-2,15,53,E,0.0015806748
WT_O95674-2,O95674-2,15,54,I,0.0010018261
WT_O95674-2,O95674-2,15,55,I,0.0015289314
WT_O95674-2,O95674-2,15,56,T,0.0016613508
WT_O95674-2,O95674-2,15,57,I,0.00066551525
WT_O95674-2,O95674-2,15,58,G,0.0012676332
WT_O95674-2,O95674-2,15,59,Y,0.0023646408
WT_O95674-2,O95674-2,15,60,N,0.0016219888
WT_O95674-2,O95674-2,15,61,V,0.002278129
WT_O95674-2,O95674-2,15,62,Y,0.0029773887
WT_O95674-2,O95674-2,15,63,H,0.0013536758
WT_O95674-2,O95674-2,15,64,S,0.0022816204
WT_O95674-2,O95674-2,15,65,Y,0.0020786459
WT_O95674-2,O95674-2,15,66,D,0.002001319
WT_O95674-2,O95674-2,15,67,L,0.0011686808
WT_O95674-2,O95674-2,15,68,P,0.0014006745
WT_O95674-2,O95674-2,15,69,W,0.003016223
WT_O95674-2,O95674-2,15,70,F,0.0015770578
WT_O95674-2,O95674-2,15,71,R,0.00087830605
WT_O95674-2,O95674-2,15,72,T,0.0018812486
WT_O95674-2,O95674-2,15,73,L,0.0015515757
WT_O95674-2,O95674-2,15,74,S,0.005985929
WT_O95674-2,O95674-2,15,75,W,0.0037347768
WT_O95674-2,O95674-2,15,76,Y,0.0027546124
WT_O95674-2,O95674-2,15,77,F,0.001464743
WT_O95674-2,O95674-2,15,78,L,0.0013930586
WT_O95674-2,O95674-2,15,79,L,0.0016689766
WT_O95674-2,O95674-2,15,80,C,0.0033696385
WT_O95674-2,O95674-2,15,81,V,0.0012707545
WT_O95674-2,O95674-2,15,82,N,0.0020440281
WT_O95674-2,O95674-2,15,83,Y,0.0017542349
WT_O95674-2,O95674-2,15,84,F,0.002390801
WT_O95674-2,O95674-2,15,85,F,0.001183561
WT_O95674-2,O95674-2,15,86,Y,0.0024166098
WT_O95674-2,O95674-2,15,87,G,0.0013464842
WT_O95674-2,O95674-2,15,88,E,0.00089572824
WT_O95674-2,O95674-2,15,89,T,0.0010903211
WT_O95674-2,O95674-2,15,90,V,0.0010897384
WT_O95674-2,O95674-2,15,91,T,0.0019083153
WT_O95674-2,O95674-2,15,92,D,0.002545176
WT_O95674-2,O95674-2,15,93,Y,0.0027955081
WT_O95674-2,O95674-2,15,94,F,0.002946838
WT_O95674-2,O95674-2,15,95,F,0.0025231729
WT_O95674-2,O95674-2,15,96,T,0.0012428865
WT_O95674-2,O95674-2,15,97,L,0.0047321427
WT_O95674-2,O95674-2,15,98,V,0.001305159
WT_O95674-2,O95674-2,15,99,Q,0.0008621363
WT_O95674-2,O95674-2,15,100,R,0.0016827965
WT_O95674-2,O95674-2,15,101,E,0.0017264873
WT_O95674-2,O95674-2,15,102,E,0.00236204
WT_O95674-2,O95674-2,15,103,P,0.0030786102
WT_O95674-2,O95674-2,15,104,L,0.0018083649
WT_O95674-2,O95674-2,15,105,R,0.0008967832
WT_O95674-2,O95674-2,15,106,I,0.0028384966
WT_O95674-2,O95674-2,15,107,L,0.006793461
WT_O95674-2,O95674-2,15,108,S,0.005931312
WT_O95674-2,O95674-2,15,109,K,0.0015357947
WT_O95674-2,O95674-2,15,110,Y,0.005055226
WT_O95674-2,O95674-2,15,111,H,0.005768183
WT_O95674-2,O95674-2,15,112,R,0.0013402415
WT_O95674-2,O95674-2,15,113,F,0.0016454274
WT_O95674-2,O95674-2,15,114,I,0.006559855
WT_O95674-2,O95674-2,15,115,S,0.0022783747
WT_O95674-2,O95674-2,15,116,F,0.0027910038
WT_O95674-2,O95674-2,15,117,T,0.0014432194
WT_O95674-2,O95674-2,15,118,L,0.008389466
WT_O95674-2,O95674-2,15,119,Y,0.007118207
WT_O95674-2,O95674-2,15,120,L,0.00127716
WT_O95674-2,O95674-2,15,121,I,0.004239367
WT_O95674-2,O95674-2,15,122,G,0.001543904
WT_O95674-2,O95674-2,15,123,F,0.0011199354
WT_O95674-2,O95674-2,15,124,C,0.0045042834
WT_O95674-2,O95674-2,15,125,M,0.003329306
WT_O95674-2,O95674-2,15,126,F,0.0016635463
WT_O95674-2,O95674-2,15,127,V,0.0010590857
WT_O95674-2,O95674-2,15,128,L,0.0023619859
WT_O95674-2,O95674-2,15,129,S,0.001154444
WT_O95674-2,O95674-2,15,130,L,0.0027489334
WT_O95674-2,O95674-2,15,131,V,0.002228019
WT_O95674-2,O95674-2,15,132,K,0.0013276633
WT_O95674-2,O95674-2,15,133,K,0.0007943808
WT_O95674-2,O95674-2,15,134,H,0.0024658518
WT_O95674-2,O95674-2,15,135,Y,0.0048370915
WT_O95674-2,O95674-2,15,136,R,0.0014458004
WT_O95674-2,O95674-2,15,137,L,0.0012112111
WT_O95674-2,O95674-2,15,138,Q,0.00082645396
WT_O95674-2,O95674-2,15,139,F,0.001061286
WT_O95674-2,O95674-2,15,140,Y,0.0068470696
WT_O95674-2,O95674-2,15,141,M,0.0010761939
WT_O95674-2,O95674-2,15,142,F,0.0022314498
WT_O95674-2,O95674-2,15,143,G,0.0017857531
WT_O95674-2,O95674-2,15,144,W,0.009993213
WT_O95674-2,O95674-2,15,145,T,0.001940922
WT_O95674-2,O95674-2,15,146,H,0.0026629544
WT_O95674-2,O95674-2,15,147,V,0.0010797551
WT_O95674-2,O95674-2,15,148,T,0.004954835
WT_O95674-2,O95674-2,15,149,L,0.0013229034
WT_O95674-2,O95674-2,15,150,L,0.0015152646
WT_O95674-2,O95674-2,15,151,I,0.0008181488
WT_O95674-2,O95674-2,15,152,V,0.0013513162
WT_O95674-2,O95674-2,15,153,V,0.0013840017
WT_O95674-2,O95674-2,15,154,T,0.0027487278
WT_O95674-2,O95674-2,15,155,Q,0.0014885777
WT_O95674-2,O95674-2,15,156,S,0.0022897758
WT_O95674-2,O95674-2,15,157,H,0.00903561
WT_O95674-2,O95674-2,15,158,L,0.0014842385
WT_O95674-2,O95674-2,15,159,V,0.001028226
WT_O95674-2,O95674-2,15,160,I,0.0009001232
WT_O95674-2,O95674-2,15,161,H,0.031601816
WT_O95674-2,O95674-2,15,162,N,0.0015145782
WT_O95674-2,O95674-2,15,163,L,0.0017233952
WT_O95674-2,O95674-2,15,164,F,0.0016130386
WT_O95674-2,O95674-2,15,165,E,0.0010791493
WT_O95674-2,O95674-2,15,166,G,0.0010890879
WT_O95674-2,O95674-2,15,167,M,0.0012121187
WT_O95674-2,O95674-2,15,168,I,0.0012397666
WT_O95674-2,O95674-2,15,169,W,0.0017291653
WT_O95674-2,O95674-2,15,170,F,0.002446568
WT_O95674-2,O95674-2,15,171,I,0.0013313531
WT_O95674-2,O95674-2,15,172,V,0.0010979348
WT_O95674-2,O95674-2,15,173,P,0.0023126304
WT_O95674-2,O95674-2,15,174,I,0.0016343764
WT_O95674-2,O95674-2,15,175,S,0.0037743868
WT_O95674-2,O95674-2,15,176,C,0.022289595
WT_O95674-2,O95674-2,15,177,V,0.0013262389
WT_O95674-2,O95674-2,15,178,I,0.0015466758
WT_O95674-2,O95674-2,15,179,C,0.0037072147
WT_O95674-2,O95674-2,15,180,N,0.011650042
WT_O95674-2,O95674-2,15,181,D,0.022222012
WT_O95674-2,O95674-2,15,182,I,0.0011964106
WT_O95674-2,O95674-2,15,183,M,0.0028508597
WT_O95674-2,O95674-2,15,184,A,0.0029042987
WT_O95674-2,O95674-2,15,185,Y,0.0031199171
WT_O95674-2,O95674-2,15,186,M,0.0012854745
WT_O95674-2,O95674-2,15,187,F,0.0071364273
WT_O95674-2,O95674-2,15,188,G,0.0044914484
WT_O95674-2,O95674-2,15,189,F,0.0031381284
WT_O95674-2,O95674-2,15,190,F,0.0025911906
WT_O95674-2,O95674-2,15,191,F,0.0028418931
WT_O95674-2,O95674-2,15,192,G,0.0021483414
WT_O95674-2,O95674-2,15,193,R,0.0012434227
WT_O95674-2,O95674-2,15,194,T,0.0014448544
WT_O95674-2,O95674-2,15,195,P,0.006860246
WT_O95674-2,O95674-2,15,196,L,0.0014814407
WT_O95674-2,O95674-2,15,197,I,0.0020842094
WT_O95674-2,O95674-2,15,198,K,0.0018714027
WT_O95674-2,O95674-2,15,199,L,0.0014797476
WT_O95674-2,O95674-2,15,200,S,0.0018698738
WT_O95674-2,O95674-2,15,201,P,0.0018780599
WT_O95674-2,O95674-2,15,202,K,0.0012034773
WT_O95674-2,O95674-2,15,203,K,0.0011175865
WT_O95674-2,O95674-2,15,204,T,0.0026123524
WT_O95674-2,O95674-2,15,205,W,0.0058384873
WT_O95674-2,O95674-2,15,206,E,0.0021628921
WT_O95674-2,O95674-2,15,207,G,0.0024814142
WT_O95674-2,O95674-2,15,208,F,0.004674157
WT_O95674-2,O95674-2,15,209,I,0.0011642339
WT_O95674-2,O95674-2,15,210,G,0.0018572022
WT_O95674-2,O95674-2,15,211,G,0.0018095311
WT_O95674-2,O95674-2,15,212,F,0.0032970957
WT_O95674-2,O95674-2,15,213,F,0.011289971
WT_O95674-2,O95674-2,15,214,A,0.005261787
WT_O95674-2,O95674-2,15,215,T,0.012353099
WT_O95674-2,O95674-2,15,216,V,0.0012926603
WT_O95674-2,O95674-2,15,217,V,0.0035673666
WT_O95674-2,O95674-2,15,218,F,0.009222266
WT_O95674-2,O95674-2,15,219,G,0.0017417411
WT_O95674-2,O95674-2,15,220,L,0.0020604492
WT_O95674-2,O95674-2,15,221,L,0.0025757898
WT_O95674-2,O95674-2,15,222,L,0.0035593759
WT_O95674-2,O95674-2,15,223,S,0.0013604007
WT_O95674-2,O95674-2,15,224,Y,0.0037341793
WT_O95674-2,O95674-2,15,225,V,0.004058329
WT_O95674-2,O95674-2,15,226,M,0.0031480505
WT_O95674-2,O95674-2,15,227,S,0.0014050838
WT_O95674-2,O95674-2,15,228,G,0.018580772
WT_O95674-2,O95674-2,15,229,Y,0.0024988225
WT_O95674-2,O95674-2,15,230,R,0.0048696348
WT_O95674-2,O95674-2,15,231,C,0.0067704995
WT_O95674-2,O95674-2,15,232,F,0.0017319738
WT_O95674-2,O95674-2,15,233,V,0.0009793374
WT_O95674-2,O95674-2,15,234,C,0.0029924684
WT_O95674-2,O95674-2,15,235,P,0.003576842
WT_O95674-2,O95674-2,15,236,V,0.002014033
WT_O95674-2,O95674-2,15,237,E,0.0014479762
WT_O95674-2,O95674-2,15,238,Y,0.0055652577
WT_O95674-2,O95674-2,15,239,N,0.005019651
WT_O95674-2,O95674-2,15,240,N,0.0077429786
WT_O95674-2,O95674-2,15,241,D,0.011851834
WT_O95674-2,O95674-2,15,242,T,0.0066219713
WT_O95674-2,O95674-2,15,243,N,0.0029862733
WT_O95674-2,O95674-2,15,244,S,0.030087154
WT_O95674-2,O95674-2,15,245,F,0.006973414
WT_O95674-2,O95674-2,15,246,T,0.020160917
WT_O95674-2,O95674-2,15,247,V,0.0072478387
WT_O95674-2,O95674-2,15,248,D,0.013545491
WT_O95674-2,O95674-2,15,249,C,0.012014512
WT_O95674-2,O95674-2,15,250,E,0.0029402098
WT_Q15722,Q15722,16,1,M,0.0016375947
WT_Q15722,Q15722,16,2,N,0.0031382875
WT_Q15722,Q15722,16,3,T,0.0019873483
WT_Q15722,Q15722,16,4,T,0.0016333202
WT_Q15722,Q15722,16,5,S,0.0017692915
WT_Q15722,Q15722,16,6,S,0.0013159317
WT_Q15722,Q15722,16,7,A,0.0030757443
WT_Q15722,Q15722,16,8,A,0.006777182
WT_Q15722,Q15722,16,9,P,0.0023451785
WT_Q15722,Q15722,16,10,P,0.0015411419
WT_Q15722,Q15722,16,11,S,0.0025699227
WT_Q15722,Q15722,16,12,L,0.0020748812
WT_Q15722,Q15722,16,13,G,0.0009896052
WT_Q15722,Q15722,16,14,V,0.0024135157
WT_Q15722,Q15722,16,15,E,0.0022604924
WT_Q15722,Q15722,16,16,F,0.0020256804
WT_Q15722,Q15722,16,17,I,0.0045748707
WT_Q15722,Q15722,16,18,S,0.0035544527
WT_Q15722,Q15722,16,19,L,0.0012942195
WT_Q15722,Q15722,16,20,L,0.0010222695
WT_Q15722,Q15722,16,21,A,0.0005980065
WT_Q15722,Q15722,16,22,I,0.00079935393
WT_Q15722,Q15722,16,23,I,0.0009388689
WT_Q15722,Q15722,16,24,L,0.0009416008
WT_Q15722,Q15722,16,25,L,0.0025996673
WT_Q15722,Q15722,16,26,S,0.0015069232
WT_Q15722,Q15722,16,27,V,0.0015349585
WT_Q15722,Q15722,16,28,A,0.002533847
WT_Q15722,Q15722,16,29,L,0.0009004455
WT_Q15722,Q15722,16,30,A,0.0021771707
WT_Q15722,Q15722,16,31,V,0.0012120425
WT_Q15722,Q15722,16,32,G,0.0007266608
WT_Q15722,Q15722,16,33,L,0.0010061216
WT_Q15722,Q15722,16,34,P,0.0036234634
WT_Q15722,Q15722,16,35,G,0.0009057601
WT_Q15722,Q15722,16,36,N,0.0010536911
WT_Q15722,Q15722,16,37,S,0.00129215
WT_Q15722,Q15722,16,38,F,0.0028159805
WT_Q15722,Q15722,16,39,V,0.0009040736
WT_Q15722,Q15722,16,40,V,0.0010532478
WT_Q15722,Q15722,16,41,W,0.0032162922
WT_Q15722,Q15722,16,42,S,0.0017680363
WT_Q15722,Q15722,16,43,I,0.0010404389
WT_Q15722,Q15722,16,44,L,0.0027100914
WT_Q15722,Q15722,16,45,K,0.0007833699
WT_Q15722,Q15722,16,46,R,0.00059281016
WT_Q15722,Q15722,16,47,M,0.0009814646
WT_Q15722,Q15722,16,48,Q,0.00076789927
WT_Q15722,Q15722,16,49,K,0.0005552137
WT_Q15722,Q15722,16,50,R,0.0010515895
WT_Q15722,Q15722,16,51,S,0.0023904054
WT_Q15722,Q15722,16,52,V,0.0013650565
WT_Q15722,Q15722,16,53,T,0.00065276667
WT_Q15722,Q15722,16,54,A,0.0014155739
WT_Q15722,Q15722,16,55,L,0.00050820503
WT_Q15722,Q15722,16,56,M,0.0011062397
WT_Q15722,Q15722,16,57,V,0.00078122463
WT_Q15722,Q15722,16,58,L,0.0010825965
WT_Q15722,Q15722,16,59,N,0.0009939031
WT_Q15722,Q15722,16,60,L,0.0008865805
WT_Q15722,Q15722,16,61,A,0.001066149
WT_Q15722,Q15722,16,62,L,0.0006667759
WT_Q15722,Q15722,16,63,A,0.0023124958
WT_Q15722,Q15722,16,64,D,0.001958222
WT_Q15722,Q15722,16,65,L,0.0011024248
WT_Q15722,Q15722,16,66,A,0.001976145
WT_Q15722,Q15722,16,67,V,0.0009157201
WT_Q15722,Q15722,16,68,L,0.097581424
WT_Q15722,Q15722,16,69,L,0.0011721816
WT_Q15722,Q15722,16,70,T,0.0046750857
WT_Q15722,Q15722,16,71,A,0.0021104717
WT_Q15722,Q15722,16,72,P,0.0014204156
WT_Q15722,Q15722,16,73,F,0.0022214004
WT_Q15722,Q15722,16,74,F,0.004410948
WT_Q15722,Q15722,16,75,L,0.0013170736
WT_Q15722,Q15722,16,76,H,0.0012968979
WT_Q15722,Q15722,16,77,F,0.010425578
WT_Q15722,Q15722,16,78,L,0.0011128032
WT_Q15722,Q15722,16,79,A,0.0017973755
WT_Q15722,Q15722,16,80,Q,0.0013521442
WT_Q15722,Q15722,16,81,G,0.003864996
WT_Q15722,Q15722,16,82,T,0.005383687
WT_Q15722,Q15722,16,83,W,0.0019510379
WT_Q15722,Q15722,16,84,S,0.011774629
WT_Q15722,Q15722,16,85,F,0.011699106
WT_Q15722,Q15722,16,86,G,0.0029388187
WT_Q15722,Q15722,16,87,L,0.00554955
WT_Q15722,Q15722,16,88,A,0.0026431768
WT_Q15722,Q15722,16,89,G,0.010181182
WT_Q15722,Q15722,16,90,C,0.011956132
WT_Q15722,Q15722,16,91,R,0.0028831176
WT_Q15722,Q15722,16,92,L,0.0015205168
WT_Q15722,Q15722,16,93,C,0.0014004039
WT_Q15722,Q15722,16,94,H,0.010770329
WT_Q15722,Q15722,16,95,Y,0.003082175
WT_Q15722,Q15722,16,96,V,0.001058191
WT_Q15722,Q15722,16,97,C,0.0014123139
WT_Q15722,Q15722,16,98,G,0.002512364
WT_Q15722,Q15722,16,99,V,0.004090127
WT_Q15722,Q15722,16,100,S,0.007606844
WT_Q15722,Q15722,16,101,M,0.00095866085
WT_Q15722,Q15722,16,102,Y,0.0017569504
WT_Q15722,Q15722,16,103,A,0.000834239
WT_Q15722,Q15722,16,104,S,0.00122531
WT_Q15722,Q15722,16,105,V,0.00070775556
WT_Q15722,Q15722,16,106,L,0.002287434
WT_Q15722,Q15722,16,107,L,0.024978027
WT_Q15722,Q15722,16,108,I,0.0045798738
WT_Q15722,Q15722,16,109,T,0.0022700178
WT_Q15722,Q15722,16,110,A,0.00083262037
WT_Q15722,Q15722,16,111,M,0.0011021969
WT_Q15722,Q15722,16,112,S,0.0012458242
WT_Q15722,Q15722,16,113,L,0.0006426035
WT_Q15722,Q15722,16,114,D,0.0023128893
WT_Q15722,Q15722,16,115,R,0.0010227306
WT_Q15722,Q15722,16,116,S,0.0015442339
WT_Q15722,Q15722,16,117,L,0.0007261583
WT_Q15722,Q15722,16,118,A,0.0013220932
WT_Q15722,Q15722,16,119,V,0.0010373951
WT_Q15722,Q15722,16,120,A,0.0015638293
WT_Q15722,Q15722,16,121,R,0.0014182561
WT_Q15722,Q15722,16,122,P,0.0010784181
WT_Q15722,Q15722,16,123,F,0.0017826363
WT_Q15722,Q15722,16,124,V,0.0012028855
WT_Q15722,Q15722,16,125,S,0.0012813482
WT_Q15722,Q15722,16,126,Q,0.0008019546
WT_Q15722,Q15722,16,127,K,0.00063921034
WT_Q15722,Q15722,16,128,L,0.0011632016
WT_Q15722,Q15722,16,129,R,0.00076884066
WT_Q15722,Q15722,16,130,T,0.0018683199
WT_Q15722,Q15722,16,131,K,0.001281315
WT_Q15722,Q15722,16,132,A,0.005611521
WT_Q15722,Q15722,16,133,M,0.0018716144
WT_Q15722,Q15722,16,134,A,0.000927356
WT_Q15722,Q15722,16,135,R,0.0012487216
WT_Q15722,Q15722,16,136,R,0.0010747175
WT_Q15722,Q15722,16,137,V,0.0010101477
WT_Q15722,Q15722,16,138,L,0.0012648184
WT_Q15722,Q15722,16,139,A,0.004736058
WT_Q15722,Q15722,16,140,G,0.0011896953
WT_Q15722,Q15722,16,141,I,0.0006316311
WT_Q15722,Q15722,16,142,W,0.0015764268
WT_Q15722,Q15722,16,143,V,0.0010216687
WT_Q15722,Q15722,16,144,L,0.0021646875
WT_Q15722,Q15722,16,145,S,0.006918759
WT_Q15722,Q15722,16,146,F,0.0015388825
WT_Q15722,Q15722,16,147,L,0.00197489
WT_Q15722,Q15722,16,148,L,0.0029998913
WT_Q15722,Q15722,16,149,A,0.0010058946
WT_Q15722,Q15722,16,150,T,0.0022489533
WT_Q15722,Q15722,16,151,P,0.002556195
WT_Q15722,Q15722,16,152,V,0.003871956
WT_Q15722,Q15722,16,153,L,0.004413851
WT_Q15722,Q15722,16,154,A,0.001609704
WT_Q15722,Q15722,16,155,Y,0.0018456922
WT_Q15722,Q15722,16,156,R,0.0010188514
WT_Q15722,Q15722,16,157,T,0.018380506
WT_Q15722,Q15722,16,158,V,0.0017119129
WT_Q15722,Q15722,16,159,V,0.0006121113
WT_Q15722,Q15722,16,160,P,0.0045667673
WT_Q15722,Q15722,16,161,W,0.0009862117
WT_Q15722,Q15722,16,162,K,0.00074865075
WT_Q15722,Q15722,16,163,T,0.0042830766
WT_Q15722,Q15722,16,164,N,0.005640366
WT_Q15722,Q15722,16,165,M,0.0059044585
WT_Q15722,Q15722,16,166,S,0.020677324
WT_Q15722,Q15722,16,167,L,0.0045463755
WT_Q15722,Q15722,16,168,C,0.0043842187
WT_Q15722,Q15722,16,169,F,0.009122709
WT_Q15722,Q15722,16,170,P,0.0023176346
WT_Q15722,Q15722,16,171,R,0.002931002
WT_Q15722,Q15722,16,172,Y,0.004973443
WT_Q15722,Q15722,16,173,P,0.0067767203
WT_Q15722,Q15722,16,174,S,0.0017327368
WT_Q15722,Q15722,16,175,E,0.0010849668
WT_Q15722,Q15722,16,176,G,0.0014186065
WT_Q15722,Q15722,16,177,H,0.0048988513
WT_Q15722,Q15722,16,178,R,0.0048150993
WT_Q15722,Q15722,16,179,A,0.0019629237
WT_Q15722,Q15722,16,180,F,0.008640767
WT_Q15722,Q15722,16,181,H,0.0017650824
WT_Q15722,Q15722,16,182,L,0.0012923471
WT_Q15722,Q15722,16,183,I,0.0014997951
WT_Q15722,Q15722,16,184,F,0.0011313776
WT_Q15722,Q15722,16,185,E,0.0014002455
WT_Q15722,Q15722,16,186,A,0.0011736717
WT_Q15722,Q15722,16,187,V,0.00068278756
WT_Q15722,Q15722,16,188,T,0.0017925574
WT_Q15722,Q15722,16,189,G,0.0010787145
WT_Q15722,Q15722,16,190,F,0.0018326229
WT_Q15722,Q15722,16,191,L,0.0010462389
WT_Q15722,Q15722,16,192,L,0.0010024441
WT_Q15722,Q15722,16,193,P,0.0012795008
WT_Q15722,Q15722,16,194,F,0.0060740183
WT_Q15722,Q15722,16,195,L,0.00090953533
WT_Q15722,Q15722,16,196,A,0.0035809823
WT_Q15722,Q15722,16,197,V,0.00398203
WT_Q15722,Q15722,16,198,V,0.0007494631
WT_Q15722,Q15722,16,199,A,0.0023975736
WT_Q15722,Q15722,16,200,S,0.007578617
WT_Q15722,Q15722,16,201,Y,0.0013092334
WT_Q15722,Q15722,16,202,S,0.0021772732
WT_Q15722,Q15722,16,203,D,0.0065202042
WT_Q15722,Q15722,16,204,I,0.0008784573
WT_Q15722,Q15722,16,205,G,0.0018656533
WT_Q15722,Q15722,16,206,R,0.002348209
WT_Q15722,Q15722,16,207,R,0.0010844084
WT_Q15722,Q15722,16,208,L,0.0017729821
WT_Q15722,Q15722,16,209,Q,0.0010436085
WT_Q15722,Q15722,16,210,A,0.006588682
WT_Q15722,Q15722,16,211,R,0.0014935646
WT_Q15722,Q15722,16,212,R,0.0019846745
WT_Q15722,Q15722,16,213,F,0.0018227802
WT_Q15722,Q15722,16,214,R,0.0013792464
WT_Q15722,Q15722,16,215,R,0.0005891918
WT_Q15722,Q15722,16,216,S,0.0018643001
WT_Q15722,Q15722,16,217,R,0.00094305223
WT_Q15722,Q15722,16,218,R,0.0008592711
WT_Q15722,Q15722,16,219,T,0.001356503
WT_Q15722,Q15722,16,220,G,0.0020986737
WT_Q15722,Q15722,16,221,R,0.0010683268
WT_Q15722,Q15722,16,222,L,0.001181493
WT_Q15722,Q15722,16,223,V,0.0010433526
WT_Q15722,Q15722,16,224,V,0.0010384307
WT_Q15722,Q15722,16,225,L,0.00086045836
WT_Q15722,Q15722,16,226,I,0.0016651109
WT_Q15722,Q15722,16,227,I,0.0010149948
WT_Q15722,Q15722,16,228,L,0.0012515904
WT_Q15722,Q15722,16,229,T,0.0011227407
WT_Q15722,Q15722,16,230,F,0.0010981249
WT_Q15722,Q15722,16,231,A,0.0017442267
WT_Q15722,Q15722,16,232,A,0.0030736977
WT_Q15722,Q15722,16,233,F,0.002266935
WT_Q15722,Q15722,16,234,W,0.0015297444
WT_Q15722,Q15722,16,235,L,0.0011477649
WT_Q15722,Q15722,16,236,P,0.0013664872
WT_Q15722,Q15722,16,237,Y,0.013418492
WT_Q15722,Q15722,16,238,H,0.006307082
WT_Q15722,Q15722,16,239,V,0.001636034
WT_Q15722,Q15722,16,240,V,0.0017386066
WT_Q15722,Q15722,16,241,N,0.0007497422
WT_Q15722,Q15722,16,242,L,0.0005234962
WT_Q15722,Q15722,16,243,A,0.0034332334
WT_Q15722,Q15722,16,244,E,0.0013594965
WT_Q15722,Q15722,16,245,A,0.002439199
WT_Q15722,Q15722,16,246,G,0.00073515746
WT_Q15722,Q15722,16,247,R,0.0024009866
WT_Q15722,Q15722,16,248,A,0.0024657266
WT_Q15722,Q15722,16,249,L,0.0020369228
WT_Q15722,Q15722,16,250,A,0.0020742589
WT_Q15722,Q15722,16,251,G,0.0019904347
WT_Q15722,Q15722,16,252,Q,0.0010226291
WT_Q15722,Q15722,16,253,A,0.0012847878
WT_Q15722,Q15722,16,254,A,0.0010774152
WT_Q15722,Q15722,16,255,G,0.0029863836
WT_Q15722,Q15722,16,256,L,0.0008892116
WT_Q15722,Q15722,16,257,G,0.0018556048
WT_Q15722,Q15722,16,258,L,0.0014496081
WT_Q15722,Q15722,16,259,V,0.0014829035
WT_Q15722,Q15722,16,260,G,0.0015583928
WT_Q15722,Q15722,16,261,K,0.0011181877
WT_Q15722,Q15722,16,262,R,0.0023956995
WT_Q15722,Q15722,16,263,L,0.016367016
WT_Q15722,Q15722,16,264,S,0.0010186124
WT_Q15722,Q15722,16,265,L,0.0016537242
WT_Q15722,Q15722,16,266,A,0.0026491205
WT_Q15722,Q15722,16,267,R,0.0017145782
WT_Q15722,Q15722,16,268,N,0.0013885982
WT_Q15722,Q15722,16,269,V,0.0014439838
WT_Q15722,Q15722,16,270,L,0.0004503348
WT_Q15722,Q15722,16,271,I,0.00095080875
WT_Q15722,Q15722,16,272,A,0.0016481063
WT_Q15722,Q15722,16,273,L,0.001770169
WT_Q15722,Q15722,16,274,A,0.0018984188
WT_Q15722,Q15722,16,275,F,0.0031915181
WT_Q15722,Q15722,16,276,L,0.001127294
WT_Q15722,Q15722,16,277,S,0.0015302014
WT_Q15722,Q15722,16,278,S,0.0025457214
WT_Q15722,Q15722,16,279,S,0.0012174433
WT_Q15722,Q15722,16,280,V,0.001154881
WT_Q15722,Q15722,16,281,N,0.0017234482
WT_Q15722,Q15722,16,282,P,0.0012587283
WT_Q15722,Q15722,16,283,V,0.0010640116
WT_Q15722,Q15722,16,284,L,0.0028739776
WT_Q15722,Q15722,16,285,Y,0.0007839358
WT_Q15722,Q15722,16,286,A,0.0012580566
WT_Q15722,Q15722,16,287,C,0.0015950275
WT_Q15722,Q15722,16,288,A,0.00083721103
WT_Q15722,Q15722,16,289,G,0.00060606725
WT_Q15722,Q15722,16,290,G,0.0027020085
WT_Q15722,Q15722,16,291,G,0.008468752
WT_Q15722,Q15722,16,292,L,0.0016212028
WT_Q15722,Q15722,16,293,L,0.0013202882
WT_Q15722,Q15722,16,294,R,0.00049789035
WT_Q15722,Q15722,16,295,S,0.0007905663
WT_Q15722,Q15722,16,296,A,0.0012116662
WT_Q15722,Q15722,16,297,G,0.0013669693
WT_Q15722,Q15722,16,298,V,0.00097652996
WT_Q15722,Q15722,16,299,G,0.002356062
WT_Q15722,Q15722,16,300,F,0.0021487055
WT_Q15722,Q15722,16,301,V,0.0007785995
WT_Q15722,Q15722,16,302,A,0.0021110745
WT_Q15722,Q15722,16,303,K,0.000581812
WT_Q15722,Q15722,16,304,L,0.0019445989
WT_Q15722,Q15722,16,305,L,0.001744459
WT_Q15722,Q15722,16,306,E,0.00052513863
WT_Q15722,Q15722,16,307,G,0.0012544165
WT_Q15722,Q15722,16,308,T,0.00086878816
WT_Q15722,Q15722,16,309,G,0.0008291036
WT_Q15722,Q15722,16,310,S,0.00410256
WT_Q15722,Q15722,16,311,E,0.0004264372
WT_Q15722,Q15722,16,312,A,0.0017075293
WT_Q15722,Q15722,16,313,S,0.0026989728
WT_Q15722,Q15722,16,314,S,0.0023464314
WT_Q15722,Q15722,16,315,T,0.0009921924
WT_Q15722,Q15722,16,316,R,0.001460455
WT_Q15722,Q15722,16,317,R,0.0016631351
WT_Q15722,Q15722,16,318,G,0.0013221712
WT_Q15722,Q15722,16,319,G,0.0014920891
WT_Q15722,Q15722,16,320,S,0.0015028391
WT_Q15722,Q15722,16,321,L,0.0011594683
WT_Q15722,Q15722,16,322,G,0.0023090981
WT_Q15722,Q15722,16,323,Q,0.0020263724
WT_Q15722,Q15722,16,324,T,0.0017292832
WT_Q15722,Q15722,16,325,A,0.0059826793
WT_Q15722,Q15722,16,326,R,0.0025019941
WT_Q15722,Q15722,16,327,S,0.0027476444
WT_Q15722,Q15722,16,328,G,0.0014436312
WT_Q15722,Q15722,16,329,P,0.003164564
WT_Q15722,Q15722,16,330,A,0.0020503837
WT_Q15722,Q15722,16,331,A,0.0037784628
WT_Q15722,Q15722,16,332,L,0.0036571845
WT_Q15722,Q15722,16,333,E,0.006372213
WT_Q15722,Q15722,16,334,P,0.0026306566
WT_Q15722,Q15722,16,335,G,0.0023652313
WT_Q15722,Q15722,16,336,P,0.0019524778
WT_Q15722,Q15722,16,337,S,0.00237244
WT_Q15722,Q15722,16,338,E,0.008789913
WT_Q15722,Q15722,16,339,S,0.0036409243
WT_Q15722,Q15722,16,340,L,0.002562761
WT_Q15722,Q15722,16,341,T,0.003804357
WT_Q15722,Q15722,16,342,A,0.005333979
WT_Q15722,Q15722,16,343,S,0.006386108
WT_Q15722,Q15722,16,344,S,0.005389676
WT_Q15722,Q15722,16,345,P,0.0069689606
WT_Q15722,Q15722,16,346,L,0.0050725136
WT_Q15722,Q15722,16,347,K,0.009861269
WT_Q15722,Q15722,16,348,L,0.0071774265
WT_Q15722,Q15722,16,349,N,0.004942787
WT_Q15722,Q15722,16,350,E,0.0070136907
WT_Q15722,Q15722,16,351,L,0.0044795317
WT_Q15722,Q15722,16,352,N,0.003032781
P41247_V48G,P41247,17,1,M,0.0028212825
P41247_V48G,P41247,17,2,K,0.010419627
P41247_V48G,P41247,17,3,H,0.002966223
P41247_V48G,P41247,17,4,I,0.0014793451
P41247_V48G,P41247,17,5,N,0.0045121675
P41247_V48G,P41247,17,6,L,0.0018895991
P41247_V48G,P41247,17,7,S,0.00706547
P41247_V48G,P41247,17,8,F,0.0069305105
P41247_V48G,P41247,17,9,A,0.016862122
P41247_V48G,P41247,17,10,A,0.0025179419
P41247_V48G,P41247,17,11,C,0.006513273
P41247_V48G,P41247,17,12,G,0.0017846628
P41247_V48G,P41247,17,13,F,0.00370077
P41247_V48G,P41247,17,14,L,0.016933661
P41247_V48G,P41247,17,15,G,0.0059948834
P41247_V48G,P41247,17,16,I,0.005606883
P41247_V48G,P41247,17,17,Y,0.005405798
P41247_V48G,P41247,17,18,H,0.062226973
P41247_V48G,P41247,17,19,L,0.005338643
P41247_V48G,P41247,17,20,G,0.0024068698
P41247_V48G,P41247,17,21,A,0.0064624255
P41247_V48G,P41247,17,22,A,0.0022333846
P41247_V48G,P41247,17,23,S,0.010307218
P41247_V48G,P41247,17,24,A,0.0031615044
P41247_V48G,P41247,17,25,L,0.0011950248
P41247_V48G,P41247,17,26,C,0.0032501167
P41247_V48G,P41247,17,27,R,0.0034118078
P41247_V48G,P41247,17,28,H,0.0012935767
P41247_V48G,P41247,17,29,G,0.002530365
P41247_V48G,P41247,17,30,K,0.0014468381
P41247_V48G,P41247,17,31,K,0.0017737178
P41247_V48G,P41247,17,32,L,0.0046236576
P41247_V48G,P41247,17,33,V,0.002517558
P41247_V48G,P41247,17,34,K,0.0015114232
P41247_V48G,P41247,17,35,D,0.010389632
P41247_V48G,P41247,17,36,V,0.004795775
P41247_V48G,P41247,17,37,K,0.0010454847
P41247_V48G,P41247,17,38,A,0.00093504443
P41247_V48G,P41247,17,39,F,0.0033429645
P41247_V48G,P41247,17,40,A,0.0017808842
P41247_V48G,P41247,17,41,G,0.0058231675
P41247_V48G,P41247,17,42,A,0.014017797
P41247_V48G,P41247,17,43,S,0.0037027653
P41247_V48G,P41247,17,44,A,0.0027189604
P41247_V48G,P41247,17,45,G,0.0023629796
P41247_V48G,P41247,17,46,S,0.0032576355
P41247_V48G,P41247,17,47,L,0.0041543674
P41247_V48G,P41247,17,48,G,0.007489489
P41247_V48G,P41247,17,49,A,0.002424105
P41247_V48G,P41247,17,50,S,0.0026079144
P41247_V48G,P41247,17,51,V,0.001445747
P41247_V48G,P41247,17,52,L,0.0023829695
P41247_V48G,P41247,17,53,L,0.0017070397
P41247_V48G,P41247,17,54,T,0.0027886315
P41247_V48G,P41247,17,55,A,0.0019349002
P41247_V48G,P41247,17,56,P,0.0026284216
P41247_V48G,P41247,17,57,E,0.0012377253
P41247_V48G,P41247,17,58,K,0.0010461302
P41247_V48G,P41247,17,59,I,0.0043297247
P41247_V48G,P41247,17,60,E,0.001291375
P41247_V48G,P41247,17,61,E,0.00281055
P41247_V48G,P41247,17,62,C,0.0029700997
P41247_V48G,P41247,17,63,N,0.0013554826
P41247_V48G,P41247,17,64,Q,0.0023175878
P41247_V48G,P41247,17,65,F,0.0047662123
P41247_V48G,P41247,17,66,T,0.011794208
P41247_V48G,P41247,17,67,Y,0.0043596365
P41247_V48G,P41247,17,68,K,0.0017518384
P41247_V48G,P41247,17,69,F,0.0038237488
P41247_V48G,P41247,17,70,A,0.001910579
P41247_V48G,P41247,17,71,E,0.0020484992
P41247_V48G,P41247,17,72,E,0.0010328838
P41247_V48G,P41247,17,73,I,0.0024414698
P41247_V48G,P41247,17,74,R,0.0015739267
P41247_V48G,P41247,17,75,R,0.004123851
P41247_V48G,P41247,17,76,Q,0.004564556
P41247_V48G,P41247,17,77,S,0.004930385
P41247_V48G,P41247,17,78,F,0.0019288938
P41247_V48G,P41247,17,79,G,0.00122677
P41247_V48G,P41247,17,80,A,0.031491097
P41247_V48G,P41247,17,81,V,0.0025320954
P41247_V48G,P41247,17,82,T,0.006829526
P41247_V48G,P41247,17,83,P,0.0017718108
P41247_V48G,P41247,17,84,G,0.0016922655
P41247_V48G,P41247,17,85,Y,0.0016285066
P41247_V48G,P41247,17,86,D,0.0029546656
P41247_V48G,P41247,17,87,F,0.0032118922
P41247_V48G,P41247,17,88,M,0.003753499
P41247_V48G,P41247,17,89,A,0.0015414006
P41247_V48G,P41247,17,90,R,0.0023958494
P41247_V48G,P41247,17,91,L,0.001811349
P41247_V48G,P41247,17,92,R,0.0014012097
P41247_V48G,P41247,17,93,S,0.0015511283
P41247_V48G,P41247,17,94,G,0.0043843077
P41247_V48G,P41247,17,95,M,0.009680143
P41247_V48G,P41247,17,96,E,0.0016781706
P41247_V48G,P41247,17,97,S,0.003040315
P41247_V48G,P41247,17,98,I,0.004230692
P41247_V48G,P41247,17,99,L,0.0015930681
P41247_V48G,P41247,17,100,P,0.001377364
P41247_V48G,P41247,17,101,P,0.0019051586
P41247_V48G,P41247,17,102,S,0.0026312163
P41247_V48G,P41247,17,103,A,0.0027124318
P41247_V48G,P41247,17,104,H,0.0018070637
P41247_V48G,P41247,17,105,E,0.0011473012
P41247_V48G,P41247,17,106,L,0.0018950254
P41247_V48G,P41247,17,107,A,0.0068224836
P41247_V48G,P41247,17,108,Q,0.0038633337
P41247_V48G,P41247,17,109,N,0.0010698164
P41247_V48G,P41247,17,110,R,0.0022190427
P41247_V48G,P41247,17,111,L,0.0011929496
P41247_V48G,P41247,17,112,H,0.002626052
P41247_V48G,P41247,17,113,V,0.001910979
P41247_V48G,P41247,17,114,S,0.004920482
P41247_V48G,P41247,17,115,I,0.001449764
P41247_V48G,P41247,17,116,T,0.0028247854
P41247_V48G,P41247,17,117,N,0.007438949
P41247_V48G,P41247,17,118,A,0.010899595
P41247_V48G,P41247,17,119,K,0.010532138
P41247_V48G,P41247,17,120,T,0.007082226
P41247_V48G,P41247,17,121,R,0.002990133
P41247_V48G,P41247,17,122,E,0.0023081647
P41247_V48G,P41247,17,123,N,0.0042184275
P41247_V48G,P41247,17,124,H,0.0046717217
P41247_V48G,P41247,17,125,L,0.0095994985
P41247_V48G,P41247,17,126,V,0.0014798043
P41247_V48G,P41247,17,127,S,0.0023840037
P41247_V48G,P41247,17,128,T,0.0010420318
P41247_V48G,P41247,17,129,F,0.0032627261
P41247_V48G,P41247,17,130,S,0.0022545683
P41247_V48G,P41247,17,131,S,0.0021208958
P41247_V48G,P41247,17,132,R,0.0020204969
P41247_V48G,P41247,17,133,E,0.0011152206
P41247_V48G,P41247,17,134,D,0.003620495
P41247_V48G,P41247,17,135,L,0.0013404706
P41247_V48G,P41247,17,136,I,0.0014230494
P41247_V48G,P41247,17,137,K,0.0012553862
P41247_V48G,P41247,17,138,V,0.0009827341
P41247_V48G,P41247,17,139,L,0.0053184098
P41247_V48G,P41247,17,140,L,0.0023196463
P41247_V48G,P41247,17,141,A,0.005523983
P41247_V48G,P41247,17,142,S,0.00709415
P41247_V48G,P41247,17,143,S,0.0065534473
P41247_V48G,P41247,17,144,F,0.006113737
P41247_V48G,P41247,17,145,V,0.0011728408
P41247_V48G,P41247,17,146,P,0.0013107032
P41247_V48G,P41247,17,147,I,0.0028661038
P41247_V48G,P41247,17,148,Y,0.003111615
P41247_V48G,P41247,17,149,A,0.012007065
P41247_V48G,P41247,17,150,G,0.0033523033
P41247_V48G,P41247,17,151,L,0.004616054
P41247_V48G,P41247,17,152,K,0.00161634
P41247_V48G,P41247,17,153,L,0.0047337036
P41247_V48G,P41247,17,154,V,0.0038736314
P41247_V48G,P41247,17,155,E,0.006509881
P41247_V48G,P41247,17,156,Y,0.009610899
P41247_V48G,P41247,17,157,K,0.007227977
P41247_V48G,P41247,17,158,G,0.0051726294
P41247_V48G,P41247,17,159,Q,0.001818962
P41247_V48G,P41247,17,160,K,0.0023158747
P41247_V48G,P41247,17,161,W,0.003678595
P41247_V48G,P41247,17,162,V,0.0029650272
P41247_V48G,P41247,17,163,D,0.02895967
P41247_V48G,P41247,17,164,G,0.0012308314
P41247_V48G,P41247,17,165,G,0.0012463321
P41247_V48G,P41247,17,166,L,0.006034349
P41247_V48G,P41247,17,167,T,0.001584764
P41247_V48G,P41247,17,168,N,0.001002701
P41247_V48G,P41247,17,169,A,0.0028812718
P41247_V48G,P41247,17,170,L,0.00789339
P41247_V48G,P41247,17,171,P,0.0042234953
P41247_V48G,P41247,17,172,I,0.0015398519
P41247_V48G,P41247,17,173,L,0.0025972596
P41247_V48G,P41247,17,174,P,0.0027628997
P41247_V48G,P41247,17,175,V,0.0020366716
P41247_V48G,P41247,17,176,G,0.0017336432
P41247_V48G,P41247,17,177,R,0.003693013
P41247_V48G,P41247,17,178,T,0.002528686
P41247_V48G,P41247,17,179,V,0.0032299233
P41247_V48G,P41247,17,180,T,0.0010313571
P41247_V48G,P41247,17,181,I,0.001056886
P41247_V48G,P41247,17,182,S,0.0054554576
P41247_V48G,P41247,17,183,P,0.0012534293
P41247_V48G,P41247,17,184,F,0.0013364803
P41247_V48G,P41247,17,185,S,0.004299767
P41247_V48G,P41247,17,186,G,0.0008804451
P41247_V48G,P41247,17,187,R,0.0019906836
P41247_V48G,P41247,17,188,L,0.0020326814
P41247_V48G,P41247,17,189,D,0.0028441765
P41247_V48G,P41247,17,190,I,0.0011013105
P41247_V48G,P41247,17,191,S,0.0096946275
P41247_V48G,P41247,17,192,P,0.0018972388
P41247_V48G,P41247,17,193,Q,0.0015105428
P41247_V48G,P41247,17,194,D,0.0016402989
P41247_V48G,P41247,17,195,K,0.0018260137
P41247_V48G,P41247,17,196,G,0.0014411601
P41247_V48G,P41247,17,197,Q,0.0026471268
P41247_V48G,P41247,17,198,L,0.0016412762
P41247_V48G,P41247,17,199,D,0.004786393
P41247_V48G,P41247,17,200,L,0.0012342491
P41247_V48G,P41247,17,201,Y,0.004561727
P41247_V48G,P41247,17,202,V,0.0014652195
P41247_V48G,P41247,17,203,N,0.0018096638
P41247_V48G,P41247,17,204,I,0.003041102
P41247_V48G,P41247,17,205,A,0.0034092022
P41247_V48G,P41247,17,206,K,0.002674466
P41247_V48G,P41247,17,207,Q,0.0027663603
P41247_V48G,P41247,17,208,D,0.011117717
P41247_V48G,P41247,17,209,I,0.0013170639
P41247_V48G,P41247,17,210,M,0.0033775012
P41247_V48G,P41247,17,211,L,0.0036715295
P41247_V48G,P41247,17,212,S,0.0023793029
P41247_V48G,P41247,17,213,L,0.0010598141
P41247_V48G,P41247,17,214,A,0.002207408
P41247_V48G,P41247,17,215,N,0.0030712476
P41247_V48G,P41247,17,216,L,0.0014500023
P41247_V48G,P41247,17,217,V,0.0010281176
P41247_V48G,P41247,17,218,R,0.0013595144
P41247_V48G,P41247,17,219,L,0.002381977
P41247_V48G,P41247,17,220,N,0.002805093
P41247_V48G,P41247,17,221,Q,0.0024925855
P41247_V48G,P41247,17,222,A,0.0027571975
P41247_V48G,P41247,17,223,L,0.0015490288
P41247_V48G,P41247,17,224,F,0.003911307
P41247_V48G,P41247,17,225,P,0.00096963905
P41247_V48G,P41247,17,226,P,0.0025756126
P41247_V48G,P41247,17,227,S,0.0055425684
P41247_V48G,P41247,17,228,K,0.0028140803
P41247_V48G,P41247,17,229,R,0.002125272
P41247_V48G,P41247,17,230,K,0.0019772989
P41247_V48G,P41247,17,231,M,0.0014965478
P41247_V48G,P41247,17,232,E,0.0012690137
P41247_V48G,P41247,17,233,S,0.016237227
P41247_V48G,P41247,17,234,L,0.0056805178
P41247_V48G,P41247,17,235,Y,0.0062117972
P41247_V48G,P41247,17,236,Q,0.00095724524
P41247_V48G,P41247,17,237,C,0.0068138437
P41247_V48G,P41247,17,238,G,0.005929047
P41247_V48G,P41247,17,239,F,0.0010351506
P41247_V48G,P41247,17,240,D,0.007488687
P41247_V48G,P41247,17,241,D,0.0048926324
P41247_V48G,P41247,17,242,T,0.0025837827
P41247_V48G,P41247,17,243,V,0.0022616684
P41247_V48G,P41247,17,244,K,0.001580103
P41247_V48G,P41247,17,245,F,0.0034104784
P41247_V48G,P41247,17,246,L,0.0027117894
P41247_V48G,P41247,17,247,L,0.0015012978
P41247_V48G,P41247,17,248,K,0.0022555054
P41247_V48G,P41247,17,249,E,0.0023490337
P41247_V48G,P41247,17,250,N,0.0021200853
P41247_V48G,P41247,17,251,W,0.0061221076
P41247_V48G,P41247,17,252,F,0.0029034792
P41247_V48G,P41247,17,253,E,0.0027972348
Q6UWP8_A419G,Q6UWP8,18,1,M,0.0008111313
Q6UWP8_A419G,Q6UWP8,18,2,H,0.0016375944
Q6UWP8_A419G,Q6UWP8,18,3,L,0.0015147083
Q6UWP8_A419G,Q6UWP8,18,4,A,0.0035414065
Q6UWP8_A419G,Q6UWP8,18,5,R,0.0020675391
Q6UWP8_A419G,Q6UWP8,18,6,L,0.0019340775
Q6UWP8_A419G,Q6UWP8,18,7,V,0.0012534211
Q6UWP8_A419G,Q6UWP8,18,8,G,0.005652337
Q6UWP8_A419G,Q6UWP8,18,9,S,0.0071592573
Q6UWP8_A419G,Q6UWP8,18,10,C,0.0074497918
Q6UWP8_A419G,Q6UWP8,18,11,S,0.010549991
Q6UWP8_A419G,Q6UWP8,18,12,L,0.0018850529
Q6UWP8_A419G,Q6UWP8,18,13,L,0.001267245
Q6UWP8_A419G,Q6UWP8,18,14,L,0.0013038258
Q6UWP8_A419G,Q6UWP8,18,15,L,0.0014691537
Q6UWP8_A419G,Q6UWP8,18,16,L,0.00095389254
Q6UWP8_A419G,Q6UWP8,18,17,G,0.001854376
Q6UWP8_A419G,Q6UWP8,18,18,A,0.0018875402
Q6UWP8_A419G,Q6UWP8,18,19,L,0.0007321716
Q6UWP8_A419G,Q6UWP8,18,20,S,0.0011244032
Q6UWP8_A419G,Q6UWP8,18,21,G,0.0009349241
Q6UWP8_A419G,Q6UWP8,18,22,W,0.0009819523
Q6UWP8_A419G,Q6UWP8,18,23,A,0.0013027898
Q6UWP8_A419G,Q6UWP8,18,24,A,0.0026312745
Q6UWP8_A419G,Q6UWP8,18,25,S,0.0050404617
Q6UWP8_A419G,Q6UWP8,18,26,D,0.00812491
Q6UWP8_A419G,Q6UWP8,18,27,D,0.0039532743
Q6UWP8_A419G,Q6UWP8,18,28,P,0.015540278
Q6UWP8_A419G,Q6UWP8,18,29,I,0.0068063457
Q6UWP8_A419G,Q6UWP8,18,30,E,0.0014031501
Q6UWP8_A419G,Q6UWP8,18,31,K,0.00097197155
Q6UWP8_A419G,Q6UWP8,18,32,V,0.0014032876
Q6UWP8_A419G,Q6UWP8,18,33,I,0.002818113
Q6UWP8_A419G,Q6UWP8,18,34,E,0.00082050206
Q6UWP8_A419G,Q6UWP8,18,35,G,0.0032667117
Q6UWP8_A419G,Q6UWP8,18,36,I,0.0018890569
Q6UWP8_A419G,Q6UWP8,18,37,N,0.0009778657
Q6UWP8_A419G,Q6UWP8,18,38,R,0.0011258252
Q6UWP8_A419G,Q6UWP8,18,39,G,0.0014797705
Q6UWP8_A419G,Q6UWP8,18,40,L,0.0028329557
Q6UWP8_A419G,Q6UWP8,18,41,S,0.0006505194
Q6UWP8_A419G,Q6UWP8,18,42,N,0.0013456163
Q6UWP8_A419G,Q6UWP8,18,43,A,0.0024438044
Q6UWP8_A419G,Q6UWP8,18,44,E,0.00056358567
Q6UWP8_A419G,Q6UWP8,18,45,R,0.00057602924
Q6UWP8_A419G,Q6UWP8,18,46,E,0.0010924784
Q6UWP8_A419G,Q6UWP8,18,47,V,0.001218411
Q6UWP8_A419G,Q6UWP8,18,48,G,0.0012829265
Q6UWP8_A419G,Q6UWP8,18,49,K,0.0006522543
Q6UWP8_A419G,Q6UWP8,18,50,A,0.0020793716
Q6UWP8_A419G,Q6UWP8,18,51,L,0.0010834646
Q6UWP8_A419G,Q6UWP8,18,52,D,0.0021355986
Q6UWP8_A419G,Q6UWP8,18,53,G,0.003776662
Q6UWP8_A419G,Q6UWP8,18,54,I,0.00091552315
Q6UWP8_A419G,Q6UWP8,18,55,N,0.0009699749
Q6UWP8_A419G,Q6UWP8,18,56,S,0.0013481197
Q6UWP8_A419G,Q6UWP8,18,57,G,0.0018828533
Q6UWP8_A419G,Q6UWP8,18,58,I,0.0013178083
Q6UWP8_A419G,Q6UWP8,18,59,T,0.0014722489
Q6UWP8_A419G,Q6UWP8,18,60,H,0.00060704397
Q6UWP8_A419G,Q6UWP8,18,61,A,0.002350468
Q6UWP8_A419G,Q6UWP8,18,62,G,0.01697285
Q6UWP8_A419G,Q6UWP8,18,63,R,0.00063327665
Q6UWP8_A419G,Q6UWP8,18,64,E,0.001222694
Q6UWP8_A419G,Q6UWP8,18,65,V,0.0010620697
Q6UWP8_A419G,Q6UWP8,18,66,E,0.0006850446
Q6UWP8_A419G,Q6UWP8,18,67,K,0.00079060154
Q6UWP8_A419G,Q6UWP8,18,68,V,0.0012698186
Q6UWP8_A419G,Q6UWP8,18,69,F,0.000986424
Q6UWP8_A419G,Q6UWP8,18,70,N,0.0006300993
Q6UWP8_A419G,Q6UWP8,18,71,G,0.0028006826
Q6UWP8_A419G,Q6UWP8,18,72,L,0.0010299096
Q6UWP8_A419G,Q6UWP8,18,73,S,0.0016594402
Q6UWP8_A419G,Q6UWP8,18,74,N,0.0008582151
Q6UWP8_A419G,Q6UWP8,18,75,M,0.0051735253
Q6UWP8_A419G,Q6UWP8,18,76,G,0.0020536215
Q6UWP8_A419G,Q6UWP8,18,77,S,0.00088706776
Q6UWP8_A419G,Q6UWP8,18,78,H,0.00060446
Q6UWP8_A419G,Q6UWP8,18,79,T,0.0024906683
Q6UWP8_A419G,Q6UWP8,18,80,G,0.0021394906
Q6UWP8_A419G,Q6UWP8,18,81,K,0.0007571206
Q6UWP8_A419G,Q6UWP8,18,82,E,0.00097177573
Q6UWP8_A419G,Q6UWP8,18,83,L,0.000992424
Q6UWP8_A419G,Q6UWP8,18,84,D,0.0020793984
Q6UWP8_A419G,Q6UWP8,18,85,K,0.0006516991
Q6UWP8_A419G,Q6UWP8,18,86,G,0.0029356955
Q6UWP8_A419G,Q6UWP8,18,87,V,0.0008465582
Q6UWP8_A419G,Q6UWP8,18,88,Q,0.00053756783
Q6UWP8_A419G,Q6UWP8,18,89,G,0.0017987491
Q6UWP8_A419G,Q6UWP8,18,90,L,0.0015724135
Q6UWP8_A419G,Q6UWP8,18,91,N,0.0006107046
Q6UWP8_A419G,Q6UWP8,18,92,H,0.00069493504
Q6UWP8_A419G,Q6UWP8,18,93,G,0.005788185
Q6UWP8_A419G,Q6UWP8,18,94,M,0.0017727235
Q6UWP8_A419G,Q6UWP8,18,95,D,0.0012509397
Q6UWP8_A419G,Q6UWP8,18,96,K,0.0006979371
Q6UWP8_A419G,Q6UWP8,18,97,V,0.00092705555
Q6UWP8_A419G,Q6UWP8,18,98,A,0.0014178122
Q6UWP8_A419G,Q6UWP8,18,99,H,0.00072702207
Q6UWP8_A419G,Q6UWP8,18,100,E,0.0046920516
Q6UWP8_A419G,Q6UWP8,18,101,I,0.0020533304
Q6UWP8_A419G,Q6UWP8,18,102,N,0.0008006971
Q6UWP8_A419G,Q6UWP8,18,103,H,0.0009429034
Q6UWP8_A419G,Q6UWP8,18,104,G,0.0045559704
Q6UWP8_A419G,Q6UWP8,18,105,I,0.0014470275
Q6UWP8_A419G,Q6UWP8,18,106,G,0.0014613474
Q6UWP8_A419G,Q6UWP8,18,107,Q,0.00067355577
Q6UWP8_A419G,Q6UWP8,18,108,A,0.0021078228
Q6UWP8_A419G,Q6UWP8,18,109,G,0.0022373928
Q6UWP8_A419G,Q6UWP8,18,110,K,0.0006405661
Q6UWP8_A419G,Q6UWP8,18,111,E,0.00060906244
Q6UWP8_A419G,Q6UWP8,18,112,A,0.001884713
Q6UWP8_A419G,Q6UWP8,18,113,E,0.0007380712
Q6UWP8_A419G,Q6UWP8,18,114,K,0.0007264959
Q6UWP8_A419G,Q6UWP8,18,115,L,0.0025048477
Q6UWP8_A419G,Q6UWP8,18,116,G,0.0011287453
Q6UWP8_A419G,Q6UWP8,18,117,H,0.0021758373
Q6UWP8_A419G,Q6UWP8,18,118,G,0.0013025207
Q6UWP8_A419G,Q6UWP8,18,119,V,0.0010193788
Q6UWP8_A419G,Q6UWP8,18,120,N,0.00082838483
Q6UWP8_A419G,Q6UWP8,18,121,N,0.00097122963
Q6UWP8_A419G,Q6UWP8,18,122,A,0.0029168646
Q6UWP8_A419G,Q6UWP8,18,123,A,0.0017374569
Q6UWP8_A419G,Q6UWP8,18,124,G,0.0006512938
Q6UWP8_A419G,Q6UWP8,18,125,Q,0.00058021175
Q6UWP8_A419G,Q6UWP8,18,126,V,0.0009575849
Q6UWP8_A419G,Q6UWP8,18,127,G,0.0011098204
Q6UWP8_A419G,Q6UWP8,18,128,K,0.00058756524
Q6UWP8_A419G,Q6UWP8,18,129,E,0.0005883899
Q6UWP8_A419G,Q6UWP8,18,130,A,0.004793715
Q6UWP8_A419G,Q6UWP8,18,131,D,0.001443997
Q6UWP8_A419G,Q6UWP8,18,132,K,0.00060939044
Q6UWP8_A419G,Q6UWP8,18,133,L,0.0015462043
Q6UWP8_A419G,Q6UWP8,18,134,I,0.0030005248
Q6UWP8_A419G,Q6UWP8,18,135,H,0.0009750091
Q6UWP8_A419G,Q6UWP8,18,136,H,0.0006896984
Q6UWP8_A419G,Q6UWP8,18,137,G,0.007942046
Q6UWP8_A419G,Q6UWP8,18,138,V,0.0011692669
Q6UWP8_A419G,Q6UWP8,18,139,H,0.0011875844
Q6UWP8_A419G,Q6UWP8,18,140,H,0.0012204048
Q6UWP8_A419G,Q6UWP8,18,141,G,0.008116264
Q6UWP8_A419G,Q6UWP8,18,142,A,0.004402644
Q6UWP8_A419G,Q6UWP8,18,143,N,0.0011695862
Q6UWP8_A419G,Q6UWP8,18,144,Q,0.0005859429
Q6UWP8_A419G,Q6UWP8,18,145,A,0.0015577143
Q6UWP8_A419G,Q6UWP8,18,146,G,0.00086767256
Q6UWP8_A419G,Q6UWP8,18,147,S,0.0009501549
Q6UWP8_A419G,Q6UWP8,18,148,E,0.00070248096
Q6UWP8_A419G,Q6UWP8,18,149,A,0.0018542674
Q6UWP8_A419G,Q6UWP8,18,150,G,0.0006101658
Q6UWP8_A419G,Q6UWP8,18,151,K,0.00068904186
Q6UWP8_A419G,Q6UWP8,18,152,F,0.0011814847
Q6UWP8_A419G,Q6UWP8,18,153,G,0.0005137111
Q6UWP8_A419G,Q6UWP8,18,154,Q,0.0011520575
Q6UWP8_A419G,Q6UWP8,18,155,G,0.00077113364
Q6UWP8_A419G,Q6UWP8,18,156,V,0.0008648805
Q6UWP8_A419G,Q6UWP8,18,157,D,0.0028622318
Q6UWP8_A419G,Q6UWP8,18,158,N,0.0014571748
Q6UWP8_A419G,Q6UWP8,18,159,A,0.0018446625
Q6UWP8_A419G,Q6UWP8,18,160,A,0.0017275882
Q6UWP8_A419G,Q6UWP8,18,161,G,0.0006767521
Q6UWP8_A419G,Q6UWP8,18,162,Q,0.0009868551
Q6UWP8_A419G,Q6UWP8,18,163,A,0.0012640152
Q6UWP8_A419G,Q6UWP8,18,164,G,0.00055596273
Q6UWP8_A419G,Q6UWP8,18,165,N,0.0006441035
Q6UWP8_A419G,Q6UWP8,18,166,E,0.00066658005
Q6UWP8_A419G,Q6UWP8,18,167,A,0.0010779032
Q6UWP8_A419G,Q6UWP8,18,168,G,0.0006068769
Q6UWP8_A419G,Q6UWP8,18,169,R,0.0006178424
Q6UWP8_A419G,Q6UWP8,18,170,F,0.0011222443
Q6UWP8_A419G,Q6UWP8,18,171,G,0.0005525399
Q6UWP8_A419G,Q6UWP8,18,172,Q,0.0017137474
Q6UWP8_A419G,Q6UWP8,18,173,G,0.00075164746
Q6UWP8_A419G,Q6UWP8,18,174,V,0.0010457265
Q6UWP8_A419G,Q6UWP8,18,175,H,0.003564336
Q6UWP8_A419G,Q6UWP8,18,176,H,0.0069863363
Q6UWP8_A419G,Q6UWP8,18,177,A,0.0011042523
Q6UWP8_A419G,Q6UWP8,18,178,A,0.0012436286
Q6UWP8_A419G,Q6UWP8,18,179,G,0.0006607866
Q6UWP8_A419G,Q6UWP8,18,180,Q,0.0009637334
Q6UWP8_A419G,Q6UWP8,18,181,A,0.0011661667
Q6UWP8_A419G,Q6UWP8,18,182,G,0.0005859275
Q6UWP8_A419G,Q6UWP8,18,183,N,0.00079904776
Q6UWP8_A419G,Q6UWP8,18,184,E,0.0006233506
Q6UWP8_A419G,Q6UWP8,18,185,A,0.0009038003
Q6UWP8_A419G,Q6UWP8,18,186,G,0.0005826559
Q6UWP8_A419G,Q6UWP8,18,187,R,0.00059835037
Q6UWP8_A419G,Q6UWP8,18,188,F,0.0009901898
Q6UWP8_A419G,Q6UWP8,18,189,G,0.0005927596
Q6UWP8_A419G,Q6UWP8,18,190,Q,0.0025009734
Q6UWP8_A419G,Q6UWP8,18,191,G,0.0008183524
Q6UWP8_A419G,Q6UWP8,18,192,V,0.0010186349
Q6UWP8_A419G,Q6UWP8,18,193,H,0.004976506
Q6UWP8_A419G,Q6UWP8,18,194,H,0.010099744
Q6UWP8_A419G,Q6UWP8,18,195,A,0.0011496001
Q6UWP8_A419G,Q6UWP8,18,196,A,0.0010655288
Q6UWP8_A419G,Q6UWP8,18,197,G,0.0006505633
Q6UWP8_A419G,Q6UWP8,18,198,Q,0.0011265196
Q6UWP8_A419G,Q6UWP8,18,199,A,0.0012679743
Q6UWP8_A419G,Q6UWP8,18,200,G,0.000579763
Q6UWP8_A419G,Q6UWP8,18,201,N,0.000892375
Q6UWP8_A419G,Q6UWP8,18,202,E,0.00062228634
Q6UWP8_A419G,Q6UWP8,18,203,A,0.0009893583
Q6UWP8_A419G,Q6UWP8,18,204,G,0.00058402435
Q6UWP8_A419G,Q6UWP8,18,205,R,0.00061111676
Q6UWP8_A419G,Q6UWP8,18,206,F,0.00091400725
Q6UWP8_A419G,Q6UWP8,18,207,G,0.0005432721
Q6UWP8_A419G,Q6UWP8,18,208,Q,0.002121296
Q6UWP8_A419G,Q6UWP8,18,209,G,0.00084670284
Q6UWP8_A419G,Q6UWP8,18,210,A,0.0035553905
Q6UWP8_A419G,Q6UWP8,18,211,H,0.0027058756
Q6UWP8_A419G,Q6UWP8,18,212,H,0.0035256846
Q6UWP8_A419G,Q6UWP8,18,213,G,0.0008444036
Q6UWP8_A419G,Q6UWP8,18,214,L,0.0011198784
Q6UWP8_A419G,Q6UWP8,18,215,S,0.0019252069
Q6UWP8_A419G,Q6UWP8,18,216,E,0.0019416854
Q6UWP8_A419G,Q6UWP8,18,217,G,0.00058536796
Q6UWP8_A419G,Q6UWP8,18,218,W,0.000946171
Q6UWP8_A419G,Q6UWP8,18,219,K,0.0007001365
Q6UWP8_A419G,Q6UWP8,18,220,E,0.0012681886
Q6UWP8_A419G,Q6UWP8,18,221,T,0.0019319818
Q6UWP8_A419G,Q6UWP8,18,222,E,0.0010896714
Q6UWP8_A419G,Q6UWP8,18,223,K,0.00077504374
Q6UWP8_A419G,Q6UWP8,18,224,F,0.0009638032
Q6UWP8_A419G,Q6UWP8,18,225,G,0.000531656
Q6UWP8_A419G,Q6UWP8,18,226,Q,0.002353745
Q6UWP8_A419G,Q6UWP8,18,227,G,0.0006862893
Q6UWP8_A419G,Q6UWP8,18,228,I,0.0014795634
Q6UWP8_A419G,Q6UWP8,18,229,H,0.00325422
Q6UWP8_A419G,Q6UWP8,18,230,H,0.0068251803
Q6UWP8_A419G,Q6UWP8,18,231,A,0.002805722
Q6UWP8_A419G,Q6UWP8,18,232,A,0.0013295313
Q6UWP8_A419G,Q6UWP8,18,233,G,0.0007940775
Q6UWP8_A419G,Q6UWP8,18,234,Q,0.0015153553
Q6UWP8_A419G,Q6UWP8,18,235,V,0.000680266
Q6UWP8_A419G,Q6UWP8,18,236,G,0.000534149
Q6UWP8_A419G,Q6UWP8,18,237,K,0.0006602314
Q6UWP8_A419G,Q6UWP8,18,238,E,0.0010851218
Q6UWP8_A419G,Q6UWP8,18,239,A,0.0012962313
Q6UWP8_A419G,Q6UWP8,18,240,E,0.0008574251
Q6UWP8_A419G,Q6UWP8,18,241,K,0.00075892283
Q6UWP8_A419G,Q6UWP8,18,242,F,0.0010621478
Q6UWP8_A419G,Q6UWP8,18,243,G,0.00049015175
Q6UWP8_A419G,Q6UWP8,18,244,Q,0.0014425092
Q6UWP8_A419G,Q6UWP8,18,245,G,0.00072704046
Q6UWP8_A419G,Q6UWP8,18,246,A,0.003575844
Q6UWP8_A419G,Q6UWP8,18,247,H,0.0042753103
Q6UWP8_A419G,Q6UWP8,18,248,H,0.004952661
Q6UWP8_A419G,Q6UWP8,18,249,A,0.0009803596
Q6UWP8_A419G,Q6UWP8,18,250,A,0.0009035815
Q6UWP8_A419G,Q6UWP8,18,251,G,0.0006812186
Q6UWP8_A419G,Q6UWP8,18,252,Q,0.0011202709
Q6UWP8_A419G,Q6UWP8,18,253,A,0.0010389608
Q6UWP8_A419G,Q6UWP8,18,254,G,0.0005593971
Q6UWP8_A419G,Q6UWP8,18,255,N,0.0009161005
Q6UWP8_A419G,Q6UWP8,18,256,E,0.00064888655
Q6UWP8_A419G,Q6UWP8,18,257,A,0.00094402133
Q6UWP8_A419G,Q6UWP8,18,258,G,0.000596597
Q6UWP8_A419G,Q6UWP8,18,259,R,0.00059249596
Q6UWP8_A419G,Q6UWP8,18,260,F,0.001023474
Q6UWP8_A419G,Q6UWP8,18,261,G,0.0005872539
Q6UWP8_A419G,Q6UWP8,18,262,Q,0.0032523845
Q6UWP8_A419G,Q6UWP8,18,263,G,0.00075105164
Q6UWP8_A419G,Q6UWP8,18,264,V,0.0010228063
Q6UWP8_A419G,Q6UWP8,18,265,H,0.004100901
Q6UWP8_A419G,Q6UWP8,18,266,H,0.0044329586
Q6UWP8_A419G,Q6UWP8,18,267,G,0.0008546356
Q6UWP8_A419G,Q6UWP8,18,268,L,0.0015808274
Q6UWP8_A419G,Q6UWP8,18,269,S,0.0019666527
Q6UWP8_A419G,Q6UWP8,18,270,E,0.0020536298
Q6UWP8_A419G,Q6UWP8,18,271,G,0.0005844372
Q6UWP8_A419G,Q6UWP8,18,272,W,0.0009664437
Q6UWP8_A419G,Q6UWP8,18,273,K,0.00072439417
Q6UWP8_A419G,Q6UWP8,18,274,E,0.0014573456
Q6UWP8_A419G,Q6UWP8,18,275,T,0.001921206
Q6UWP8_A419G,Q6UWP8,18,276,E,0.0013100966
Q6UWP8_A419G,Q6UWP8,18,277,K,0.00080931635
Q6UWP8_A419G,Q6UWP8,18,278,F,0.0010170978
Q6UWP8_A419G,Q6UWP8,18,279,G,0.00054737675
Q6UWP8_A419G,Q6UWP8,18,280,Q,0.003558721
Q6UWP8_A419G,Q6UWP8,18,281,G,0.0007619198
Q6UWP8_A419G,Q6UWP8,18,282,V,0.0014494787
Q6UWP8_A419G,Q6UWP8,18,283,H,0.004844826
Q6UWP8_A419G,Q6UWP8,18,284,H,0.007897568
Q6UWP8_A419G,Q6UWP8,18,285,T,0.0031426302
Q6UWP8_A419G,Q6UWP8,18,286,A,0.0011627546
Q6UWP8_A419G,Q6UWP8,18,287,G,0.0010798682
Q6UWP8_A419G,Q6UWP8,18,288,Q,0.0017748384
Q6UWP8_A419G,Q6UWP8,18,289,V,0.00079614803
Q6UWP8_A419G,Q6UWP8,18,290,G,0.0005841468
Q6UWP8_A419G,Q6UWP8,18,291,K,0.00066820974
Q6UWP8_A419G,Q6UWP8,18,292,E,0.0010569274
Q6UWP8_A419G,Q6UWP8,18,293,A,0.0012959897
Q6UWP8_A419G,Q6UWP8,18,294,E,0.0009175084
Q6UWP8_A419G,Q6UWP8,18,295,K,0.0008037049
Q6UWP8_A419G,Q6UWP8,18,296,F,0.0011097796
Q6UWP8_A419G,Q6UWP8,18,297,G,0.0005369226
Q6UWP8_A419G,Q6UWP8,18,298,Q,0.00166678
Q6UWP8_A419G,Q6UWP8,18,299,G,0.0007747645
Q6UWP8_A419G,Q6UWP8,18,300,A,0.005555308
Q6UWP8_A419G,Q6UWP8,18,301,H,0.0060102437
Q6UWP8_A419G,Q6UWP8,18,302,H,0.0070293285
Q6UWP8_A419G,Q6UWP8,18,303,A,0.0011080694
Q6UWP8_A419G,Q6UWP8,18,304,A,0.0010768974
Q6UWP8_A419G,Q6UWP8,18,305,G,0.00076504826
Q6UWP8_A419G,Q6UWP8,18,306,Q,0.0011952228
Q6UWP8_A419G,Q6UWP8,18,307,A,0.0011012288
Q6UWP8_A419G,Q6UWP8,18,308,G,0.0006064055
Q6UWP8_A419G,Q6UWP8,18,309,N,0.00089950865
Q6UWP8_A419G,Q6UWP8,18,310,E,0.0006567282
Q6UWP8_A419G,Q6UWP8,18,311,A,0.0010822793
Q6UWP8_A419G,Q6UWP8,18,312,G,0.00063654705
Q6UWP8_A419G,Q6UWP8,18,313,R,0.0006120188
Q6UWP8_A419G,Q6UWP8,18,314,F,0.0010526007
Q6UWP8_A419G,Q6UWP8,18,315,G,0.0005659456
Q6UWP8_A419G,Q6UWP8,18,316,Q,0.0016287552
Q6UWP8_A419G,Q6UWP8,18,317,G,0.0010634183
Q6UWP8_A419G,Q6UWP8,18,318,A,0.0038413696
Q6UWP8_A419G,Q6UWP8,18,319,H,0.0046366
Q6UWP8_A419G,Q6UWP8,18,320,H,0.0087470645
Q6UWP8_A419G,Q6UWP8,18,321,A,0.0011235423
Q6UWP8_A419G,Q6UWP8,18,322,A,0.00088155805
Q6UWP8_A419G,Q6UWP8,18,323,G,0.00066380383
Q6UWP8_A419G,Q6UWP8,18,324,Q,0.0010891368
Q6UWP8_A419G,Q6UWP8,18,325,A,0.0011513057
Q6UWP8_A419G,Q6UWP8,18,326,G,0.0005672886
Q6UWP8_A419G,Q6UWP8,18,327,N,0.00085699
Q6UWP8_A419G,Q6UWP8,18,328,E,0.00064758066
Q6UWP8_A419G,Q6UWP8,18,329,A,0.0009797089
Q6UWP8_A419G,Q6UWP8,18,330,G,0.0006161279
Q6UWP8_A419G,Q6UWP8,18,331,R,0.0005795772
Q6UWP8_A419G,Q6UWP8,18,332,F,0.0010357653
Q6UWP8_A419G,Q6UWP8,18,333,G,0.0006292807
Q6UWP8_A419G,Q6UWP8,18,334,Q,0.0028003762
Q6UWP8_A419G,Q6UWP8,18,335,G,0.0007929959
Q6UWP8_A419G,Q6UWP8,18,336,V,0.0008819791
Q6UWP8_A419G,Q6UWP8,18,337,H,0.004853001
Q6UWP8_A419G,Q6UWP8,18,338,H,0.004535189
Q6UWP8_A419G,Q6UWP8,18,339,G,0.0008368633
Q6UWP8_A419G,Q6UWP8,18,340,L,0.0017449044
Q6UWP8_A419G,Q6UWP8,18,341,S,0.0017873917
Q6UWP8_A419G,Q6UWP8,18,342,E,0.0022572007
Q6UWP8_A419G,Q6UWP8,18,343,G,0.000588696
Q6UWP8_A419G,Q6UWP8,18,344,W,0.0010775895
Q6UWP8_A419G,Q6UWP8,18,345,K,0.0006868459
Q6UWP8_A419G,Q6UWP8,18,346,E,0.0014612306
Q6UWP8_A419G,Q6UWP8,18,347,T,0.0016092845
Q6UWP8_A419G,Q6UWP8,18,348,E,0.0012041533
Q6UWP8_A419G,Q6UWP8,18,349,K,0.00080042594
Q6UWP8_A419G,Q6UWP8,18,350,F,0.0010721737
Q6UWP8_A419G,Q6UWP8,18,351,G,0.0007403647
Q6UWP8_A419G,Q6UWP8,18,352,Q,0.00424752
Q6UWP8_A419G,Q6UWP8,18,353,G,0.0007706492
Q6UWP8_A419G,Q6UWP8,18,354,V,0.001077972
Q6UWP8_A419G,Q6UWP8,18,355,H,0.004385985
Q6UWP8_A419G,Q6UWP8,18,356,H,0.01017932
Q6UWP8_A419G,Q6UWP8,18,357,A,0.0022150388
Q6UWP8_A419G,Q6UWP8,18,358,A,0.0016248878
Q6UWP8_A419G,Q6UWP8,18,359,S,0.0013377689
Q6UWP8_A419G,Q6UWP8,18,360,Q,0.0006969076
Q6UWP8_A419G,Q6UWP8,18,361,F,0.0030260773
Q6UWP8_A419G,Q6UWP8,18,362,G,0.0007588388
Q6UWP8_A419G,Q6UWP8,18,363,K,0.0005932481
Q6UWP8_A419G,Q6UWP8,18,364,E,0.0009169983
Q6UWP8_A419G,Q6UWP8,18,365,T,0.00135755
Q6UWP8_A419G,Q6UWP8,18,366,E,0.00093176856
Q6UWP8_A419G,Q6UWP8,18,367,K,0.0007722733
Q6UWP8_A419G,Q6UWP8,18,368,L,0.0018560751
Q6UWP8_A419G,Q6UWP8,18,369,G,0.0015779438
Q6UWP8_A419G,Q6UWP8,18,370,H,0.0027169588
Q6UWP8_A419G,Q6UWP8,18,371,G,0.0014194121
Q6UWP8_A419G,Q6UWP8,18,372,V,0.0009377784
Q6UWP8_A419G,Q6UWP8,18,373,H,0.0013716188
Q6UWP8_A419G,Q6UWP8,18,374,H,0.0009691653
Q6UWP8_A419G,Q6UWP8,18,375,G,0.0035399746
Q6UWP8_A419G,Q6UWP8,18,376,V,0.00095521705
Q6UWP8_A419G,Q6UWP8,18,377,N,0.0007455622
Q6UWP8_A419G,Q6UWP8,18,378,E,0.0011118037
Q6UWP8_A419G,Q6UWP8,18,379,A,0.0023178952
Q6UWP8_A419G,Q6UWP8,18,380,W,0.0024272085
Q6UWP8_A419G,Q6UWP8,18,381,K,0.00051824
Q6UWP8_A419G,Q6UWP8,18,382,E,0.0006901718
Q6UWP8_A419G,Q6UWP8,18,383,A,0.0016440422
Q6UWP8_A419G,Q6UWP8,18,384,E,0.0009733624
Q6UWP8_A419G,Q6UWP8,18,385,K,0.0007733833
Q6UWP8_A419G,Q6UWP8,18,386,F,0.0018137309
Q6UWP8_A419G,Q6UWP8,18,387,G,0.0005515723
Q6UWP8_A419G,Q6UWP8,18,388,Q,0.002049211
Q6UWP8_A419G,Q6UWP8,18,389,G,0.0008063436
Q6UWP8_A419G,Q6UWP8,18,390,V,0.0013280803
Q6UWP8_A419G,Q6UWP8,18,391,H,0.0026580573
Q6UWP8_A419G,Q6UWP8,18,392,H,0.005352497
Q6UWP8_A419G,Q6UWP8,18,393,A,0.0018981411
Q6UWP8_A419G,Q6UWP8,18,394,A,0.001539538
Q6UWP8_A419G,Q6UWP8,18,395,S,0.0011006139
Q6UWP8_A419G,Q6UWP8,18,396,Q,0.0006063695
Q6UWP8_A419G,Q6UWP8,18,397,V,0.0009304522
Q6UWP8_A419G,Q6UWP8,18,398,G,0.00071726646
Q6UWP8_A419G,Q6UWP8,18,399,K,0.0006390688
Q6UWP8_A419G,Q6UWP8,18,400,E,0.00050332944
Q6UWP8_A419G,Q6UWP8,18,401,E,0.0031812973
Q6UWP8_A419G,Q6UWP8,18,402,D,0.0012283168
Q6UWP8_A419G,Q6UWP8,18,403,R,0.0006048896
Q6UWP8_A419G,Q6UWP8,18,404,V,0.0013160869
Q6UWP8_A419G,Q6UWP8,18,405,V,0.0006388982
Q6UWP8_A419G,Q6UWP8,18,406,Q,0.0008333584
Q6UWP8_A419G,Q6UWP8,18,407,G,0.0011323001
Q6UWP8_A419G,Q6UWP8,18,408,L,0.0027190212
Q6UWP8_A419G,Q6UWP8,18,409,H,0.0019935789
Q6UWP8_A419G,Q6UWP8,18,410,H,0.0016568538
Q6UWP8_A419G,Q6UWP8,18,411,G,0.0014782696
Q6UWP8_A419G,Q6UWP8,18,412,V,0.00068481953
Q6UWP8_A419G,Q6UWP8,18,413,S,0.00858819
Q6UWP8_A419G,Q6UWP8,18,414,Q,0.0009707036
Q6UWP8_A419G,Q6UWP8,18,415,A,0.0016361275
Q6UWP8_A419G,Q6UWP8,18,416,G,0.005282938
Q6UWP8_A419G,Q6UWP8,18,417,R,0.0006380273
Q6UWP8_A419G,Q6UWP8,18,418,E,0.0005654126
Q6UWP8_A419G,Q6UWP8,18,419,G,0.0015601978
Q6UWP8_A419G,Q6UWP8,18,420,G,0.00094506633
Q6UWP8_A419G,Q6UWP8,18,421,Q,0.000673239
Q6UWP8_A419G,Q6UWP8,18,422,F,0.0008404763
Q6UWP8_A419G,Q6UWP8,18,423,G,0.0009052215
Q6UWP8_A419G,Q6UWP8,18,424,H,0.001369257
Q6UWP8_A419G,Q6UWP8,18,425,D,0.003446316
Q6UWP8_A419G,Q6UWP8,18,426,I,0.0010642733
Q6UWP8_A419G,Q6UWP8,18,427,H,0.0012531946
Q6UWP8_A419G,Q6UWP8,18,428,H,0.0014812725
Q6UWP8_A419G,Q6UWP8,18,429,T,0.0022804388
Q6UWP8_A419G,Q6UWP8,18,430,A,0.004090711
Q6UWP8_A419G,Q6UWP8,18,431,G,0.0012285846
Q6UWP8_A419G,Q6UWP8,18,432,Q,0.0006219704
Q6UWP8_A419G,Q6UWP8,18,433,A,0.0022847552
Q6UWP8_A419G,Q6UWP8,18,434,G,0.000955283
Q6UWP8_A419G,Q6UWP8,18,435,K,0.0007836588
Q6UWP8_A419G,Q6UWP8,18,436,E,0.0006822577
Q6UWP8_A419G,Q6UWP8,18,437,G,0.003003815
Q6UWP8_A419G,Q6UWP8,18,438,D,0.0008819302
Q6UWP8_A419G,Q6UWP8,18,439,I,0.0006792738
Q6UWP8_A419G,Q6UWP8,18,440,A,0.0026201939
Q6UWP8_A419G,Q6UWP8,18,441,V,0.0006918152
Q6UWP8_A419G,Q6UWP8,18,442,H,0.0011142718
Q6UWP8_A419G,Q6UWP8,18,443,G,0.002814047
Q6UWP8_A419G,Q6UWP8,18,444,V,0.0013732926
Q6UWP8_A419G,Q6UWP8,18,445,Q,0.0012516651
Q6UWP8_A419G,Q6UWP8,18,446,P,0.0008427725
Q6UWP8_A419G,Q6UWP8,18,447,G,0.0020967375
Q6UWP8_A419G,Q6UWP8,18,448,V,0.00082528
Q6UWP8_A419G,Q6UWP8,18,449,H,0.0006800198
Q6UWP8_A419G,Q6UWP8,18,450,E,0.00076561386
Q6UWP8_A419G,Q6UWP8,18,451,A,0.0015018256
Q6UWP8_A419G,Q6UWP8,18,452,G,0.0020290143
Q6UWP8_A419G,Q6UWP8,18,453,K,0.0005560719
Q6UWP8_A419G,Q6UWP8,18,454,E,0.00070014904
Q6UWP8_A419G,Q6UWP8,18,455,A,0.0014808576
Q6UWP8_A419G,Q6UWP8,18,456,G,0.00087559817
Q6UWP8_A419G,Q6UWP8,18,457,Q,0.000705779
Q6UWP8_A419G,Q6UWP8,18,458,F,0.0011417319
Q6UWP8_A419G,Q6UWP8,18,459,G,0.00087820395
Q6UWP8_A419G,Q6UWP8,18,460,Q,0.0008434913
Q6UWP8_A419G,Q6UWP8,18,461,G,0.0008599784
Q6UWP8_A419G,Q6UWP8,18,462,V,0.00071565906
Q6UWP8_A419G,Q6UWP8,18,463,H,0.0011923652
Q6UWP8_A419G,Q6UWP8,18,464,H,0.001693085
Q6UWP8_A419G,Q6UWP8,18,465,T,0.0013152213
Q6UWP8_A419G,Q6UWP8,18,466,L,0.0015083778
Q6UWP8_A419G,Q6UWP8,18,467,E,0.0014688928
Q6UWP8_A419G,Q6UWP8,18,468,Q,0.000599191
Q6UWP8_A419G,Q6UWP8,18,469,A,0.0020464605
Q6UWP8_A419G,Q6UWP8,18,470,G,0.0014940567
Q6UWP8_A419G,Q6UWP8,18,471,K,0.00056726416
Q6UWP8_A419G,Q6UWP8,18,472,E,0.0010582159
Q6UWP8_A419G,Q6UWP8,18,473,A,0.0020646167
Q6UWP8_A419G,Q6UWP8,18,474,D,0.001375791
Q6UWP8_A419G,Q6UWP8,18,475,K,0.00066155026
Q6UWP8_A419G,Q6UWP8,18,476,A,0.0018986266
Q6UWP8_A419G,Q6UWP8,18,477,V,0.00073076313
Q6UWP8_A419G,Q6UWP8,18,478,Q,0.0006546169
Q6UWP8_A419G,Q6UWP8,18,479,G,0.0010860135
Q6UWP8_A419G,Q6UWP8,18,480,F,0.0017543116
Q6UWP8_A419G,Q6UWP8,18,481,H,0.0012013266
Q6UWP8_A419G,Q6UWP8,18,482,T,0.0017795713
Q6UWP8_A419G,Q6UWP8,18,483,G,0.0020700383
Q6UWP8_A419G,Q6UWP8,18,484,V,0.0006342321
Q6UWP8_A419G,Q6UWP8,18,485,H,0.0009164586
Q6UWP8_A419G,Q6UWP8,18,486,Q,0.00078408193
Q6UWP8_A419G,Q6UWP8,18,487,A,0.002629303
Q6UWP8_A419G,Q6UWP8,18,488,G,0.0038293044
Q6UWP8_A419G,Q6UWP8,18,489,K,0.00066861056
Q6UWP8_A419G,Q6UWP8,18,490,E,0.000840972
Q6UWP8_A419G,Q6UWP8,18,491,A,0.002261221
Q6UWP8_A419G,Q6UWP8,18,492,E,0.0008791246
Q6UWP8_A419G,Q6UWP8,18,493,K,0.00074471696
Q6UWP8_A419G,Q6UWP8,18,494,L,0.0015246535
Q6UWP8_A419G,Q6UWP8,18,495,G,0.0010171138
Q6UWP8_A419G,Q6UWP8,18,496,Q,0.0012458708
Q6UWP8_A419G,Q6UWP8,18,497,G,0.0010063172
Q6UWP8_A419G,Q6UWP8,18,498,V,0.0009114848
Q6UWP8_A419G,Q6UWP8,18,499,N,0.0008962917
Q6UWP8_A419G,Q6UWP8,18,500,H,0.0011144241
Q6UWP8_A419G,Q6UWP8,18,501,A,0.00285735
Q6UWP8_A419G,Q6UWP8,18,502,A,0.0016574685
Q6UWP8_A419G,Q6UWP8,18,503,D,0.0023693019
Q6UWP8_A419G,Q6UWP8,18,504,Q,0.0008991523
Q6UWP8_A419G,Q6UWP8,18,505,A,0.002433476
Q6UWP8_A419G,Q6UWP8,18,506,G,0.00062201225
Q6UWP8_A419G,Q6UWP8,18,507,K,0.0005529405
Q6UWP8_A419G,Q6UWP8,18,508,E,0.0006696547
Q6UWP8_A419G,Q6UWP8,18,509,V,0.00083133037
Q6UWP8_A419G,Q6UWP8,18,510,E,0.0013815588
Q6UWP8_A419G,Q6UWP8,18,511,K,0.0008036117
Q6UWP8_A419G,Q6UWP8,18,512,L,0.0012147014
Q6UWP8_A419G,Q6UWP8,18,513,G,0.001091115
Q6UWP8_A419G,Q6UWP8,18,514,Q,0.0011084134
Q6UWP8_A419G,Q6UWP8,18,515,G,0.0013625632
Q6UWP8_A419G,Q6UWP8,18,516,A,0.0055003767
Q6UWP8_A419G,Q6UWP8,18,517,H,0.0015435403
Q6UWP8_A419G,Q6UWP8,18,518,H,0.0024330784
Q6UWP8_A419G,Q6UWP8,18,519,A,0.0018585616
Q6UWP8_A419G,Q6UWP8,18,520,A,0.0021294993
Q6UWP8_A419G,Q6UWP8,18,521,G,0.0013690795
Q6UWP8_A419G,Q6UWP8,18,522,Q,0.00096557784
Q6UWP8_A419G,Q6UWP8,18,523,A,0.0019220987
Q6UWP8_A419G,Q6UWP8,18,524,G,0.0014866182
Q6UWP8_A419G,Q6UWP8,18,525,K,0.0006654358
Q6UWP8_A419G,Q6UWP8,18,526,E,0.0009477517
Q6UWP8_A419G,Q6UWP8,18,527,L,0.0011414258
Q6UWP8_A419G,Q6UWP8,18,528,Q,0.0008190301
Q6UWP8_A419G,Q6UWP8,18,529,N,0.0010707164
Q6UWP8_A419G,Q6UWP8,18,530,A,0.005689804
Q6UWP8_A419G,Q6UWP8,18,531,H,0.0014305856
Q6UWP8_A419G,Q6UWP8,18,532,N,0.00075131224
Q6UWP8_A419G,Q6UWP8,18,533,G,0.00459041
Q6UWP8_A419G,Q6UWP8,18,534,V,0.0010396389
Q6UWP8_A419G,Q6UWP8,18,535,N,0.00115356
Q6UWP8_A419G,Q6UWP8,18,536,Q,0.0008887028
Q6UWP8_A419G,Q6UWP8,18,537,A,0.0018441336
Q6UWP8_A419G,Q6UWP8,18,538,S,0.0031511686
Q6UWP8_A419G,Q6UWP8,18,539,K,0.0010098129
Q6UWP8_A419G,Q6UWP8,18,540,E,0.0008845281
Q6UWP8_A419G,Q6UWP8,18,541,A,0.0016801166
Q6UWP8_A419G,Q6UWP8,18,542,N,0.0011750672
Q6UWP8_A419G,Q6UWP8,18,543,Q,0.0011302669
Q6UWP8_A419G,Q6UWP8,18,544,L,0.0013114195
Q6UWP8_A419G,Q6UWP8,18,545,L,0.001359708
Q6UWP8_A419G,Q6UWP8,18,546,N,0.00079457194
Q6UWP8_A419G,Q6UWP8,18,547,G,0.00097287225
Q6UWP8_A419G,Q6UWP8,18,548,N,0.002964455
Q6UWP8_A419G,Q6UWP8,18,549,H,0.00071704865
Q6UWP8_A419G,Q6UWP8,18,550,Q,0.00080051506
Q6UWP8_A419G,Q6UWP8,18,551,S,0.0013360472
Q6UWP8_A419G,Q6UWP8,18,552,G,0.0010727419
Q6UWP8_A419G,Q6UWP8,18,553,S,0.001012356
Q6UWP8_A419G,Q6UWP8,18,554,S,0.00068269577
Q6UWP8_A419G,Q6UWP8,18,555,S,0.0011001255
Q6UWP8_A419G,Q6UWP8,18,556,H,0.00063055666
Q6UWP8_A419G,Q6UWP8,18,557,Q,0.00090204447
Q6UWP8_A419G,Q6UWP8,18,558,G,0.0007719924
Q6UWP8_A419G,Q6UWP8,18,559,G,0.00086114014
Q6UWP8_A419G,Q6UWP8,18,560,A,0.0014318271
Q6UWP8_A419G,Q6UWP8,18,561,T,0.0012224705
Q6UWP8_A419G,Q6UWP8,18,562,T,0.0011410811
Q6UWP8_A419G,Q6UWP8,18,563,T,0.0008194322
Q6UWP8_A419G,Q6UWP8,18,564,P,0.0007782385
Q6UWP8_A419G,Q6UWP8,18,565,L,0.0010834597
Q6UWP8_A419G,Q6UWP8,18,566,A,0.00232773
Q6UWP8_A419G,Q6UWP8,18,567,S,0.0008866089
Q6UWP8_A419G,Q6UWP8,18,568,G,0.00082542305
Q6UWP8_A419G,Q6UWP8,18,569,A,0.0010369137
Q6UWP8_A419G,Q6UWP8,18,570,S,0.0008275211
Q6UWP8_A419G,Q6UWP8,18,571,V,0.0008835555
Q6UWP8_A419G,Q6UWP8,18,572,N,0.0026033255
Q6UWP8_A419G,Q6UWP8,18,573,T,0.00273296
Q6UWP8_A419G,Q6UWP8,18,574,P,0.0016273364
Q6UWP8_A419G,Q6UWP8,18,575,F,0.0022896614
Q6UWP8_A419G,Q6UWP8,18,576,I,0.0016529689
Q6UWP8_A419G,Q6UWP8,18,577,N,0.00219873
Q6UWP8_A419G,Q6UWP8,18,578,L,0.00097611366
Q6UWP8_A419G,Q6UWP8,18,579,P,0.004043948
Q6UWP8_A419G,Q6UWP8,18,580,A,0.0014043698
Q6UWP8_A419G,Q6UWP8,18,581,L,0.0011021957
Q6UWP8_A419G,Q6UWP8,18,582,W,0.0024553535
Q6UWP8_A419G,Q6UWP8,18,583,R,0.0016515633
Q6UWP8_A419G,Q6UWP8,18,584,S,0.0024518864
Q6UWP8_A419G,Q6UWP8,18,585,V,0.0011625997
Q6UWP8_A419G,Q6UWP8,18,586,A,0.0021091402
Q6UWP8_A419G,Q6UWP8,18,587,N,0.0019847353
Q6UWP8_A419G,Q6UWP8,18,588,I,0.004439471
Q6UWP8_A419G,Q6UWP8,18,589,M,0.008286966
Q6UWP8_A419G,Q6UWP8,18,590,P,0.0012230404
WT_Q6TCH4-4,Q6TCH4-4,19,1,M,0.0016407233
WT_Q6TCH4-4,Q6TCH4-4,19,2,S,0.0013967659
WT_Q6TCH4-4,Q6TCH4-4,19,3,G,0.001355731
WT_Q6TCH4-4,Q6TCH4-4,19,4,Y,0.0012074265
WT_Q6TCH4-4,Q6TCH4-4,19,5,R,0.0008397528
WT_Q6TCH4-4,Q6TCH4-4,19,6,R,0.0014577295
WT_Q6TCH4-4,Q6TCH4-4,19,7,P,0.0022543445
WT_Q6TCH4-4,Q6TCH4-4,19,8,T,0.0014036577
WT_Q6TCH4-4,Q6TCH4-4,19,9,S,0.0011141069
WT_Q6TCH4-4,Q6TCH4-4,19,10,S,0.001269382
WT_Q6TCH4-4,Q6TCH4-4,19,11,A,0.001169498
WT_Q6TCH4-4,Q6TCH4-4,19,12,L,0.00088842824
WT_Q6TCH4-4,Q6TCH4-4,19,13,D,0.0030028492
WT_Q6TCH4-4,Q6TCH4-4,19,14,C,0.0033273054
WT_Q6TCH4-4,Q6TCH4-4,19,15,V,0.0016142911
WT_Q6TCH4-4,Q6TCH4-4,19,16,L,0.00078533235
WT_Q6TCH4-4,Q6TCH4-4,19,17,S,0.00094493636
WT_Q6TCH4-4,Q6TCH4-4,19,18,S,0.0012960109
WT_Q6TCH4-4,Q6TCH4-4,19,19,F,0.002083263
WT_Q6TCH4-4,Q6TCH4-4,19,20,Q,0.0025402005
WT_Q6TCH4-4,Q6TCH4-4,19,21,M,0.00083731604
WT_Q6TCH4-4,Q6TCH4-4,19,22,T,0.0019323473
WT_Q6TCH4-4,Q6TCH4-4,19,23,N,0.0011191643
WT_Q6TCH4-4,Q6TCH4-4,19,24,E,0.0013645785
WT_Q6TCH4-4,Q6TCH4-4,19,25,T,0.00096354325
WT_Q6TCH4-4,Q6TCH4-4,19,26,V,0.0006883068
WT_Q6TCH4-4,Q6TCH4-4,19,27,N,0.0020477187
WT_Q6TCH4-4,Q6TCH4-4,19,28,I,0.002065393
WT_Q6TCH4-4,Q6TCH4-4,19,29,W,0.0021319957
WT_Q6TCH4-4,Q6TCH4-4,19,30,T,0.00097058783
WT_Q6TCH4-4,Q6TCH4-4,19,31,H,0.022677097
WT_Q6TCH4-4,Q6TCH4-4,19,32,F,0.005188568
WT_Q6TCH4-4,Q6TCH4-4,19,33,L,0.0011868976
WT_Q6TCH4-4,Q6TCH4-4,19,34,P,0.0016877872
WT_Q6TCH4-4,Q6TCH4-4,19,35,T,0.0013442228
WT_Q6TCH4-4,Q6TCH4-4,19,36,W,0.0019683028
WT_Q6TCH4-4,Q6TCH4-4,19,37,Y,0.0011348316
WT_Q6TCH4-4,Q6TCH4-4,19,38,F,0.003953287
WT_Q6TCH4-4,Q6TCH4-4,19,39,L,0.0013416709
WT_Q6TCH4-4,Q6TCH4-4,19,40,W,0.0010506607
WT_Q6TCH4-4,Q6TCH4-4,19,41,R,0.0014007733
WT_Q6TCH4-4,Q6TCH4-4,19,42,L,0.0010956551
WT_Q6TCH4-4,Q6TCH4-4,19,43,L,0.0020200051
WT_Q6TCH4-4,Q6TCH4-4,19,44,A,0.012034009
WT_Q6TCH4-4,Q6TCH4-4,19,45,L,0.0018275051
WT_Q6TCH4-4,Q6TCH4-4,19,46,A,0.0021880907
WT_Q6TCH4-4,Q6TCH4-4,19,47,G,0.0040420936
WT_Q6TCH4-4,Q6TCH4-4,19,48,G,0.0025943203
WT_Q6TCH4-4,Q6TCH4-4,19,49,P,0.0044929394
WT_Q6TCH4-4,Q6TCH4-4,19,50,G,0.002009512
WT_Q6TCH4-4,Q6TCH4-4,19,51,F,0.0043104156
WT_Q6TCH4-4,Q6TCH4-4,19,52,R,0.0037252624
WT_Q6TCH4-4,Q6TCH4-4,19,53,A,0.004359446
WT_Q6TCH4-4,Q6TCH4-4,19,54,E,0.002716316
WT_Q6TCH4-4,Q6TCH4-4,19,55,P,0.007338196
WT_Q6TCH4-4,Q6TCH4-4,19,56,Y,0.0017569057
WT_Q6TCH4-4,Q6TCH4-4,19,57,H,0.0023256678
WT_Q6TCH4-4,Q6TCH4-4,19,58,W,0.0061593214
WT_Q6TCH4-4,Q6TCH4-4,19,59,P,0.0013513926
WT_Q6TCH4-4,Q6TCH4-4,19,60,L,0.0009575444
WT_Q6TCH4-4,Q6TCH4-4,19,61,L,0.0011753727
WT_Q6TCH4-4,Q6TCH4-4,19,62,V,0.002935151
WT_Q6TCH4-4,Q6TCH4-4,19,63,F,0.0021700116
WT_Q6TCH4-4,Q6TCH4-4,19,64,L,0.0014577133
WT_Q6TCH4-4,Q6TCH4-4,19,65,L,0.009064093
WT_Q6TCH4-4,Q6TCH4-4,19,66,P,0.0017984116
WT_Q6TCH4-4,Q6TCH4-4,19,67,A,0.0015471852
WT_Q6TCH4-4,Q6TCH4-4,19,68,C,0.0010617574
WT_Q6TCH4-4,Q6TCH4-4,19,69,L,0.0036194965
WT_Q6TCH4-4,Q6TCH4-4,19,70,Y,0.0014476269
WT_Q6TCH4-4,Q6TCH4-4,19,71,P,0.00228445
WT_Q6TCH4-4,Q6TCH4-4,19,72,F,0.0019221868
WT_Q6TCH4-4,Q6TCH4-4,19,73,A,0.004236487
WT_Q6TCH4-4,Q6TCH4-4,19,74,S,0.0014098267
WT_Q6TCH4-4,Q6TCH4-4,19,75,C,0.0033840735
WT_Q6TCH4-4,Q6TCH4-4,19,76,C,0.0032117134
WT_Q6TCH4-4,Q6TCH4-4,19,77,A,0.0012788854
WT_Q6TCH4-4,Q6TCH4-4,19,78,H,0.002028274
WT_Q6TCH4-4,Q6TCH4-4,19,79,T,0.0008846679
WT_Q6TCH4-4,Q6TCH4-4,19,80,F,0.0029425563
WT_Q6TCH4-4,Q6TCH4-4,19,81,S,0.0018752743
WT_Q6TCH4-4,Q6TCH4-4,19,82,S,0.00433001
WT_Q6TCH4-4,Q6TCH4-4,19,83,M,0.0011595633
WT_Q6TCH4-4,Q6TCH4-4,19,84,S,0.0009115335
WT_Q6TCH4-4,Q6TCH4-4,19,85,P,0.0019130268
WT_Q6TCH4-4,Q6TCH4-4,19,86,R,0.00095091737
WT_Q6TCH4-4,Q6TCH4-4,19,87,M,0.0014300244
WT_Q6TCH4-4,Q6TCH4-4,19,88,R,0.000638578
WT_Q6TCH4-4,Q6TCH4-4,19,89,H,0.0008069067
WT_Q6TCH4-4,Q6TCH4-4,19,90,I,0.0011793197
WT_Q6TCH4-4,Q6TCH4-4,19,91,C,0.0015724504
WT_Q6TCH4-4,Q6TCH4-4,19,92,Y,0.0028118277
WT_Q6TCH4-4,Q6TCH4-4,19,93,F,0.0011293492
WT_Q6TCH4-4,Q6TCH4-4,19,94,L,0.001583593
WT_Q6TCH4-4,Q6TCH4-4,19,95,D,0.0036632747
WT_Q6TCH4-4,Q6TCH4-4,19,96,Y,0.0020843921
WT_Q6TCH4-4,Q6TCH4-4,19,97,G,0.001160205
WT_Q6TCH4-4,Q6TCH4-4,19,98,A,0.00087620347
WT_Q6TCH4-4,Q6TCH4-4,19,99,L,0.0015686965
WT_Q6TCH4-4,Q6TCH4-4,19,100,S,0.0012013363
WT_Q6TCH4-4,Q6TCH4-4,19,101,L,0.0034075903
WT_Q6TCH4-4,Q6TCH4-4,19,102,Y,0.008804093
WT_Q6TCH4-4,Q6TCH4-4,19,103,S,0.006401568
WT_Q6TCH4-4,Q6TCH4-4,19,104,L,0.002439404
WT_Q6TCH4-4,Q6TCH4-4,19,105,G,0.0019931523
WT_Q6TCH4-4,Q6TCH4-4,19,106,C,0.0031586387
WT_Q6TCH4-4,Q6TCH4-4,19,107,A,0.0010142148
WT_Q6TCH4-4,Q6TCH4-4,19,108,F,0.003058768
WT_Q6TCH4-4,Q6TCH4-4,19,109,P,0.0020289244
WT_Q6TCH4-4,Q6TCH4-4,19,110,Y,0.0022139347
WT_Q6TCH4-4,Q6TCH4-4,19,111,A,0.002824488
WT_Q6TCH4-4,Q6TCH4-4,19,112,A,0.001483846
WT_Q6TCH4-4,Q6TCH4-4,19,113,Y,0.00132098
WT_Q6TCH4-4,Q6TCH4-4,19,114,S,0.0020260846
WT_Q6TCH4-4,Q6TCH4-4,19,115,M,0.0018190523
WT_Q6TCH4-4,Q6TCH4-4,19,116,P,0.004626085
WT_Q6TCH4-4,Q6TCH4-4,19,117,A,0.0018038204
WT_Q6TCH4-4,Q6TCH4-4,19,118,S,0.0035099497
WT_Q6TCH4-4,Q6TCH4-4,19,119,W,0.0074058124
WT_Q6TCH4-4,Q6TCH4-4,19,120,L,0.0035820876
WT_Q6TCH4-4,Q6TCH4-4,19,121,H,0.0013478346
WT_Q6TCH4-4,Q6TCH4-4,19,122,G,0.011910591
WT_Q6TCH4-4,Q6TCH4-4,19,123,H,0.0045014094
WT_Q6TCH4-4,Q6TCH4-4,19,124,L,0.0038109017
WT_Q6TCH4-4,Q6TCH4-4,19,125,H,0.0011825684
WT_Q6TCH4-4,Q6TCH4-4,19,126,Q,0.0032201838
WT_Q6TCH4-4,Q6TCH4-4,19,127,F,0.0024521595
WT_Q6TCH4-4,Q6TCH4-4,19,128,F,0.0029263762
WT_Q6TCH4-4,Q6TCH4-4,19,129,V,0.0011666227
WT_Q6TCH4-4,Q6TCH4-4,19,130,P,0.0017950973
WT_Q6TCH4-4,Q6TCH4-4,19,131,A,0.0019393939
WT_Q6TCH4-4,Q6TCH4-4,19,132,A,0.0008908708
WT_Q6TCH4-4,Q6TCH4-4,19,133,A,0.0023680094
WT_Q6TCH4-4,Q6TCH4-4,19,134,L,0.0021926821
WT_Q6TCH4-4,Q6TCH4-4,19,135,N,0.0009550241
WT_Q6TCH4-4,Q6TCH4-4,19,136,S,0.0012690334
WT_Q6TCH4-4,Q6TCH4-4,19,137,F,0.0018280642
WT_Q6TCH4-4,Q6TCH4-4,19,138,L,0.0007702356
WT_Q6TCH4-4,Q6TCH4-4,19,139,C,0.001061853
WT_Q6TCH4-4,Q6TCH4-4,19,140,T,0.0024541907
WT_Q6TCH4-4,Q6TCH4-4,19,141,G,0.0018389993
WT_Q6TCH4-4,Q6TCH4-4,19,142,L,0.0010422476
WT_Q6TCH4-4,Q6TCH4-4,19,143,S,0.0012547242
WT_Q6TCH4-4,Q6TCH4-4,19,144,C,0.0040270444
WT_Q6TCH4-4,Q6TCH4-4,19,145,Y,0.0020589493
WT_Q6TCH4-4,Q6TCH4-4,19,146,S,0.0041890233
WT_Q6TCH4-4,Q6TCH4-4,19,147,R,0.00087607966
WT_Q6TCH4-4,Q6TCH4-4,19,148,F,0.002746436
WT_Q6TCH4-4,Q6TCH4-4,19,149,L,0.0013670181
WT_Q6TCH4-4,Q6TCH4-4,19,150,E,0.00066109287
WT_Q6TCH4-4,Q6TCH4-4,19,151,L,0.0033423936
WT_Q6TCH4-4,Q6TCH4-4,19,152,E,0.0015232051
WT_Q6TCH4-4,Q6TCH4-4,19,153,S,0.0093221115
WT_Q6TCH4-4,Q6TCH4-4,19,154,P,0.004651023
WT_Q6TCH4-4,Q6TCH4-4,19,155,G,0.003551812
WT_Q6TCH4-4,Q6TCH4-4,19,156,L,0.0012119258
WT_Q6TCH4-4,Q6TCH4-4,19,157,S,0.008308776
WT_Q6TCH4-4,Q6TCH4-4,19,158,K,0.0010886309
WT_Q6TCH4-4,Q6TCH4-4,19,159,V,0.0019071297
WT_Q6TCH4-4,Q6TCH4-4,19,160,L,0.0010008854
WT_Q6TCH4-4,Q6TCH4-4,19,161,R,0.0010140679
WT_Q6TCH4-4,Q6TCH4-4,19,162,T,0.002033486
WT_Q6TCH4-4,Q6TCH4-4,19,163,G,0.0014171385
WT_Q6TCH4-4,Q6TCH4-4,19,164,A,0.0013562952
WT_Q6TCH4-4,Q6TCH4-4,19,165,F,0.0018585187
WT_Q6TCH4-4,Q6TCH4-4,19,166,A,0.0021016335
WT_Q6TCH4-4,Q6TCH4-4,19,167,Y,0.00078541244
WT_Q6TCH4-4,Q6TCH4-4,19,168,P,0.001125446
WT_Q6TCH4-4,Q6TCH4-4,19,169,F,0.0020204585
WT_Q6TCH4-4,Q6TCH4-4,19,170,L,0.00092511624
WT_Q6TCH4-4,Q6TCH4-4,19,171,F,0.0018389669
WT_Q6TCH4-4,Q6TCH4-4,19,172,D,0.0008493311
WT_Q6TCH4-4,Q6TCH4-4,19,173,N,0.0028484373
WT_Q6TCH4-4,Q6TCH4-4,19,174,L,0.0005013769
WT_Q6TCH4-4,Q6TCH4-4,19,175,P,0.0019125559
WT_Q6TCH4-4,Q6TCH4-4,19,176,L,0.00094153977
WT_Q6TCH4-4,Q6TCH4-4,19,177,F,0.0015099648
WT_Q6TCH4-4,Q6TCH4-4,19,178,Y,0.0010661576
WT_Q6TCH4-4,Q6TCH4-4,19,179,R,0.0011227967
WT_Q6TCH4-4,Q6TCH4-4,19,180,L,0.001086713
WT_Q6TCH4-4,Q6TCH4-4,19,181,G,0.00640996
WT_Q6TCH4-4,Q6TCH4-4,19,182,L,0.0007146784
WT_Q6TCH4-4,Q6TCH4-4,19,183,C,0.0030989214
WT_Q6TCH4-4,Q6TCH4-4,19,184,W,0.0025262064
WT_Q6TCH4-4,Q6TCH4-4,19,185,G,0.0010146331
WT_Q6TCH4-4,Q6TCH4-4,19,186,R,0.0009772264
WT_Q6TCH4-4,Q6TCH4-4,19,187,G,0.0014265572
WT_Q6TCH4-4,Q6TCH4-4,19,188,H,0.0021782527
WT_Q6TCH4-4,Q6TCH4-4,19,189,G,0.010148441
WT_Q6TCH4-4,Q6TCH4-4,19,190,C,0.004845528
WT_Q6TCH4-4,Q6TCH4-4,19,191,G,0.003611529
WT_Q6TCH4-4,Q6TCH4-4,19,192,Q,0.00093328854
WT_Q6TCH4-4,Q6TCH4-4,19,193,E,0.0015856219
WT_Q6TCH4-4,Q6TCH4-4,19,194,A,0.0015735031
WT_Q6TCH4-4,Q6TCH4-4,19,195,L,0.002048164
WT_Q6TCH4-4,Q6TCH4-4,19,196,S,0.0035172421
WT_Q6TCH4-4,Q6TCH4-4,19,197,T,0.001049061
WT_Q6TCH4-4,Q6TCH4-4,19,198,S,0.0038687277
WT_Q6TCH4-4,Q6TCH4-4,19,199,H,0.0014569971
WT_Q6TCH4-4,Q6TCH4-4,19,200,G,0.0037201585
WT_Q6TCH4-4,Q6TCH4-4,19,201,Y,0.0022599823
WT_Q6TCH4-4,Q6TCH4-4,19,202,H,0.008425185
WT_Q6TCH4-4,Q6TCH4-4,19,203,L,0.0010898462
WT_Q6TCH4-4,Q6TCH4-4,19,204,F,0.004470155
WT_Q6TCH4-4,Q6TCH4-4,19,205,C,0.0023611728
WT_Q6TCH4-4,Q6TCH4-4,19,206,A,0.0011989033
WT_Q6TCH4-4,Q6TCH4-4,19,207,L,0.001200055
WT_Q6TCH4-4,Q6TCH4-4,19,208,L,0.0009931882
WT_Q6TCH4-4,Q6TCH4-4,19,209,T,0.0008730342
WT_Q6TCH4-4,Q6TCH4-4,19,210,G,0.0025465537
WT_Q6TCH4-4,Q6TCH4-4,19,211,F,0.003072858
WT_Q6TCH4-4,Q6TCH4-4,19,212,L,0.0011581786
WT_Q6TCH4-4,Q6TCH4-4,19,213,F,0.0041524386
WT_Q6TCH4-4,Q6TCH4-4,19,214,A,0.0014819823
WT_Q6TCH4-4,Q6TCH4-4,19,215,S,0.0010111562
WT_Q6TCH4-4,Q6TCH4-4,19,216,H,0.019900309
WT_Q6TCH4-4,Q6TCH4-4,19,217,L,0.00124988
WT_Q6TCH4-4,Q6TCH4-4,19,218,P,0.0010999987
WT_Q6TCH4-4,Q6TCH4-4,19,219,E,0.0030704867
WT_Q6TCH4-4,Q6TCH4-4,19,220,R,0.00081009883
WT_Q6TCH4-4,Q6TCH4-4,19,221,L,0.0021537174
WT_Q6TCH4-4,Q6TCH4-4,19,222,A,0.0014702703
WT_Q6TCH4-4,Q6TCH4-4,19,223,P,0.0049225134
WT_Q6TCH4-4,Q6TCH4-4,19,224,G,0.001590143
WT_Q6TCH4-4,Q6TCH4-4,19,225,R,0.0018999411
WT_Q6TCH4-4,Q6TCH4-4,19,226,F,0.0014188753
WT_Q6TCH4-4,Q6TCH4-4,19,227,D,0.0018326343
WT_Q6TCH4-4,Q6TCH4-4,19,228,Y,0.007407429
WT_Q6TCH4-4,Q6TCH4-4,19,229,I,0.0014383369
WT_Q6TCH4-4,Q6TCH4-4,19,230,G,0.0019260743
WT_Q6TCH4-4,Q6TCH4-4,19,231,H,0.061126407
WT_Q6TCH4-4,Q6TCH4-4,19,232,S,0.002647087
WT_Q6TCH4-4,Q6TCH4-4,19,233,H,0.003527645
WT_Q6TCH4-4,Q6TCH4-4,19,234,Q,0.0029771186
WT_Q6TCH4-4,Q6TCH4-4,19,235,L,0.0013331175
WT_Q6TCH4-4,Q6TCH4-4,19,236,F,0.0064548003
WT_Q6TCH4-4,Q6TCH4-4,19,237,H,0.012954975
WT_Q6TCH4-4,Q6TCH4-4,19,238,I,0.0013253258
WT_Q6TCH4-4,Q6TCH4-4,19,239,C,0.0060508656
WT_Q6TCH4-4,Q6TCH4-4,19,240,A,0.00096845266
WT_Q6TCH4-4,Q6TCH4-4,19,241,V,0.0008604846
WT_Q6TCH4-4,Q6TCH4-4,19,242,L,0.0012145091
WT_Q6TCH4-4,Q6TCH4-4,19,243,G,0.002200472
WT_Q6TCH4-4,Q6TCH4-4,19,244,T,0.0023483592
WT_Q6TCH4-4,Q6TCH4-4,19,245,H,0.0032584087
WT_Q6TCH4-4,Q6TCH4-4,19,246,F,0.0017950555
WT_Q6TCH4-4,Q6TCH4-4,19,247,Q,0.00080848153
WT_Q6TCH4-4,Q6TCH4-4,19,248,L,0.0009864403
WT_Q6TCH4-4,Q6TCH4-4,19,249,E,0.005896301
WT_Q6TCH4-4,Q6TCH4-4,19,250,A,0.001137467
WT_Q6TCH4-4,Q6TCH4-4,19,251,V,0.0008198211
WT_Q6TCH4-4,Q6TCH4-4,19,252,L,0.00069237384
WT_Q6TCH4-4,Q6TCH4-4,19,253,A,0.0007094542
WT_Q6TCH4-4,Q6TCH4-4,19,254,D,0.0027061591
WT_Q6TCH4-4,Q6TCH4-4,19,255,M,0.0017978569
WT_Q6TCH4-4,Q6TCH4-4,19,256,G,0.0020480657
WT_Q6TCH4-4,Q6TCH4-4,19,257,S,0.061698064
WT_Q6TCH4-4,Q6TCH4-4,19,258,R,0.001461038
WT_Q6TCH4-4,Q6TCH4-4,19,259,R,0.001867177
WT_Q6TCH4-4,Q6TCH4-4,19,260,A,0.0020721466
WT_Q6TCH4-4,Q6TCH4-4,19,261,W,0.0037627511
WT_Q6TCH4-4,Q6TCH4-4,19,262,L,0.0020577416
WT_Q6TCH4-4,Q6TCH4-4,19,263,A,0.0016370572
WT_Q6TCH4-4,Q6TCH4-4,19,264,T,0.006422729
WT_Q6TCH4-4,Q6TCH4-4,19,265,Q,0.00219533
WT_Q6TCH4-4,Q6TCH4-4,19,266,E,0.0005458404
WT_Q6TCH4-4,Q6TCH4-4,19,267,P,0.0013744441
WT_Q6TCH4-4,Q6TCH4-4,19,268,A,0.0024594914
WT_Q6TCH4-4,Q6TCH4-4,19,269,L,0.0015336598
WT_Q6TCH4-4,Q6TCH4-4,19,270,G,0.005278056
WT_Q6TCH4-4,Q6TCH4-4,19,271,L,0.0017297768
WT_Q6TCH4-4,Q6TCH4-4,19,272,A,0.004180171
WT_Q6TCH4-4,Q6TCH4-4,19,273,G,0.0017564656
WT_Q6TCH4-4,Q6TCH4-4,19,274,T,0.0015286269
WT_Q6TCH4-4,Q6TCH4-4,19,275,V,0.0019124681
WT_Q6TCH4-4,Q6TCH4-4,19,276,A,0.0014498685
WT_Q6TCH4-4,Q6TCH4-4,19,277,T,0.0010494557
WT_Q6TCH4-4,Q6TCH4-4,19,278,L,0.0008587549
WT_Q6TCH4-4,Q6TCH4-4,19,279,V,0.0011277712
WT_Q6TCH4-4,Q6TCH4-4,19,280,L,0.0013077975
WT_Q6TCH4-4,Q6TCH4-4,19,281,A,0.0011821777
WT_Q6TCH4-4,Q6TCH4-4,19,282,A,0.0018747632
WT_Q6TCH4-4,Q6TCH4-4,19,283,A,0.0023197457
WT_Q6TCH4-4,Q6TCH4-4,19,284,G,0.00157063
WT_Q6TCH4-4,Q6TCH4-4,19,285,N,0.0018959311
WT_Q6TCH4-4,Q6TCH4-4,19,286,L,0.0010673791
WT_Q6TCH4-4,Q6TCH4-4,19,287,L,0.0008132705
WT_Q6TCH4-4,Q6TCH4-4,19,288,I,0.000981406
WT_Q6TCH4-4,Q6TCH4-4,19,289,I,0.0009841494
WT_Q6TCH4-4,Q6TCH4-4,19,290,A,0.0021489984
WT_Q6TCH4-4,Q6TCH4-4,19,291,A,0.0018107812
WT_Q6TCH4-4,Q6TCH4-4,19,292,F,0.0013862813
WT_Q6TCH4-4,Q6TCH4-4,19,293,T,0.0020736605
WT_Q6TCH4-4,Q6TCH4-4,19,294,A,0.0038549385
WT_Q6TCH4-4,Q6TCH4-4,19,295,T,0.002070325
WT_Q6TCH4-4,Q6TCH4-4,19,296,L,0.0011390396
WT_Q6TCH4-4,Q6TCH4-4,19,297,L,0.0030531187
WT_Q6TCH4-4,Q6TCH4-4,19,298,R,0.0012774104
WT_Q6TCH4-4,Q6TCH4-4,19,299,A,0.0020859514
WT_Q6TCH4-4,Q6TCH4-4,19,300,P,0.0025661865
WT_Q6TCH4-4,Q6TCH4-4,19,301,S,0.0010120528
WT_Q6TCH4-4,Q6TCH4-4,19,302,T,0.0022039914
WT_Q6TCH4-4,Q6TCH4-4,19,303,C,0.0022952498
WT_Q6TCH4-4,Q6TCH4-4,19,304,P,0.0022464155
WT_Q6TCH4-4,Q6TCH4-4,19,305,L,0.0025287003
WT_Q6TCH4-4,Q6TCH4-4,19,306,L,0.0026018152
WT_Q6TCH4-4,Q6TCH4-4,19,307,Q,0.004066334
WT_Q6TCH4-4,Q6TCH4-4,19,308,G,0.005509606
WT_Q6TCH4-4,Q6TCH4-4,19,309,G,0.0069053792
WT_Q6TCH4-4,Q6TCH4-4,19,310,P,0.012173124
WT_Q6TCH4-4,Q6TCH4-4,19,311,L,0.009107194
WT_Q6TCH4-4,Q6TCH4-4,19,312,E,0.015263606
WT_Q6TCH4-4,Q6TCH4-4,19,313,G,0.009441343
WT_Q6TCH4-4,Q6TCH4-4,19,314,G,0.008424832
WT_Q6TCH4-4,Q6TCH4-4,19,315,T,0.020381052
WT_Q6TCH4-4,Q6TCH4-4,19,316,Q,0.0061124987
WT_Q6TCH4-4,Q6TCH4-4,19,317,A,0.019248616
WT_Q6TCH4-4,Q6TCH4-4,19,318,K,0.004060003
WT_Q6TCH4-4,Q6TCH4-4,19,319,Q,0.0049752537
WT_Q6TCH4-4,Q6TCH4-4,19,320,Q,0.0022762022
WT_Q8WVE7,Q8WVE7,20,1,M,0.0031043382
WT_Q8WVE7,Q8WVE7,20,2,E,0.003917918
WT_Q8WVE7,Q8WVE7,20,3,R,0.0066547017
WT_Q8WVE7,Q8WVE7,20,4,E,0.008805185
WT_Q8WVE7,Q8WVE7,20,5,G,0.0059461654
WT_Q8WVE7,Q8WVE7,20,6,S,0.005046749
WT_Q8WVE7,Q8WVE7,20,7,G,0.0031504298
WT_Q8WVE7,Q8WVE7,20,8,G,0.004553418
WT_Q8WVE7,Q8WVE7,20,9,S,0.004636395
WT_Q8WVE7,Q8WVE7,20,10,G,0.0036663238
WT_Q8WVE7,Q8WVE7,20,11,G,0.0042372155
WT_Q8WVE7,Q8WVE7,20,12,S,0.0045026233
WT_Q8WVE7,Q8WVE7,20,13,A,0.0055449856
WT_Q8WVE7,Q8WVE7,20,14,G,0.010204932
WT_Q8WVE7,Q8WVE7,20,15,L,0.007125123
WT_Q8WVE7,Q8WVE7,20,16,L,0.008612008
WT_Q8WVE7,Q8WVE7,20,17,Q,0.005706899
WT_Q8WVE7,Q8WVE7,20,18,Q,0.008869151
WT_Q8WVE7,Q8WVE7,20,19,I,0.0076946225
WT_Q8WVE7,Q8WVE7,20,20,L,0.006335252
WT_Q8WVE7,Q8WVE7,20,21,S,0.0027494305
WT_Q8WVE7,Q8WVE7,20,22,L,0.003791078
WT_Q8WVE7,Q8WVE7,20,23,K,0.0048083793
WT_Q8WVE7,Q8WVE7,20,24,V,0.0046349275
WT_Q8WVE7,Q8WVE7,20,25,V,0.006126764
WT_Q8WVE7,Q8WVE7,20,26,P,0.010122404
WT_Q8WVE7,Q8WVE7,20,27,R,0.010845221
WT_Q8WVE7,Q8WVE7,20,28,V,0.0055889394
WT_Q8WVE7,Q8WVE7,20,29,G,0.027343884
WT_Q8WVE7,Q8WVE7,20,30,N,0.014693698
WT_Q8WVE7,Q8WVE7,20,31,G,0.0067932424
WT_Q8WVE7,Q8WVE7,20,32,T,0.0038575267
WT_Q8WVE7,Q8WVE7,20,33,L,0.008623958
WT_Q8WVE7,Q8WVE7,20,34,C,0.00816604
WT_Q8WVE7,Q8WVE7,20,35,P,0.0082993945
WT_Q8WVE7,Q8WVE7,20,36,N,0.004533852
WT_Q8WVE7,Q8WVE7,20,37,S,0.0063518677
WT_Q8WVE7,Q8WVE7,20,38,T,0.0034840836
WT_Q8WVE7,Q8WVE7,20,39,S,0.004253796
WT_Q8WVE7,Q8WVE7,20,40,L,0.0020123285
WT_Q8WVE7,Q8WVE7,20,41,C,0.0043136496
WT_Q8WVE7,Q8WVE7,20,42,S,0.013130137
WT_Q8WVE7,Q8WVE7,20,43,F,0.0032459518
WT_Q8WVE7,Q8WVE7,20,44,P,0.009967075
WT_Q8WVE7,Q8WVE7,20,45,E,0.0032435136
WT_Q8WVE7,Q8WVE7,20,46,M,0.0022057353
WT_Q8WVE7,Q8WVE7,20,47,W,0.00837447
WT_Q8WVE7,Q8WVE7,20,48,Y,0.002808771
WT_Q8WVE7,Q8WVE7,20,49,G,0.009109348
WT_Q8WVE7,Q8WVE7,20,50,V,0.002647911
WT_Q8WVE7,Q8WVE7,20,51,F,0.0046101473
WT_Q8WVE7,Q8WVE7,20,52,L,0.0048752963
WT_Q8WVE7,Q8WVE7,20,53,W,0.008673786
WT_Q8WVE7,Q8WVE7,20,54,A,0.0030272154
WT_Q8WVE7,Q8WVE7,20,55,L,0.005548645
WT_Q8WVE7,Q8WVE7,20,56,V,0.0030265904
WT_Q8WVE7,Q8WVE7,20,57,S,0.006744321
WT_Q8WVE7,Q8WVE7,20,58,S,0.017320791
WT_Q8WVE7,Q8WVE7,20,59,L,0.002425825
WT_Q8WVE7,Q8WVE7,20,60,F,0.004279185
WT_Q8WVE7,Q8WVE7,20,61,F,0.0036030195
WT_Q8WVE7,Q8WVE7,20,62,H,0.023086397
WT_Q8WVE7,Q8WVE7,20,63,V,0.003225931
WT_Q8WVE7,Q8WVE7,20,64,P,0.0039518694
WT_Q8WVE7,Q8WVE7,20,65,A,0.0038683903
WT_Q8WVE7,Q8WVE7,20,66,G,0.002912622
WT_Q8WVE7,Q8WVE7,20,67,L,0.006665215
WT_Q8WVE7,Q8WVE7,20,68,L,0.0031508456
WT_Q8WVE7,Q8WVE7,20,69,A,0.0024146072
WT_Q8WVE7,Q8WVE7,20,70,L,0.005289319
WT_Q8WVE7,Q8WVE7,20,71,F,0.004291375
WT_Q8WVE7,Q8WVE7,20,72,T,0.0028534988
WT_Q8WVE7,Q8WVE7,20,73,L,0.013551035
WT_Q8WVE7,Q8WVE7,20,74,R,0.00220215
WT_Q8WVE7,Q8WVE7,20,75,H,0.017251482
WT_Q8WVE7,Q8WVE7,20,76,H,0.018297974
WT_Q8WVE7,Q8WVE7,20,77,K,0.0020441876
WT_Q8WVE7,Q8WVE7,20,78,Y,0.07115761
WT_Q8WVE7,Q8WVE7,20,79,G,0.002867585
WT_Q8WVE7,Q8WVE7,20,80,R,0.003441377
WT_Q8WVE7,Q8WVE7,20,81,F,0.0062982854
WT_Q8WVE7,Q8WVE7,20,82,M,0.0028697706
WT_Q8WVE7,Q8WVE7,20,83,S,0.01180086
WT_Q8WVE7,Q8WVE7,20,84,V,0.0036160129
WT_Q8WVE7,Q8WVE7,20,85,S,0.0058700694
WT_Q8WVE7,Q8WVE7,20,86,I,0.0023835602
WT_Q8WVE7,Q8WVE7,20,87,L,0.0017739477
WT_Q8WVE7,Q8WVE7,20,88,L,0.0040437505
WT_Q8WVE7,Q8WVE7,20,89,M,0.003437206
WT_Q8WVE7,Q8WVE7,20,90,G,0.02243631
WT_Q8WVE7,Q8WVE7,20,91,I,0.0027680227
WT_Q8WVE7,Q8WVE7,20,92,V,0.0021698864
WT_Q8WVE7,Q8WVE7,20,93,G,0.027728608
WT_Q8WVE7,Q8WVE7,20,94,P,0.004053206
WT_Q8WVE7,Q8WVE7,20,95,I,0.0032114687
WT_Q8WVE7,Q8WVE7,20,96,T,0.0020566196
WT_Q8WVE7,Q8WVE7,20,97,A,0.0017999728
WT_Q8WVE7,Q8WVE7,20,98,G,0.009819073
WT_Q8WVE7,Q8WVE7,20,99,I,0.0012768515
WT_Q8WVE7,Q8WVE7,20,100,L,0.002727367
WT_Q8WVE7,Q8WVE7,20,101,T,0.009378658
WT_Q8WVE7,Q8WVE7,20,102,S,0.007424202
WT_Q8WVE7,Q8WVE7,20,103,A,0.0042446335
WT_Q8WVE7,Q8WVE7,20,104,A,0.0032263326
WT_Q8WVE7,Q8WVE7,20,105,I,0.0032222418
WT_Q8WVE7,Q8WVE7,20,106,A,0.00516799
WT_Q8WVE7,Q8WVE7,20,107,G,0.005442552
WT_Q8WVE7,Q8WVE7,20,108,V,0.002127654
WT_Q8WVE7,Q8WVE7,20,109,Y,0.009061078
WT_Q8WVE7,Q8WVE7,20,110,R,0.002084634
WT_Q8WVE7,Q8WVE7,20,111,A,0.0046339226
WT_Q8WVE7,Q8WVE7,20,112,A,0.0043790257
WT_Q8WVE7,Q8WVE7,20,113,G,0.0029344165
WT_Q8WVE7,Q8WVE7,20,114,K,0.008389552
WT_Q8WVE7,Q8WVE7,20,115,E,0.008108727
WT_Q8WVE7,Q8WVE7,20,116,M,0.004543912
WT_Q8WVE7,Q8WVE7,20,117,I,0.02042077
WT_Q8WVE7,Q8WVE7,20,118,P,0.011146443
WT_Q8WVE7,Q8WVE7,20,119,F,0.0025338563
WT_Q8WVE7,Q8WVE7,20,120,E,0.0028309142
WT_Q8WVE7,Q8WVE7,20,121,A,0.0059658354
WT_Q8WVE7,Q8WVE7,20,122,L,0.0033780853
WT_Q8WVE7,Q8WVE7,20,123,T,0.0029521603
WT_Q8WVE7,Q8WVE7,20,124,L,0.020403508
WT_Q8WVE7,Q8WVE7,20,125,G,0.0035180508
WT_Q8WVE7,Q8WVE7,20,126,T,0.013103733
WT_Q8WVE7,Q8WVE7,20,127,G,0.0066999192
WT_Q8WVE7,Q8WVE7,20,128,Q,0.008081037
WT_Q8WVE7,Q8WVE7,20,129,T,0.0077453754
WT_Q8WVE7,Q8WVE7,20,130,F,0.005538388
WT_Q8WVE7,Q8WVE7,20,131,C,0.008733928
WT_Q8WVE7,Q8WVE7,20,132,V,0.0019256562
WT_Q8WVE7,Q8WVE7,20,133,L,0.0028151502
WT_Q8WVE7,Q8WVE7,20,134,V,0.0054565486
WT_Q8WVE7,Q8WVE7,20,135,V,0.0029237715
WT_Q8WVE7,Q8WVE7,20,136,S,0.014860021
WT_Q8WVE7,Q8WVE7,20,137,F,0.006504786
WT_Q8WVE7,Q8WVE7,20,138,L,0.025512336
WT_Q8WVE7,Q8WVE7,20,139,R,0.0024253603
WT_Q8WVE7,Q8WVE7,20,140,I,0.0046781194
WT_Q8WVE7,Q8WVE7,20,141,L,0.002614629
WT_Q8WVE7,Q8WVE7,20,142,A,0.011465959
WT_Q8WVE7,Q8WVE7,20,143,T,0.002497964
WT_Q8WVE7,Q8WVE7,20,144,L,0.005657097
